2026-04-17 14:47:36,161 [INFO] Activator:176 - 


2026-04-17 14:47:36,166 [INFO] Activator:177 - !SESSION log4j initialized
2026-04-17 14:47:42,648 [INFO] LogOutputStream:77 - [STDOUT_REDIRECT] 
2026-04-17 14:47:42,963 [ERROR] LogOutputStream:75 - [STDERR_REDIRECT] 
2026-04-17 14:47:44,284 [INFO] LogOutputStream:77 - [STDOUT_REDIRECT] 
2026-04-17 14:47:45,549 [ERROR] ConfigurationRetriever:142 - IOException on connection: PKIX path building failed: sun.security.provider.certpath.SunCertPathBuilderException: unable to find valid certification path to requested target
2026-04-17 14:47:45,604 [ERROR] ConfigurationRetriever:142 - IOException on connection: PKIX path building failed: sun.security.provider.certpath.SunCertPathBuilderException: unable to find valid certification path to requested target
2026-04-17 14:47:45,642 [ERROR] ConfigurationRetriever:142 - IOException on connection: PKIX path building failed: sun.security.provider.certpath.SunCertPathBuilderException: unable to find valid certification path to requested target
2026-04-17 14:47:45,986 [INFO] ApplicationProperties:184 - Using Application install path: /Applications/STM32CubeIDE.app/Contents/Eclipse/plugins/com.st.stm32cube.common.mx_6.15.0.202507011659
2026-04-17 14:47:45,999 [INFO] DbMcusXml:78 - Set database path to: /Applications/STM32CubeIDE.app/Contents/Eclipse/plugins/com.st.stm32cube.common.mx_6.15.0.202507011659//db//mcu/
2026-04-17 14:47:45,999 [INFO] ApiDb:274 - Set plugin database path to: /Applications/STM32CubeIDE.app/Contents/Eclipse/plugins/com.st.stm32cube.common.mx_6.15.0.202507011659//db//plugins/boardmanager/
2026-04-17 14:47:46,000 [WARN] ApiDb:259 - Overriding images path with different value:  => /Applications/STM32CubeIDE.app/Contents/Eclipse/plugins/com.st.stm32cube.common.mx_6.15.0.202507011659//db//plugins/mcufinder/images/
2026-04-17 14:47:46,006 [INFO] ApiDb:250 - Set database path to: /Users/ggpai/.stmcufinder/plugins/mcufinder//mcu/
2026-04-17 14:47:46,007 [INFO] DbMcusAds:125 - Set database path to: /Users/ggpai/.stmcufinder/plugins/mcufinder//mcu/
2026-04-17 14:47:46,008 [INFO] CrossReferenceDbSqlite:203 - Set database path to: /Users/ggpai/.stmcufinder/plugins/mcufinder//mcu/cs/
2026-04-17 14:47:46,135 [INFO] RulesReader:64 - Compatibility file has been processed (317 Rules)
2026-04-17 14:47:46,188 [INFO] DbMcusXml:78 - Set database path to: /Applications/STM32CubeIDE.app/Contents/Eclipse/plugins/com.st.stm32cube.common.mx_6.15.0.202507011659//db//mcu/
2026-04-17 14:47:46,188 [INFO] ApiDb:274 - Set plugin database path to: /Applications/STM32CubeIDE.app/Contents/Eclipse/plugins/com.st.stm32cube.common.mx_6.15.0.202507011659//db//plugins/boardmanager/
2026-04-17 14:47:46,188 [INFO] ApiDb:261 - Set plugin images path to: /Applications/STM32CubeIDE.app/Contents/Eclipse/plugins/com.st.stm32cube.common.mx_6.15.0.202507011659//db//plugins/mcufinder/images/
2026-04-17 14:47:46,188 [WARN] DbFile:41 - Overriding database path with different value: /Users/ggpai/.stmcufinder/plugins/mcufinder/ => /Users/ggpai/.stmcufinder/plugins/mcufinder
2026-04-17 14:47:46,188 [INFO] ApiDb:250 - Set database path to: /Users/ggpai/.stmcufinder/plugins/mcufinder//mcu/
2026-04-17 14:47:46,188 [WARN] DbFile:41 - Overriding database path with different value: /Users/ggpai/.stmcufinder/plugins/mcufinder/ => /Users/ggpai/.stmcufinder/plugins/mcufinder
2026-04-17 14:47:46,188 [INFO] DbMcusAds:125 - Set database path to: /Users/ggpai/.stmcufinder/plugins/mcufinder//mcu/
2026-04-17 14:47:46,188 [WARN] DbFile:41 - Overriding database path with different value: /Users/ggpai/.stmcufinder/plugins/mcufinder/ => /Users/ggpai/.stmcufinder/plugins/mcufinder
2026-04-17 14:47:46,189 [WARN] DbFile:41 - Overriding database path with different value: /Users/ggpai/.stmcufinder/plugins/mcufinder/ => /Users/ggpai/.stmcufinder/plugins/mcufinder
2026-04-17 14:47:46,189 [INFO] CrossReferenceDbSqlite:203 - Set database path to: /Users/ggpai/.stmcufinder/plugins/mcufinder//mcu/cs/
2026-04-17 14:47:46,250 [INFO] MainPanel:274 - HeapMemory: 268435456
2026-04-17 14:47:46,833 [INFO] DbMcusXml:78 - Set database path to: /Applications/STM32CubeIDE.app/Contents/Eclipse/plugins/com.st.stm32cube.common.mx_6.15.0.202507011659//db//mcu/
2026-04-17 14:47:46,834 [INFO] ApiDb:274 - Set plugin database path to: /Applications/STM32CubeIDE.app/Contents/Eclipse/plugins/com.st.stm32cube.common.mx_6.15.0.202507011659//db//plugins/boardmanager/
2026-04-17 14:47:46,834 [INFO] ApiDb:261 - Set plugin images path to: /Applications/STM32CubeIDE.app/Contents/Eclipse/plugins/com.st.stm32cube.common.mx_6.15.0.202507011659//db//plugins/mcufinder/images/
2026-04-17 14:47:46,835 [WARN] DbFile:41 - Overriding database path with different value: /Users/ggpai/.stmcufinder/plugins/mcufinder/ => /Users/ggpai/.stmcufinder/plugins/mcufinder
2026-04-17 14:47:46,835 [INFO] ApiDb:250 - Set database path to: /Users/ggpai/.stmcufinder/plugins/mcufinder//mcu/
2026-04-17 14:47:46,835 [WARN] DbFile:41 - Overriding database path with different value: /Users/ggpai/.stmcufinder/plugins/mcufinder/ => /Users/ggpai/.stmcufinder/plugins/mcufinder
2026-04-17 14:47:46,836 [INFO] DbMcusAds:125 - Set database path to: /Users/ggpai/.stmcufinder/plugins/mcufinder//mcu/
2026-04-17 14:47:46,836 [WARN] DbFile:41 - Overriding database path with different value: /Users/ggpai/.stmcufinder/plugins/mcufinder/ => /Users/ggpai/.stmcufinder/plugins/mcufinder
2026-04-17 14:47:46,836 [WARN] DbFile:41 - Overriding database path with different value: /Users/ggpai/.stmcufinder/plugins/mcufinder/ => /Users/ggpai/.stmcufinder/plugins/mcufinder
2026-04-17 14:47:46,836 [INFO] CrossReferenceDbSqlite:203 - Set database path to: /Users/ggpai/.stmcufinder/plugins/mcufinder//mcu/cs/
2026-04-17 14:47:46,853 [INFO] ApplicationProperties:184 - Using Application install path: /Applications/STM32CubeIDE.app/Contents/Eclipse/plugins/com.st.stm32cube.common.mx_6.15.0.202507011659
2026-04-17 14:47:46,854 [INFO] PluginManage:196 - Search for loadable plugins [exclusion list=, ]
2026-04-17 14:47:46,856 [INFO] PluginManage:310 - Check plugin analytics
2026-04-17 14:47:47,068 [INFO] AnalyticsPlugin:253 - Accepted Software Licenses: STM32CubeMX.6.17.0
2026-04-17 14:47:47,068 [INFO] AnalyticsPlugin:255 - Accepted CMSIS Pack Licenses: 
2026-04-17 14:47:47,068 [INFO] AnalyticsPlugin:257 - Accepted Firmware Licenses: 
2026-04-17 14:47:47,079 [INFO] PluginManage:359 - Loaded plugin analytics (category:tool,tabindex:-1)
2026-04-17 14:47:47,080 [INFO] PluginManage:310 - Check plugin cadmodel
2026-04-17 14:47:47,096 [INFO] CADModel:105 - Init CAD model plugin
2026-04-17 14:47:47,096 [INFO] PluginManage:359 - Loaded plugin cadmodel (category:power,tabindex:5)
2026-04-17 14:47:47,097 [INFO] PluginManage:310 - Check plugin clock
2026-04-17 14:47:47,109 [INFO] PluginManage:359 - Loaded plugin clock (category:base,tabindex:2)
2026-04-17 14:47:47,109 [INFO] PluginManage:310 - Check plugin ddr
2026-04-17 14:47:47,112 [INFO] PluginManage:359 - Loaded plugin ddr (category:tool,tabindex:6)
2026-04-17 14:47:47,113 [INFO] PluginManage:310 - Check plugin filemanager
2026-04-17 14:47:47,126 [ERROR] ConfigurationRetriever:142 - IOException on connection: PKIX path building failed: sun.security.provider.certpath.SunCertPathBuilderException: unable to find valid certification path to requested target
2026-04-17 14:47:47,168 [ERROR] ConfigurationRetriever:142 - IOException on connection: PKIX path building failed: sun.security.provider.certpath.SunCertPathBuilderException: unable to find valid certification path to requested target
2026-04-17 14:47:47,209 [ERROR] ConfigurationRetriever:142 - IOException on connection: PKIX path building failed: sun.security.provider.certpath.SunCertPathBuilderException: unable to find valid certification path to requested target
2026-04-17 14:47:47,274 [INFO] PluginManage:359 - Loaded plugin filemanager (category:base,tabindex:10)
2026-04-17 14:47:47,274 [INFO] PluginManage:310 - Check plugin ipmanager
2026-04-17 14:47:47,283 [INFO] PluginManage:359 - Loaded plugin ipmanager (category:base,tabindex:5)
2026-04-17 14:47:47,283 [INFO] PluginManage:310 - Check plugin lpbam
2026-04-17 14:47:47,330 [INFO] PluginManage:359 - Loaded plugin lpbam (category:base,tabindex:0)
2026-04-17 14:47:47,330 [INFO] PluginManage:310 - Check plugin memorymap
2026-04-17 14:47:47,342 [INFO] PluginManage:359 - Loaded plugin memorymap (category:base,tabindex:4)
2026-04-17 14:47:47,342 [INFO] PluginManage:310 - Check plugin pinoutandconfiguration
2026-04-17 14:47:47,351 [INFO] PluginManage:359 - Loaded plugin pinoutandconfiguration (category:base,tabindex:1)
2026-04-17 14:47:47,351 [INFO] PluginManage:310 - Check plugin pinoutconfig
2026-04-17 14:47:47,437 [WARN] SupportedApi:132 - Cannot load RTOS API schema: s4s-elt-must-match.1: The content of 'definitions' must match (annotation?, (simpleType | complexType)?, (unique | key | keyref)*)). A problem was found starting at: attribute.
2026-04-17 14:47:47,546 [INFO] PluginManage:359 - Loaded plugin pinoutconfig (category:base,tabindex:0)
2026-04-17 14:47:47,547 [INFO] PluginManage:310 - Check plugin power
2026-04-17 14:47:47,555 [INFO] PluginManage:359 - Loaded plugin power (category:power,tabindex:4)
2026-04-17 14:47:47,555 [INFO] PluginManage:310 - Check plugin projectmanager
2026-04-17 14:47:47,581 [INFO] PluginManage:359 - Loaded plugin projectmanager (category:projectmanager,tabindex:4)
2026-04-17 14:47:47,581 [INFO] PluginManage:310 - Check plugin rif
2026-04-17 14:47:47,589 [INFO] PluginManage:359 - Loaded plugin rif (category:base,tabindex:3)
2026-04-17 14:47:47,589 [INFO] PluginManage:310 - Check plugin thirdparty
2026-04-17 14:47:47,729 [INFO] PluginManage:359 - Loaded plugin thirdparty (category:base,tabindex:-1)
2026-04-17 14:47:47,730 [INFO] PluginManage:310 - Check plugin tools
2026-04-17 14:47:47,729 [WARN] IntegrityCheckThread:84 - waiting for thirdparty lock release [integrity check]
2026-04-17 14:47:47,730 [INFO] IntegrityCheckThread:86 - entering critical section [integrity check]
2026-04-17 14:47:47,730 [INFO] ThirdPartyUpdaterWithRetryManager:70 - Updater plugin not ready yet. [1/15]
2026-04-17 14:47:47,731 [INFO] PluginManage:359 - Loaded plugin tools (category:base,tabindex:7)
2026-04-17 14:47:47,732 [INFO] PluginManage:310 - Check plugin tutovideos
2026-04-17 14:47:47,890 [INFO] PluginManage:359 - Loaded plugin tutovideos (category:base,tabindex:-1)
2026-04-17 14:47:47,890 [INFO] PluginManage:310 - Check plugin updater
2026-04-17 14:47:47,918 [INFO] PluginManage:359 - Loaded plugin updater (category:base,tabindex:12)
2026-04-17 14:47:47,918 [INFO] PluginManage:310 - Check plugin userauth
2026-04-17 14:47:47,923 [INFO] UserAuth:118 - Init User Auth plugin
2026-04-17 14:47:47,924 [INFO] PluginManage:359 - Loaded plugin userauth (category:base,tabindex:14)
2026-04-17 14:47:47,924 [INFO] PluginManage:283 - PluginManage : Loaded plugins [18]
2026-04-17 14:47:48,140 [INFO] PinOutPanel:1589 - setPackage(No Configuration,No Configuration)
2026-04-17 14:47:48,218 [INFO] CADModel:165 - CPN selected for project level
2026-04-17 14:47:48,218 [INFO] CADModel:114 - Register for checkConnection events
2026-04-17 14:47:48,228 [INFO] IPUIPlugin:80 - create IPUIPlugin
2026-04-17 14:47:48,229 [INFO] PluginManager:220 - loadIPPluginJar : add mdma
2026-04-17 14:47:48,233 [INFO] IPUIPlugin:80 - create IPUIPlugin
2026-04-17 14:47:48,234 [INFO] PluginManager:220 - loadIPPluginJar : add freertos
2026-04-17 14:47:48,237 [INFO] IPUIPlugin:80 - create IPUIPlugin
2026-04-17 14:47:48,238 [INFO] PluginManager:220 - loadIPPluginJar : add gic
2026-04-17 14:47:48,244 [INFO] IPUIPlugin:80 - create IPUIPlugin
2026-04-17 14:47:48,244 [INFO] PluginManager:220 - loadIPPluginJar : add adc
2026-04-17 14:47:48,245 [INFO] IPUIPlugin:80 - create IPUIPlugin
2026-04-17 14:47:48,245 [INFO] PluginManager:220 - loadIPPluginJar : add gtzc
2026-04-17 14:47:48,246 [INFO] IPUIPlugin:80 - create IPUIPlugin
2026-04-17 14:47:48,246 [INFO] PluginManager:220 - loadIPPluginJar : add quadspi
2026-04-17 14:47:48,247 [INFO] IPUIPlugin:80 - create IPUIPlugin
2026-04-17 14:47:48,247 [INFO] PluginManager:220 - loadIPPluginJar : add aes
2026-04-17 14:47:48,249 [INFO] IPUIPlugin:80 - create IPUIPlugin
2026-04-17 14:47:48,249 [INFO] PluginManager:220 - loadIPPluginJar : add pdm2pcm
2026-04-17 14:47:48,250 [INFO] IPUIPlugin:80 - create IPUIPlugin
2026-04-17 14:47:48,250 [INFO] PluginManager:220 - loadIPPluginJar : add hash
2026-04-17 14:47:48,251 [INFO] IPUIPlugin:80 - create IPUIPlugin
2026-04-17 14:47:48,251 [INFO] PluginManager:220 - loadIPPluginJar : add tim
2026-04-17 14:47:48,252 [INFO] IPUIPlugin:80 - create IPUIPlugin
2026-04-17 14:47:48,252 [INFO] PluginManager:220 - loadIPPluginJar : add tsc
2026-04-17 14:47:48,254 [INFO] IPUIPlugin:80 - create IPUIPlugin
2026-04-17 14:47:48,254 [INFO] PluginManager:220 - loadIPPluginJar : add extmemmanager
2026-04-17 14:47:48,255 [INFO] IPUIPlugin:80 - create IPUIPlugin
2026-04-17 14:47:48,255 [INFO] PluginManager:220 - loadIPPluginJar : add ts
2026-04-17 14:47:48,256 [INFO] IPUIPlugin:80 - create IPUIPlugin
2026-04-17 14:47:48,256 [INFO] PluginManager:220 - loadIPPluginJar : add radio
2026-04-17 14:47:48,258 [INFO] IPUIPlugin:80 - create IPUIPlugin
2026-04-17 14:47:48,258 [INFO] PluginManager:220 - loadIPPluginJar : add can
2026-04-17 14:47:48,259 [INFO] IPUIPlugin:80 - create IPUIPlugin
2026-04-17 14:47:48,259 [INFO] PluginManager:220 - loadIPPluginJar : add dma3
2026-04-17 14:47:48,260 [INFO] IPUIPlugin:80 - create IPUIPlugin
2026-04-17 14:47:48,261 [INFO] PluginManager:220 - loadIPPluginJar : add dfsdm
2026-04-17 14:47:48,262 [INFO] IPUIPlugin:80 - create IPUIPlugin
2026-04-17 14:47:48,262 [INFO] PluginManager:220 - loadIPPluginJar : add spi
2026-04-17 14:47:48,263 [INFO] IPUIPlugin:80 - create IPUIPlugin
2026-04-17 14:47:48,264 [INFO] PluginManager:220 - loadIPPluginJar : add gfxmmu
2026-04-17 14:47:48,265 [INFO] IPUIPlugin:80 - create IPUIPlugin
2026-04-17 14:47:48,265 [INFO] PluginManager:220 - loadIPPluginJar : add genericplugin
2026-04-17 14:47:48,266 [INFO] IPUIPlugin:80 - create IPUIPlugin
2026-04-17 14:47:48,266 [INFO] PluginManager:220 - loadIPPluginJar : add cryp
2026-04-17 14:47:48,269 [INFO] IPUIPlugin:80 - create IPUIPlugin
2026-04-17 14:47:48,269 [INFO] PluginManager:220 - loadIPPluginJar : add gpio
2026-04-17 14:47:48,271 [INFO] IPUIPlugin:80 - create IPUIPlugin
2026-04-17 14:47:48,272 [INFO] PluginManager:220 - loadIPPluginJar : add ddr_ctrl_phy
2026-04-17 14:47:48,273 [INFO] IPUIPlugin:80 - create IPUIPlugin
2026-04-17 14:47:48,273 [INFO] PluginManager:220 - loadIPPluginJar : add comp
2026-04-17 14:47:48,274 [INFO] IPUIPlugin:80 - create IPUIPlugin
2026-04-17 14:47:48,274 [INFO] PluginManager:220 - loadIPPluginJar : add tracer_emb
2026-04-17 14:47:48,276 [INFO] IPUIPlugin:80 - create IPUIPlugin
2026-04-17 14:47:48,276 [INFO] PluginManager:220 - loadIPPluginJar : add openamp
2026-04-17 14:47:48,279 [INFO] IPUIPlugin:80 - create IPUIPlugin
2026-04-17 14:47:48,279 [INFO] PluginManager:220 - loadIPPluginJar : add stm32_wpan
2026-04-17 14:47:48,282 [INFO] IPUIPlugin:80 - create IPUIPlugin
2026-04-17 14:47:48,283 [INFO] PluginManager:220 - loadIPPluginJar : add plateformsettings
2026-04-17 14:47:48,285 [INFO] IPUIPlugin:80 - create IPUIPlugin
2026-04-17 14:47:48,285 [INFO] PluginManager:220 - loadIPPluginJar : add ipddr
2026-04-17 14:47:48,286 [INFO] IPUIPlugin:80 - create IPUIPlugin
2026-04-17 14:47:48,286 [INFO] PluginManager:220 - loadIPPluginJar : add usart
2026-04-17 14:47:48,287 [INFO] IPUIPlugin:80 - create IPUIPlugin
2026-04-17 14:47:48,287 [INFO] PluginManager:220 - loadIPPluginJar : add ltdc
2026-04-17 14:47:48,289 [INFO] IPUIPlugin:80 - create IPUIPlugin
2026-04-17 14:47:48,289 [INFO] PluginManager:220 - loadIPPluginJar : add nvic
2026-04-17 14:47:48,290 [INFO] IPUIPlugin:80 - create IPUIPlugin
2026-04-17 14:47:48,290 [INFO] PluginManager:220 - loadIPPluginJar : add fatfs
2026-04-17 14:47:48,294 [INFO] IPUIPlugin:80 - create IPUIPlugin
2026-04-17 14:47:48,294 [INFO] PluginManager:220 - loadIPPluginJar : add linkedlist
2026-04-17 14:47:48,297 [INFO] IPUIPlugin:80 - create IPUIPlugin
2026-04-17 14:47:48,297 [INFO] PluginManager:220 - loadIPPluginJar : add dma
2026-04-17 14:47:48,299 [INFO] IPUIPlugin:80 - create IPUIPlugin
2026-04-17 14:47:48,299 [INFO] PluginManager:220 - loadIPPluginJar : add fmc
2026-04-17 14:47:48,301 [INFO] IPUIPlugin:80 - create IPUIPlugin
2026-04-17 14:47:48,301 [INFO] PluginManager:220 - loadIPPluginJar : add i2s
2026-04-17 14:47:48,302 [INFO] IPUIPlugin:80 - create IPUIPlugin
2026-04-17 14:47:48,302 [INFO] PluginManager:220 - loadIPPluginJar : add ucpd
2026-04-17 14:47:48,304 [INFO] IPUIPlugin:80 - create IPUIPlugin
2026-04-17 14:47:48,304 [INFO] PluginManager:220 - loadIPPluginJar : add lorawan
2026-04-17 14:47:48,305 [INFO] IPUIPlugin:80 - create IPUIPlugin
2026-04-17 14:47:48,305 [INFO] PluginManager:220 - loadIPPluginJar : add opamp
2026-04-17 14:47:48,307 [INFO] IPUIPlugin:80 - create IPUIPlugin
2026-04-17 14:47:48,307 [INFO] PluginManager:220 - loadIPPluginJar : add i3c
2026-04-17 14:47:48,308 [INFO] IPUIPlugin:80 - create IPUIPlugin
2026-04-17 14:47:48,308 [INFO] PluginManager:220 - loadIPPluginJar : add touchsensing
2026-04-17 14:47:48,310 [INFO] IPUIPlugin:80 - create IPUIPlugin
2026-04-17 14:47:48,310 [INFO] PluginManager:220 - loadIPPluginJar : add i2c
2026-04-17 14:47:48,312 [INFO] IPUIPlugin:80 - create IPUIPlugin
2026-04-17 14:47:48,312 [INFO] PluginManager:220 - loadIPPluginJar : add resmgrutility
2026-04-17 14:47:48,313 [INFO] IPUIPlugin:80 - create IPUIPlugin
2026-04-17 14:47:48,313 [INFO] PluginManager:220 - loadIPPluginJar : add sai
2026-04-17 14:47:48,315 [INFO] IPUIPlugin:80 - create IPUIPlugin
2026-04-17 14:47:48,315 [INFO] PluginManager:220 - loadIPPluginJar : add usbx
2026-04-17 14:47:48,429 [FATAL] Updater:351 - Updater called before beeing initialized
2026-04-17 14:47:48,469 [INFO] RulesReader:64 - Compatibility file has been processed (317 Rules)
2026-04-17 14:47:48,486 [INFO] RulesReader:64 - Compatibility file has been processed (317 Rules)
2026-04-17 14:47:48,492 [INFO] CADModel:165 - CPN selected for project level
2026-04-17 14:47:48,492 [INFO] CADModel:114 - Register for checkConnection events
2026-04-17 14:47:48,492 [FATAL] Updater:351 - Updater called before beeing initialized
2026-04-17 14:47:48,492 [ERROR] CADModel:125 - Updater not yet initialized, retry later 
2026-04-17 14:47:48,705 [FATAL] Updater:351 - Updater called before beeing initialized
2026-04-17 14:47:48,707 [INFO] CADModel:165 - CPN selected for project level
2026-04-17 14:47:48,707 [INFO] CADModel:114 - Register for checkConnection events
2026-04-17 14:47:48,707 [FATAL] Updater:351 - Updater called before beeing initialized
2026-04-17 14:47:48,707 [ERROR] CADModel:125 - Updater not yet initialized, retry later 
2026-04-17 14:47:48,710 [FATAL] Updater:351 - Updater called before beeing initialized
2026-04-17 14:47:48,860 [FATAL] Updater:351 - Updater called before beeing initialized
2026-04-17 14:47:48,864 [INFO] DbMcusAds:53 - JSON generation date=Thu Sep 30 12:25:09 IST 2021 (1632984909247)
2026-04-17 14:47:48,865 [FATAL] Updater:351 - Updater called before beeing initialized
2026-04-17 14:47:48,919 [WARN] DetailPanel:346 - Failed to get advertising image, set to default
2026-04-17 14:47:48,988 [FATAL] Updater:351 - Updater called before beeing initialized
2026-04-17 14:47:48,990 [FATAL] Updater:351 - Updater called before beeing initialized
2026-04-17 14:47:48,990 [FATAL] Updater:351 - Updater called before beeing initialized
2026-04-17 14:47:48,990 [WARN] DetailPanel:346 - Failed to get advertising image, set to default
2026-04-17 14:47:48,992 [FATAL] Updater:351 - Updater called before beeing initialized
2026-04-17 14:47:49,029 [ERROR] Updater:1198 - MainUpdater not yet initialized. External WinMGr cannot be set.
2026-04-17 14:47:49,031 [INFO] Updater:1134 - Updater Version found : 6.15.0
2026-04-17 14:47:49,044 [INFO] ApplicationProperties:184 - Using Application install path: /Applications/STM32CubeIDE.app/Contents/Eclipse/plugins/com.st.stm32cube.common.mx_6.15.0.202507011659
2026-04-17 14:47:49,306 [INFO] MainUpdater:2872 - connection check result : 22
2026-04-17 14:47:49,306 [INFO] MainUpdater:289 - Updater Check For Update Now.
2026-04-17 14:47:49,307 [INFO] MicroXplorer:498 - Change Database Version : DB.6.0.150
2026-04-17 14:47:49,310 [INFO] McuFinderGlobals:63 - Set McuFinder mode to 2 (CubeIDE integrated)
2026-04-17 14:47:49,310 [INFO] UserAuth:171 - activating auth plugin
2026-04-17 14:47:49,317 [INFO] UserAuth:487 - Internet connection configuration mode: 2
2026-04-17 14:47:49,348 [INFO] UserAuth:487 - Internet connection configuration mode: 2
2026-04-17 14:47:49,575 [INFO] CheckServerUpdateThread:120 - End of CheckServer Thread
2026-04-17 14:47:50,849 [INFO] ThirdParty:978 - Integrity check success = true
2026-04-17 14:47:50,850 [INFO] IntegrityCheckThread:100 - exiting critical section [integrity check]
2026-04-17 14:47:50,850 [INFO] IntegrityCheckThread:103 - End integrity checks thread
2026-04-17 15:01:55,865 [INFO] McuFinderGlobals:63 - Set McuFinder mode to 2 (CubeIDE integrated)
2026-04-17 15:01:56,133 [INFO] MainUpdater:2872 - connection check result : 22
2026-04-17 15:01:56,748 [INFO] MicroXplorer:468 - Change Database Path : 
2026-04-17 15:01:56,748 [INFO] MicroXplorer:498 - Change Database Version : DB.6.0.150
2026-04-17 15:01:56,753 [WARN] ThirdParty:871 - waiting for thirdparty lock release [close project]
2026-04-17 15:01:56,753 [INFO] ThirdParty:873 - entering critical section [close project]
2026-04-17 15:01:56,760 [INFO] ThirdParty:883 - exiting critical section [close project]
2026-04-17 15:01:56,766 [INFO] PinOutPanel:1589 - setPackage(No Configuration,No Configuration)
2026-04-17 15:01:56,769 [INFO] UtilMem:75 - Begin LoadConfig() Used Memory: 222612704 Bytes (318767104)
2026-04-17 15:01:56,771 [INFO] MicroXplorer:468 - Change Database Path : 
2026-04-17 15:01:56,772 [INFO] MicroXplorer:498 - Change Database Version : DB.6.0.150
2026-04-17 15:01:56,772 [INFO] OpenFileManager:355 - Change cursor
2026-04-17 15:01:56,842 [INFO] Mcu:2029 - Initializing MCU STM32F446R(C-E)Tx STM32F446RETx STM32F446RET6
2026-04-17 15:01:58,822 [INFO] Context:786 - Trying to add GPIOservice into a context  which must be forbidden
2026-04-17 15:01:59,764 [INFO] ImportTextPane:234 - (OptionalMessage_ERROR) Pin11 (VP_RIF_VS_RIF1) cannot be retrieved for this MCU
2026-04-17 15:01:59,914 [INFO] RtosManager:558 - Registered RTOS mode: class=CMSIS, group=RTOS, mode=CMSIS_V1, owner=FREERTOS
2026-04-17 15:01:59,916 [INFO] RtosManager:558 - Registered RTOS mode: class=CMSIS, group=RTOS2, mode=CMSIS_V2, owner=FREERTOS
2026-04-17 15:01:59,916 [INFO] RtosManager:558 - Registered RTOS mode: class=RTOS, group=Core, mode=CMSIS_V1, owner=FREERTOS
2026-04-17 15:01:59,916 [INFO] RtosManager:558 - Registered RTOS mode: class=RTOS, group=Core, mode=CMSIS_V2, owner=FREERTOS
2026-04-17 15:01:59,916 [WARN] ModelIntegratedComponent:184 - Missing modes for component STMicroelectronics:FreeRTOS:0.0.1:STMicroelectronics:RTOS:FreeRTOS:Core:::10.2.0:
2026-04-17 15:01:59,918 [WARN] ModelIntegratedComponent:63 - No mode defined for component null
2026-04-17 15:01:59,918 [WARN] ModelIntegratedComponent:63 - No mode defined for component null
2026-04-17 15:01:59,918 [WARN] ModelIntegratedComponent:63 - No mode defined for component null
2026-04-17 15:01:59,918 [WARN] ModelIntegratedComponent:63 - No mode defined for component null
2026-04-17 15:01:59,919 [WARN] ModelIntegratedComponent:63 - No mode defined for component null
2026-04-17 15:01:59,919 [WARN] ModelIntegratedComponent:63 - No mode defined for component null
2026-04-17 15:01:59,919 [WARN] ModelIntegratedComponent:63 - No mode defined for component null
2026-04-17 15:01:59,919 [WARN] ModelIntegratedComponent:63 - No mode defined for component null
2026-04-17 15:01:59,920 [WARN] ModelIntegratedComponent:63 - No mode defined for component null
2026-04-17 15:01:59,920 [WARN] ModelIntegratedComponent:63 - No mode defined for component null
2026-04-17 15:01:59,920 [WARN] ModelIntegratedComponent:63 - No mode defined for component null
2026-04-17 15:01:59,920 [WARN] ModelIntegratedComponent:63 - No mode defined for component null
2026-04-17 15:01:59,920 [WARN] ModelIntegratedComponent:63 - No mode defined for component null
2026-04-17 15:01:59,920 [WARN] ModelIntegratedComponent:63 - No mode defined for component null
2026-04-17 15:01:59,920 [WARN] ModelIntegratedComponent:63 - No mode defined for component null
2026-04-17 15:01:59,920 [WARN] ModelIntegratedComponent:63 - No mode defined for component null
2026-04-17 15:01:59,921 [WARN] ModelIntegratedComponent:63 - No mode defined for component null
2026-04-17 15:01:59,922 [WARN] ModelIntegratedComponent:63 - No mode defined for component null
2026-04-17 15:01:59,922 [WARN] ModelIntegratedComponent:63 - No mode defined for component null
2026-04-17 15:01:59,922 [WARN] ModelIntegratedComponent:63 - No mode defined for component null
2026-04-17 15:01:59,922 [WARN] ModelIntegratedComponent:63 - No mode defined for component null
2026-04-17 15:01:59,922 [WARN] ModelIntegratedComponent:63 - No mode defined for component null
2026-04-17 15:01:59,922 [WARN] ModelIntegratedComponent:63 - No mode defined for component null
2026-04-17 15:01:59,923 [WARN] ModelIntegratedComponent:63 - No mode defined for component null
2026-04-17 15:01:59,923 [WARN] ModelIntegratedComponent:63 - No mode defined for component null
2026-04-17 15:01:59,923 [WARN] ModelIntegratedComponent:63 - No mode defined for component null
2026-04-17 15:01:59,923 [WARN] ModelIntegratedComponent:63 - No mode defined for component null
2026-04-17 15:01:59,924 [WARN] ModelIntegratedComponent:63 - No mode defined for component null
2026-04-17 15:01:59,925 [WARN] ModelIntegratedComponent:63 - No mode defined for component null
2026-04-17 15:01:59,925 [WARN] ModelIntegratedComponent:63 - No mode defined for component null
2026-04-17 15:01:59,926 [WARN] ModelIntegratedComponent:63 - No mode defined for component null
2026-04-17 15:01:59,926 [WARN] ModelIntegratedComponent:63 - No mode defined for component null
2026-04-17 15:01:59,926 [WARN] ModelIntegratedComponent:63 - No mode defined for component null
2026-04-17 15:01:59,926 [WARN] ModelIntegratedComponent:63 - No mode defined for component null
2026-04-17 15:01:59,926 [WARN] ModelIntegratedComponent:63 - No mode defined for component null
2026-04-17 15:01:59,926 [WARN] ModelPack:524 - Component already loaded: STMicroelectronics:HAL Drivers:0.0.0:STMicroelectronics:Device:STMicro_Driver:XSPI:HAL::0.0.1:HAL_XSPI
2026-04-17 15:01:59,937 [INFO] ThirdPartyModel:298 - Start build external matchings
2026-04-17 15:01:59,939 [INFO] ThirdPartyModel:316 - End build external matchings
2026-04-17 15:02:01,458 [INFO] ApiDb:581 - Connected to CubeFinder SQLite database (/Users/ggpai/.stmcufinder/plugins/mcufinder/mcu/cube-finder-db.db)
2026-04-17 15:02:01,504 [INFO] ApiDb:668 - CubeFinder database Data Model version=2.1
2026-04-17 15:02:01,505 [INFO] ApiDb:669 - CubeFinder database Configuration version=3.0.42
2026-04-17 15:02:01,509 [INFO] ApiDb:670 - CubeFinder database generation date=2026-02-13 (1770995876)
2026-04-17 15:02:01,509 [INFO] ApiDb:671 - CubeFinder database FW Pack versions=[FP-ATR-ASTRA1_V2.0.0, FP-SNS-FLIGHT1_V5.1.0, FP-SNS-MOTENV1_V5.1.0, FP-SNS-MOTENVWB1_V1.4.0, FP-SNS-SMARTAG2_V1.2.0, FP-SNS-STBOX1_V2.1.0, STM32Cube_FW_C0_V1.4.0, STM32Cube_FW_F4_V1.28.3, STM32Cube_FW_F7_V1.17.4, STM32Cube_FW_G0_V1.6.2, STM32Cube_FW_G4_V1.6.1, STM32Cube_FW_H5_V1.6.0, STM32Cube_FW_H7RS_V1.3.0, STM32Cube_FW_H7_V1.13.0, STM32Cube_FW_L0_V1.12.2, STM32Cube_FW_L4_V1.18.2, STM32Cube_FW_L5_V1.6.0, STM32Cube_FW_N6_V1.3.0, STM32Cube_FW_U0_V1.3.0, STM32Cube_FW_U3_V1.3.0, STM32Cube_FW_U5_V1.8.0, STM32Cube_FW_WB0_V1.4.0, STM32Cube_FW_WBA_V1.9.0, STM32Cube_FW_WB_V1.24.0, STM32Cube_FW_WL3_V1.4.0, STM32Cube_FW_WL_V1.5.0, X-CUBE-ALGOBUILD_V1.4.0, X-CUBE-ALS_V1.0.2, X-CUBE-AZRTOS-F4_V1.1.0, X-CUBE-AZRTOS-F7_V1.1.0, X-CUBE-AZRTOS-G0_V1.1.0, X-CUBE-AZRTOS-G4_V2.0.0, X-CUBE-AZRTOS-H7RS_V1.1.0, X-CUBE-AZRTOS-H7_V3.4.0, X-CUBE-AZRTOS-L4_V2.0.0, X-CUBE-AZRTOS-L5_V2.0.0, X-CUBE-AZRTOS-WB_V2.0.0, X-CUBE-AZRTOS-WL_V2.0.0, X-CUBE-BLE1_V7.1.0, X-CUBE-BLE2_V3.3.0, X-CUBE-BLEMGR_V4.1.0, X-CUBE-EEPRMA1_V5.2.0, X-CUBE-FREERTOS_V1.3.1, X-CUBE-GNSS1_V6.0.0, X-CUBE-MEMS1_V12.0.0, X-CUBE-NFC4_V3.0.0, X-CUBE-NFC7_V2.0.0, X-CUBE-SFXS2LP1_V4.0.0, X-CUBE-ST67W61_V1.1.0, X-CUBE-SUBG2_V5.0.0, X-CUBE-TOF1_V3.4.3]
2026-04-17 15:02:01,595 [INFO] DbBoardsSqlite:226 - include board P-NUCLEO-WB55-NUCLEO as a kit item of type 'Nucleo-64'
2026-04-17 15:02:01,596 [INFO] DbBoardsSqlite:226 - include board P-NUCLEO-WB55-USBDONGLE as a kit item of type 'Nucleo USB Dongle'
2026-04-17 15:02:01,596 [INFO] DbBoardsSqlite:226 - include board STEVAL-IDP005V1 as a kit item of type 'Evaluation Board'
2026-04-17 15:02:01,597 [INFO] DbBoardsSqlite:226 - include board STEVAL-IDP005V2 as a kit item of type 'Evaluation Board'
2026-04-17 15:02:01,706 [INFO] ApiDb:240 - Found 880 in-development CPN: [B-G473E-ZEST1S, B-WB1M-WPAN1, B-WBA5M-WPAN, B-WL5M-SUBG1, NUCLEO-C031C6, NUCLEO-C051C8, NUCLEO-C071RB, NUCLEO-C092RC, NUCLEO-H503RB, NUCLEO-H533RE, NUCLEO-H563ZI, NUCLEO-H7S3L8, NUCLEO-N657X0-Q, NUCLEO-U031R8, NUCLEO-U083RC, NUCLEO-U385RG-Q, NUCLEO-U545RE-Q, NUCLEO-U5A5ZJ-Q, NUCLEO-WB05KZ, NUCLEO-WB07CC, NUCLEO-WB09KE, NUCLEO-WBA52CG, NUCLEO-WBA55CG, NUCLEO-WL33CC1, NUCLEO-WL33CC2, STEVAL-PROTEUS1, STEVAL-SMARTAG2, STEVAL-STWINBX1, STM320518-EVAL, STM32C0116-DK, STM32C011D6Y3TR, STM32C011D6Y6TR, STM32C011F4P3, STM32C011F4P6, STM32C011F4U3, STM32C011F4U6TR, STM32C011F6P3, STM32C011F6P6, STM32C011F6U3, STM32C011F6U6TR, STM32C011J4M3, STM32C011J4M6, STM32C011J6M3, STM32C011J6M6, STM32C0316-DK, STM32C031C4T3, STM32C031C4T6, STM32C031C4U3, STM32C031C4U6, STM32C031C6T3, STM32C031C6T6, STM32C031C6U3, STM32C031C6U6, STM32C031F4P3, STM32C031F4P6, STM32C031F6P3, STM32C031F6P6, STM32C031G4U3, STM32C031G4U6, STM32C031G6U3, STM32C031G6U6, STM32C031K4T3, STM32C031K4T6, STM32C031K4U3, STM32C031K4U6, STM32C031K6T3, STM32C031K6T6, STM32C031K6U3, STM32C031K6U6, STM32C051C6T6, STM32C051C6U6, STM32C051C8T6, STM32C051C8U6, STM32C051D8Y6TR, STM32C051F6P6, STM32C051F8P6, STM32C051G6U6, STM32C051G8U6, STM32C051K6T6, STM32C051K6U6, STM32C051K8T6, STM32C071C8T6, STM32C071C8T6N, STM32C071C8U6, STM32C071C8U6N, STM32C071CBT6, STM32C071CBT6N, STM32C071CBU6, STM32C071CBU6N, STM32C071F8P6, STM32C071F8P6N, STM32C071FBP6, STM32C071FBP6N, STM32C071FBY6TR, STM32C071G8U6, STM32C071G8U6N, STM32C071GBU6, STM32C071GBU6N, STM32C071K8T6, STM32C071K8T6N, STM32C071K8U6, STM32C071K8U6N, STM32C071KBT6, STM32C071KBT6N, STM32C071KBU6, STM32C071KBU6N, STM32C071R8T6, STM32C071R8T6N, STM32C071RBI6N, STM32C071RBT6, STM32C071RBT6N, STM32C091CBT6, STM32C091CBU6, STM32C091CCT6, STM32C091CCU6, STM32C091ECY6TR, STM32C091FBP6, STM32C091FCP6, STM32C091GBU6, STM32C091GCU6, STM32C091KBT6, STM32C091KBU6, STM32C091KCT6, STM32C091KCU6, STM32C091RBT6, STM32C091RCI6, STM32C091RCT6, STM32C092CBT6, STM32C092CBU6, STM32C092CCT6, STM32C092CCU6, STM32C092ECY6TR, STM32C092FBP6, STM32C092FCP6, STM32C092GBU6, STM32C092GCU6, STM32C092KBT6, STM32C092KBU6, STM32C092KCT6, STM32C092KCU6, STM32C092RBT6, STM32C092RCI6, STM32C092RCT6, STM32G071K8TXN, STM32G071K8UXN, STM32G081GBU6N, STM32G081KBT6N, STM32G081KBUXN, STM32G0B1CCT6N, STM32G0B1KCT6, STM32G0B1NEY6TR, STM32G0B1RCT6N, STM32G0C1CCT6, STM32G0C1CCT6N, STM32G0C1CCU6N, STM32G0C1CET6N, STM32G0C1CEU6N, STM32G0C1KCT6, STM32G0C1NEY6TR, STM32G0C1RCI6N, STM32G0C1RCT6N, STM32G0C1REI6N, STM32G0C1RET6N, STM32G0C1VCI6, STM32G0C1VEI6, STM32G411C6T3, STM32G411C6T6, STM32G411C6U3, STM32G411C6U6, STM32G411C8T3, STM32G411C8T6, STM32G411C8U3, STM32G411C8U6, STM32G411CBT3, STM32G411CBT6, STM32G411CBU3, STM32G411CBU6, STM32G411K6T3, STM32G411K6T6, STM32G411K6U3, STM32G411K6U6, STM32G411K8T3, STM32G411K8T6, STM32G411K8U3, STM32G411K8U6, STM32G411KBT3, STM32G411KBT6, STM32G411KBU3, STM32G411KBU6, STM32G411M6T3, STM32G411M6T6, STM32G411M8T3, STM32G411M8T6, STM32G411MBT3, STM32G411MBT6, STM32G411R6T3, STM32G411R6T6, STM32G411R8T3, STM32G411R8T6, STM32G411RBT3, STM32G411RBT6, STM32G414CBT3, STM32G414CBT6, STM32G414CBU3, STM32G414CBU6, STM32G414CCT3, STM32G414CCT6, STM32G414CCU3, STM32G414CCU6, STM32G414MBT3, STM32G414MBT6, STM32G414MCT3, STM32G414MCT6, STM32G414RBT3, STM32G414RBT6, STM32G414RCT3, STM32G414RCT6, STM32G414VBT3, STM32G414VBT6, STM32G414VCT3, STM32G414VCT6, STM32G431CBT3Z, STM32G431RBT3Z, STM32G471CCT6, STM32G471CCU6, STM32G471CET3, STM32G471CET6, STM32G471CEU3, STM32G471CEU6, STM32G471MCT6, STM32G471MET3, STM32G471MET6, STM32G471MEY6TR, STM32G471QCT6, STM32G471QET3, STM32G471RCT6, STM32G471RET3, STM32G471RET6, STM32G471VCH6, STM32G471VCI6, STM32G471VCT6, STM32G471VEH3, STM32G471VEH6, STM32G471VEI3, STM32G471VEI6, STM32G471VET3, STM32G471VET6, STM32G473QET3Z, STM32G473RET3Z, STM32G474CCT6, STM32G491RET3Z, STM32H503CBT6, STM32H503CBU6, STM32H503EBY6TR, STM32H503KBU6, STM32H503RBT6, STM32H523CCT6, STM32H523CCU6, STM32H523CET6, STM32H523CEU6, STM32H523HEY6TR, STM32H523RCT6, STM32H523RET6, STM32H523VCI6, STM32H523VCT6, STM32H523VEI6, STM32H523VET6, STM32H523ZCJ6, STM32H523ZCT6, STM32H523ZEJ6, STM32H523ZET6, STM32H533CET6, STM32H533CEU6, STM32H533HEY6TR, STM32H533RET6, STM32H533VEI6, STM32H533VET6, STM32H533ZEJ6, STM32H533ZET6, STM32H562AGI6, STM32H562AII6, STM32H562IGK6, STM32H562IGT6, STM32H562IIK6, STM32H562IIT6, STM32H562RGT6, STM32H562RGV6, STM32H562RIT6, STM32H562RIV6, STM32H562VGT6, STM32H562VIT6, STM32H562ZGT6, STM32H562ZIT6, STM32H563AGI6, STM32H563AII3Q, STM32H563AII6, STM32H563IGK6, STM32H563IGT6, STM32H563IIK3Q, STM32H563IIK6, STM32H563IIT3Q, STM32H563IIT6, STM32H563MIY3QTR, STM32H563RGT6, STM32H563RGV6, STM32H563RIT6, STM32H563RIV6, STM32H563VGT6, STM32H563VIT3Q, STM32H563VIT6, STM32H563ZGT6, STM32H563ZIT3Q, STM32H563ZIT6, STM32H573AII3Q, STM32H573AII6, STM32H573I-DK, STM32H573IIK3Q, STM32H573IIK6, STM32H573IIT3Q, STM32H573IIT6, STM32H573MIY3QTR, STM32H573RIT6, STM32H573RIV6, STM32H573VIT3Q, STM32H573VIT6, STM32H573ZIT3Q, STM32H573ZIT6, STM32H7R3A8I6, STM32H7R3I8K6, STM32H7R3I8T6, STM32H7R3L8H6, STM32H7R3L8H6H, STM32H7R3R8V6, STM32H7R3V8H6, STM32H7R3V8T6, STM32H7R3V8Y6TR, STM32H7R3Z8J6, STM32H7R3Z8T6, STM32H7R7A8I6, STM32H7R7I8K6, STM32H7R7I8T6, STM32H7R7L8H6, STM32H7R7L8H6H, STM32H7R7Z8J6, STM32H7S3A8I6, STM32H7S3I8K6, STM32H7S3I8T6, STM32H7S3L8H6, STM32H7S3L8H6H, STM32H7S3R8V6, STM32H7S3V8H6, STM32H7S3V8T6, STM32H7S3V8Y6TR, STM32H7S3Z8J6, STM32H7S3Z8T6, STM32H7S78-DK, STM32H7S7A8I6, STM32H7S7I8K6, STM32H7S7I8T6, STM32H7S7L8H6, STM32H7S7L8H6H, STM32H7S7Z8J6, STM32L4R5QGI6STR, STM32MP131AAE3, STM32MP131AAF3, STM32MP131AAG3, STM32MP131CAE3, STM32MP131CAF3, STM32MP131CAG3, STM32MP131DAE7, STM32MP131DAF7, STM32MP131DAG7, STM32MP131FAE7, STM32MP131FAF7, STM32MP131FAG7, STM32MP133AAE3, STM32MP133AAF3, STM32MP133AAG3, STM32MP133CAE3, STM32MP133CAF3, STM32MP133CAG3, STM32MP133DAE7, STM32MP133DAF7, STM32MP133DAG7, STM32MP133FAE7, STM32MP133FAF7, STM32MP133FAG7, STM32MP135AAE3, STM32MP135AAF3, STM32MP135AAG3, STM32MP135CAE3, STM32MP135CAF3, STM32MP135CAG3, STM32MP135DAE7, STM32MP135DAF7, STM32MP135DAG7, STM32MP135F-DK, STM32MP135FAE7, STM32MP135FAF7, STM32MP135FAF7T, STM32MP135FAF7U, STM32MP135FAG7, STM32MP211AAL3, STM32MP211AAM3, STM32MP211AAN3, STM32MP211AAO3, STM32MP211CAL3, STM32MP211CAM3, STM32MP211CAN3, STM32MP211CAO3, STM32MP211DAL3, STM32MP211DAM3, STM32MP211DAN3, STM32MP211DAO3, STM32MP211FAL3, STM32MP211FAM3, STM32MP211FAN3, STM32MP211FAO3, STM32MP213AAL3, STM32MP213AAM3, STM32MP213AAN3, STM32MP213AAO3, STM32MP213CAL3, STM32MP213CAM3, STM32MP213CAN3, STM32MP213CAO3, STM32MP213DAL3, STM32MP213DAM3, STM32MP213DAN3, STM32MP213DAO3, STM32MP213FAL3, STM32MP213FAM3, STM32MP213FAN3, STM32MP213FAO3, STM32MP215AAL3, STM32MP215AAM3, STM32MP215AAN3, STM32MP215AAO3, STM32MP215CAL3, STM32MP215CAM3, STM32MP215CAN3, STM32MP215CAO3, STM32MP215DAL3, STM32MP215DAM3, STM32MP215DAN3, STM32MP215DAO3, STM32MP215F-DK, STM32MP215FAL3, STM32MP215FAM3, STM32MP215FAN3, STM32MP215FAO3, STM32MP231AAJ3, STM32MP231AAK3, STM32MP231AAL3, STM32MP231CAJ3, STM32MP231CAK3, STM32MP231CAL3, STM32MP231DAJ3, STM32MP231DAK3, STM32MP231DAL3, STM32MP231FAJ3, STM32MP231FAK3, STM32MP231FAL3, STM32MP233AAJ3, STM32MP233AAK3, STM32MP233AAL3, STM32MP233CAJ3, STM32MP233CAK3, STM32MP233CAL3, STM32MP233DAJ3, STM32MP233DAK3, STM32MP233DAL3, STM32MP233FAJ3, STM32MP233FAK3, STM32MP233FAL3, STM32MP235AAJ3, STM32MP235AAK3, STM32MP235AAL3, STM32MP235CAJ3, STM32MP235CAK3, STM32MP235CAL3, STM32MP235DAJ3, STM32MP235DAK3, STM32MP235DAL3, STM32MP235FAJ3, STM32MP235FAK3, STM32MP235FAL3, STM32MP251AAI3, STM32MP251AAK3, STM32MP251AAL3, STM32MP251CAI3, STM32MP251CAK3, STM32MP251CAL3, STM32MP251DAI3, STM32MP251DAK3, STM32MP251DAL3, STM32MP251FAI3, STM32MP251FAK3, STM32MP251FAL3, STM32MP253AAI3, STM32MP253AAK3, STM32MP253AAL3, STM32MP253CAI3, STM32MP253CAK3, STM32MP253CAL3, STM32MP253DAI3, STM32MP253DAK3, STM32MP253DAL3, STM32MP253FAI3, STM32MP253FAK3, STM32MP253FAL3, STM32MP255AAI3, STM32MP255AAK3, STM32MP255AAL3, STM32MP255CAI3, STM32MP255CAK3, STM32MP255CAL3, STM32MP255DAI3, STM32MP255DAK3, STM32MP255DAL3, STM32MP255FAI3, STM32MP255FAK3, STM32MP255FAL3, STM32MP257AAI3, STM32MP257AAK3, STM32MP257AAL3, STM32MP257CAI3, STM32MP257CAK3, STM32MP257CAL3, STM32MP257DAI3, STM32MP257DAK3, STM32MP257DAL3, STM32MP257F-DK, STM32MP257F-EV1, STM32MP257FAI3, STM32MP257FAK3, STM32MP257FAL3, STM32N645A0H3Q, STM32N645B0H3Q, STM32N645I0H3Q, STM32N645L0H3Q, STM32N645X0H3Q, STM32N645Z0H3Q, STM32N647A0H3Q, STM32N647B0H3Q, STM32N647I0H3Q, STM32N647L0H3Q, STM32N647X0H3Q, STM32N647Z0H3Q, STM32N655A0H3Q, STM32N655B0H3Q, STM32N655I0H3Q, STM32N655L0H3Q, STM32N655X0H3Q, STM32N655Z0H3Q, STM32N6570-DK, STM32N657A0H3Q, STM32N657B0H3Q, STM32N657I0H3Q, STM32N657L0H3Q, STM32N657X0H3Q, STM32N657Z0H3Q, STM32U031C6T6, STM32U031C6U6, STM32U031C8T6, STM32U031C8U6, STM32U031F4P6, STM32U031F6P6, STM32U031F8P6, STM32U031G6Y6TR, STM32U031G8Y6TR, STM32U031K4U6, STM32U031K6U6, STM32U031K8U6, STM32U031R6I6, STM32U031R6T6, STM32U031R8I6, STM32U031R8T6, STM32U073C8T6, STM32U073C8U6, STM32U073CBT6, STM32U073CBU6, STM32U073CCT6, STM32U073CCU6, STM32U073H8Y6TR, STM32U073HBY6TR, STM32U073HCY6TR, STM32U073K8U6, STM32U073KBU6, STM32U073KCU6, STM32U073M8I6, STM32U073M8T6, STM32U073MBI6, STM32U073MBT6, STM32U073MCI6, STM32U073MCT6, STM32U073R8I6, STM32U073R8T6, STM32U073RBI6, STM32U073RBT6, STM32U073RCI6, STM32U073RCT6, STM32U083C-DK, STM32U083CCT6, STM32U083CCU6, STM32U083HCY6TR, STM32U083KCU6, STM32U083MCI6, STM32U083MCT6, STM32U083RCI6, STM32U083RCT6, STM32U375CET6, STM32U375CET6Q, STM32U375CEU6, STM32U375CEU6Q, STM32U375CEY6QTR, STM32U375CGT6, STM32U375CGT6Q, STM32U375CGU6, STM32U375CGU6Q, STM32U375CGY6QTR, STM32U375KEU6, STM32U375KGU6, STM32U375REI6, STM32U375REI6Q, STM32U375RET6, STM32U375RET6Q, STM32U375REY6GTR, STM32U375REY6QTR, STM32U375RGI6, STM32U375RGI6Q, STM32U375RGT6, STM32U375RGT6Q, STM32U375RGY6GTR, STM32U375RGY6QTR, STM32U375VEI6, STM32U375VEI6Q, STM32U375VET6, STM32U375VET6Q, STM32U375VGI6, STM32U375VGI6Q, STM32U375VGT6, STM32U375VGT6Q, STM32U385CGT6, STM32U385CGT6Q, STM32U385CGU6, STM32U385CGU6Q, STM32U385CGY6QTR, STM32U385KGU6, STM32U385RGI6, STM32U385RGI6Q, STM32U385RGT6, STM32U385RGT6Q, STM32U385RGY6GTR, STM32U385RGY6QTR, STM32U385VGI6, STM32U385VGI6Q, STM32U385VGT6, STM32U385VGT6Q, STM32U535CBT6, STM32U535CBT6Q, STM32U535CBU6, STM32U535CBU6Q, STM32U535CCT6, STM32U535CCT6Q, STM32U535CCU6, STM32U535CCU6Q, STM32U535CET6, STM32U535CET6Q, STM32U535CEU6, STM32U535CEU6Q, STM32U535JEY6QTR, STM32U535NCY6QTR, STM32U535NEY6QTR, STM32U535RBI6, STM32U535RBI6Q, STM32U535RBT6, STM32U535RBT6Q, STM32U535RCI6, STM32U535RCI6Q, STM32U535RCT6, STM32U535RCT6Q, STM32U535REI6, STM32U535REI6Q, STM32U535RET6, STM32U535RET6Q, STM32U535VCI6, STM32U535VCI6Q, STM32U535VCT6, STM32U535VCT6Q, STM32U535VEI6, STM32U535VEI6Q, STM32U535VET6, STM32U535VET6Q, STM32U545CET6, STM32U545CET6Q, STM32U545CEU6, STM32U545CEU6Q, STM32U545JEY6QTR, STM32U545NEY6QTR, STM32U545REI6, STM32U545REI6Q, STM32U545RET6, STM32U545RET6Q, STM32U545VEI6, STM32U545VEI6Q, STM32U545VET6, STM32U545VET6Q, STM32U595AIH6, STM32U595AIH6Q, STM32U595AJH6, STM32U595AJH6Q, STM32U595QII6, STM32U595QII6Q, STM32U595QJI6, STM32U595QJI6Q, STM32U595RIT6, STM32U595RIT6Q, STM32U595RJT6, STM32U595RJT6Q, STM32U595VIT6, STM32U595VIT6Q, STM32U595VJT6, STM32U595VJT6Q, STM32U595ZIT6, STM32U595ZIT6Q, STM32U595ZIY6QTR, STM32U595ZJT6, STM32U595ZJT6Q, STM32U595ZJY6QTR, STM32U599BJY6QTR, STM32U599NIH6Q, STM32U599NJH6Q, STM32U599VIT6Q, STM32U599VJT6, STM32U599VJT6Q, STM32U599ZIT6Q, STM32U599ZIY6QTR, STM32U599ZJT6Q, STM32U599ZJY6QTR, STM32U5A5AJH6, STM32U5A5AJH6Q, STM32U5A5QII3Q , STM32U5A5QJI6, STM32U5A5QJI6Q, STM32U5A5RJT6, STM32U5A5RJT6Q, STM32U5A5VJT6, STM32U5A5VJT6Q, STM32U5A5ZJT6, STM32U5A5ZJT6Q, STM32U5A5ZJY6QTR, STM32U5A9BJY6QTR, STM32U5A9J-DK, STM32U5A9NJH6Q, STM32U5A9VJT6Q, STM32U5A9ZJT6Q, STM32U5A9ZJY6QTR, STM32U5F7VIT6, STM32U5F7VIT6Q, STM32U5F7VJT6, STM32U5F7VJT6Q, STM32U5F9BJY6QTR, STM32U5F9NJH6Q, STM32U5F9VIT6Q, STM32U5F9VJT6Q, STM32U5F9ZIJ6QTR, STM32U5F9ZIT6Q, STM32U5F9ZJJ6QTR, STM32U5F9ZJT6Q, STM32U5G7VJT6, STM32U5G7VJT6Q, STM32U5G9BJY6QTR, STM32U5G9J-DK1, STM32U5G9J-DK2, STM32U5G9NJH6Q, STM32U5G9VJT6Q, STM32U5G9ZJJ6QTR, STM32U5G9ZJT6Q, STM32WB05KZV6TR, STM32WB05KZV7TR, STM32WB05TZF6TR, STM32WB05TZF7TR, STM32WB06CCF6TR, STM32WB06CCF7TR, STM32WB06CCV6TR, STM32WB06CCV7TR, STM32WB06KCV6TR, STM32WB06KCV7TR, STM32WB07CCF6TR, STM32WB07CCF7TR, STM32WB07CCV6TR, STM32WB07CCV7TR, STM32WB07KCV6TR, STM32WB07KCV7TR, STM32WB09KEV6TR, STM32WB09KEV7TR, STM32WB09TEF6TR, STM32WB09TEF7TR, STM32WB1MMCH6, STM32WBA50KGU6, STM32WBA50KGU6TR, STM32WBA52CEU6, STM32WBA52CEU6TR, STM32WBA52CEU7, STM32WBA52CEU7TR, STM32WBA52CGU6, STM32WBA52CGU6TR, STM32WBA52CGU6U, STM32WBA52CGU7, STM32WBA52CGU7TR, STM32WBA52KEU6, STM32WBA52KEU6TR, STM32WBA52KGU6, STM32WBA52KGU6TR, STM32WBA54CEU6, STM32WBA54CEU6TR, STM32WBA54CEU7, STM32WBA54CEU7TR, STM32WBA54CGU6, STM32WBA54CGU6TR, STM32WBA54CGU7, STM32WBA54CGU7TR, STM32WBA54KEU6, STM32WBA54KEU6TR, STM32WBA54KEU7, STM32WBA54KEU7TR, STM32WBA54KGU6, STM32WBA54KGU6TR, STM32WBA54KGU7, STM32WBA54KGU7TR, STM32WBA55CEU6, STM32WBA55CEU6TR, STM32WBA55CEU7, STM32WBA55CEU7TR, STM32WBA55CGU6, STM32WBA55CGU6TR, STM32WBA55CGU6U, STM32WBA55CGU7, STM32WBA55CGU7TR, STM32WBA55G-DK1, STM32WBA55HEF6, STM32WBA55HEF7, STM32WBA55HGF6, STM32WBA55HGF7, STM32WBA55UEI6, STM32WBA55UEI6TR, STM32WBA55UEI7, STM32WBA55UEI7TR, STM32WBA55UGI6, STM32WBA55UGI6TR, STM32WBA55UGI7, STM32WBA55UGI7TR, STM32WBA5MMGH6TR, STM32WBA62MGF6, STM32WBA62MIF6, STM32WBA65MGF7, STM32WBA65MIF6, STM32WBA65MIF7, STM32WL30K8V6, STM32WL30KBV6, STM32WL31C8V6, STM32WL31CBV6, STM32WL31K8V6, STM32WL31KBV6, STM32WL33C8V6, STM32WL33C8V6X, STM32WL33CBV6, STM32WL33CBV6X, STM32WL33CCV6, STM32WL33CCV6A, STM32WL33CCV6X, STM32WL33K8V7, STM32WL33K8V7X, STM32WL33KBV7 , STM32WL33KBV7X, STM32WL33KCV7, STM32WL33KCV7X, STM32WL5MOCH6, STM32WL5MOCH6TR]
2026-04-17 15:02:01,710 [INFO] ApiDb:668 - CubeFinder database Data Model version=2.1
2026-04-17 15:02:01,710 [INFO] ApiDb:669 - CubeFinder database Configuration version=3.0.42
2026-04-17 15:02:01,710 [INFO] ApiDb:670 - CubeFinder database generation date=2026-02-13 (1770995876)
2026-04-17 15:02:01,710 [INFO] ApiDb:671 - CubeFinder database FW Pack versions=[FP-ATR-ASTRA1_V2.0.0, FP-SNS-FLIGHT1_V5.1.0, FP-SNS-MOTENV1_V5.1.0, FP-SNS-MOTENVWB1_V1.4.0, FP-SNS-SMARTAG2_V1.2.0, FP-SNS-STBOX1_V2.1.0, STM32Cube_FW_C0_V1.4.0, STM32Cube_FW_F4_V1.28.3, STM32Cube_FW_F7_V1.17.4, STM32Cube_FW_G0_V1.6.2, STM32Cube_FW_G4_V1.6.1, STM32Cube_FW_H5_V1.6.0, STM32Cube_FW_H7RS_V1.3.0, STM32Cube_FW_H7_V1.13.0, STM32Cube_FW_L0_V1.12.2, STM32Cube_FW_L4_V1.18.2, STM32Cube_FW_L5_V1.6.0, STM32Cube_FW_N6_V1.3.0, STM32Cube_FW_U0_V1.3.0, STM32Cube_FW_U3_V1.3.0, STM32Cube_FW_U5_V1.8.0, STM32Cube_FW_WB0_V1.4.0, STM32Cube_FW_WBA_V1.9.0, STM32Cube_FW_WB_V1.24.0, STM32Cube_FW_WL3_V1.4.0, STM32Cube_FW_WL_V1.5.0, X-CUBE-ALGOBUILD_V1.4.0, X-CUBE-ALS_V1.0.2, X-CUBE-AZRTOS-F4_V1.1.0, X-CUBE-AZRTOS-F7_V1.1.0, X-CUBE-AZRTOS-G0_V1.1.0, X-CUBE-AZRTOS-G4_V2.0.0, X-CUBE-AZRTOS-H7RS_V1.1.0, X-CUBE-AZRTOS-H7_V3.4.0, X-CUBE-AZRTOS-L4_V2.0.0, X-CUBE-AZRTOS-L5_V2.0.0, X-CUBE-AZRTOS-WB_V2.0.0, X-CUBE-AZRTOS-WL_V2.0.0, X-CUBE-BLE1_V7.1.0, X-CUBE-BLE2_V3.3.0, X-CUBE-BLEMGR_V4.1.0, X-CUBE-EEPRMA1_V5.2.0, X-CUBE-FREERTOS_V1.3.1, X-CUBE-GNSS1_V6.0.0, X-CUBE-MEMS1_V12.0.0, X-CUBE-NFC4_V3.0.0, X-CUBE-NFC7_V2.0.0, X-CUBE-SFXS2LP1_V4.0.0, X-CUBE-ST67W61_V1.1.0, X-CUBE-SUBG2_V5.0.0, X-CUBE-TOF1_V3.4.3]
2026-04-17 15:02:03,215 [INFO] ApiDb:240 - Found 880 in-development CPN: [B-G473E-ZEST1S, B-WB1M-WPAN1, B-WBA5M-WPAN, B-WL5M-SUBG1, NUCLEO-C031C6, NUCLEO-C051C8, NUCLEO-C071RB, NUCLEO-C092RC, NUCLEO-H503RB, NUCLEO-H533RE, NUCLEO-H563ZI, NUCLEO-H7S3L8, NUCLEO-N657X0-Q, NUCLEO-U031R8, NUCLEO-U083RC, NUCLEO-U385RG-Q, NUCLEO-U545RE-Q, NUCLEO-U5A5ZJ-Q, NUCLEO-WB05KZ, NUCLEO-WB07CC, NUCLEO-WB09KE, NUCLEO-WBA52CG, NUCLEO-WBA55CG, NUCLEO-WL33CC1, NUCLEO-WL33CC2, STEVAL-PROTEUS1, STEVAL-SMARTAG2, STEVAL-STWINBX1, STM320518-EVAL, STM32C0116-DK, STM32C011D6Y3TR, STM32C011D6Y6TR, STM32C011F4P3, STM32C011F4P6, STM32C011F4U3, STM32C011F4U6TR, STM32C011F6P3, STM32C011F6P6, STM32C011F6U3, STM32C011F6U6TR, STM32C011J4M3, STM32C011J4M6, STM32C011J6M3, STM32C011J6M6, STM32C0316-DK, STM32C031C4T3, STM32C031C4T6, STM32C031C4U3, STM32C031C4U6, STM32C031C6T3, STM32C031C6T6, STM32C031C6U3, STM32C031C6U6, STM32C031F4P3, STM32C031F4P6, STM32C031F6P3, STM32C031F6P6, STM32C031G4U3, STM32C031G4U6, STM32C031G6U3, STM32C031G6U6, STM32C031K4T3, STM32C031K4T6, STM32C031K4U3, STM32C031K4U6, STM32C031K6T3, STM32C031K6T6, STM32C031K6U3, STM32C031K6U6, STM32C051C6T6, STM32C051C6U6, STM32C051C8T6, STM32C051C8U6, STM32C051D8Y6TR, STM32C051F6P6, STM32C051F8P6, STM32C051G6U6, STM32C051G8U6, STM32C051K6T6, STM32C051K6U6, STM32C051K8T6, STM32C071C8T6, STM32C071C8T6N, STM32C071C8U6, STM32C071C8U6N, STM32C071CBT6, STM32C071CBT6N, STM32C071CBU6, STM32C071CBU6N, STM32C071F8P6, STM32C071F8P6N, STM32C071FBP6, STM32C071FBP6N, STM32C071FBY6TR, STM32C071G8U6, STM32C071G8U6N, STM32C071GBU6, STM32C071GBU6N, STM32C071K8T6, STM32C071K8T6N, STM32C071K8U6, STM32C071K8U6N, STM32C071KBT6, STM32C071KBT6N, STM32C071KBU6, STM32C071KBU6N, STM32C071R8T6, STM32C071R8T6N, STM32C071RBI6N, STM32C071RBT6, STM32C071RBT6N, STM32C091CBT6, STM32C091CBU6, STM32C091CCT6, STM32C091CCU6, STM32C091ECY6TR, STM32C091FBP6, STM32C091FCP6, STM32C091GBU6, STM32C091GCU6, STM32C091KBT6, STM32C091KBU6, STM32C091KCT6, STM32C091KCU6, STM32C091RBT6, STM32C091RCI6, STM32C091RCT6, STM32C092CBT6, STM32C092CBU6, STM32C092CCT6, STM32C092CCU6, STM32C092ECY6TR, STM32C092FBP6, STM32C092FCP6, STM32C092GBU6, STM32C092GCU6, STM32C092KBT6, STM32C092KBU6, STM32C092KCT6, STM32C092KCU6, STM32C092RBT6, STM32C092RCI6, STM32C092RCT6, STM32G071K8TXN, STM32G071K8UXN, STM32G081GBU6N, STM32G081KBT6N, STM32G081KBUXN, STM32G0B1CCT6N, STM32G0B1KCT6, STM32G0B1NEY6TR, STM32G0B1RCT6N, STM32G0C1CCT6, STM32G0C1CCT6N, STM32G0C1CCU6N, STM32G0C1CET6N, STM32G0C1CEU6N, STM32G0C1KCT6, STM32G0C1NEY6TR, STM32G0C1RCI6N, STM32G0C1RCT6N, STM32G0C1REI6N, STM32G0C1RET6N, STM32G0C1VCI6, STM32G0C1VEI6, STM32G411C6T3, STM32G411C6T6, STM32G411C6U3, STM32G411C6U6, STM32G411C8T3, STM32G411C8T6, STM32G411C8U3, STM32G411C8U6, STM32G411CBT3, STM32G411CBT6, STM32G411CBU3, STM32G411CBU6, STM32G411K6T3, STM32G411K6T6, STM32G411K6U3, STM32G411K6U6, STM32G411K8T3, STM32G411K8T6, STM32G411K8U3, STM32G411K8U6, STM32G411KBT3, STM32G411KBT6, STM32G411KBU3, STM32G411KBU6, STM32G411M6T3, STM32G411M6T6, STM32G411M8T3, STM32G411M8T6, STM32G411MBT3, STM32G411MBT6, STM32G411R6T3, STM32G411R6T6, STM32G411R8T3, STM32G411R8T6, STM32G411RBT3, STM32G411RBT6, STM32G414CBT3, STM32G414CBT6, STM32G414CBU3, STM32G414CBU6, STM32G414CCT3, STM32G414CCT6, STM32G414CCU3, STM32G414CCU6, STM32G414MBT3, STM32G414MBT6, STM32G414MCT3, STM32G414MCT6, STM32G414RBT3, STM32G414RBT6, STM32G414RCT3, STM32G414RCT6, STM32G414VBT3, STM32G414VBT6, STM32G414VCT3, STM32G414VCT6, STM32G431CBT3Z, STM32G431RBT3Z, STM32G471CCT6, STM32G471CCU6, STM32G471CET3, STM32G471CET6, STM32G471CEU3, STM32G471CEU6, STM32G471MCT6, STM32G471MET3, STM32G471MET6, STM32G471MEY6TR, STM32G471QCT6, STM32G471QET3, STM32G471RCT6, STM32G471RET3, STM32G471RET6, STM32G471VCH6, STM32G471VCI6, STM32G471VCT6, STM32G471VEH3, STM32G471VEH6, STM32G471VEI3, STM32G471VEI6, STM32G471VET3, STM32G471VET6, STM32G473QET3Z, STM32G473RET3Z, STM32G474CCT6, STM32G491RET3Z, STM32H503CBT6, STM32H503CBU6, STM32H503EBY6TR, STM32H503KBU6, STM32H503RBT6, STM32H523CCT6, STM32H523CCU6, STM32H523CET6, STM32H523CEU6, STM32H523HEY6TR, STM32H523RCT6, STM32H523RET6, STM32H523VCI6, STM32H523VCT6, STM32H523VEI6, STM32H523VET6, STM32H523ZCJ6, STM32H523ZCT6, STM32H523ZEJ6, STM32H523ZET6, STM32H533CET6, STM32H533CEU6, STM32H533HEY6TR, STM32H533RET6, STM32H533VEI6, STM32H533VET6, STM32H533ZEJ6, STM32H533ZET6, STM32H562AGI6, STM32H562AII6, STM32H562IGK6, STM32H562IGT6, STM32H562IIK6, STM32H562IIT6, STM32H562RGT6, STM32H562RGV6, STM32H562RIT6, STM32H562RIV6, STM32H562VGT6, STM32H562VIT6, STM32H562ZGT6, STM32H562ZIT6, STM32H563AGI6, STM32H563AII3Q, STM32H563AII6, STM32H563IGK6, STM32H563IGT6, STM32H563IIK3Q, STM32H563IIK6, STM32H563IIT3Q, STM32H563IIT6, STM32H563MIY3QTR, STM32H563RGT6, STM32H563RGV6, STM32H563RIT6, STM32H563RIV6, STM32H563VGT6, STM32H563VIT3Q, STM32H563VIT6, STM32H563ZGT6, STM32H563ZIT3Q, STM32H563ZIT6, STM32H573AII3Q, STM32H573AII6, STM32H573I-DK, STM32H573IIK3Q, STM32H573IIK6, STM32H573IIT3Q, STM32H573IIT6, STM32H573MIY3QTR, STM32H573RIT6, STM32H573RIV6, STM32H573VIT3Q, STM32H573VIT6, STM32H573ZIT3Q, STM32H573ZIT6, STM32H7R3A8I6, STM32H7R3I8K6, STM32H7R3I8T6, STM32H7R3L8H6, STM32H7R3L8H6H, STM32H7R3R8V6, STM32H7R3V8H6, STM32H7R3V8T6, STM32H7R3V8Y6TR, STM32H7R3Z8J6, STM32H7R3Z8T6, STM32H7R7A8I6, STM32H7R7I8K6, STM32H7R7I8T6, STM32H7R7L8H6, STM32H7R7L8H6H, STM32H7R7Z8J6, STM32H7S3A8I6, STM32H7S3I8K6, STM32H7S3I8T6, STM32H7S3L8H6, STM32H7S3L8H6H, STM32H7S3R8V6, STM32H7S3V8H6, STM32H7S3V8T6, STM32H7S3V8Y6TR, STM32H7S3Z8J6, STM32H7S3Z8T6, STM32H7S78-DK, STM32H7S7A8I6, STM32H7S7I8K6, STM32H7S7I8T6, STM32H7S7L8H6, STM32H7S7L8H6H, STM32H7S7Z8J6, STM32L4R5QGI6STR, STM32MP131AAE3, STM32MP131AAF3, STM32MP131AAG3, STM32MP131CAE3, STM32MP131CAF3, STM32MP131CAG3, STM32MP131DAE7, STM32MP131DAF7, STM32MP131DAG7, STM32MP131FAE7, STM32MP131FAF7, STM32MP131FAG7, STM32MP133AAE3, STM32MP133AAF3, STM32MP133AAG3, STM32MP133CAE3, STM32MP133CAF3, STM32MP133CAG3, STM32MP133DAE7, STM32MP133DAF7, STM32MP133DAG7, STM32MP133FAE7, STM32MP133FAF7, STM32MP133FAG7, STM32MP135AAE3, STM32MP135AAF3, STM32MP135AAG3, STM32MP135CAE3, STM32MP135CAF3, STM32MP135CAG3, STM32MP135DAE7, STM32MP135DAF7, STM32MP135DAG7, STM32MP135F-DK, STM32MP135FAE7, STM32MP135FAF7, STM32MP135FAF7T, STM32MP135FAF7U, STM32MP135FAG7, STM32MP211AAL3, STM32MP211AAM3, STM32MP211AAN3, STM32MP211AAO3, STM32MP211CAL3, STM32MP211CAM3, STM32MP211CAN3, STM32MP211CAO3, STM32MP211DAL3, STM32MP211DAM3, STM32MP211DAN3, STM32MP211DAO3, STM32MP211FAL3, STM32MP211FAM3, STM32MP211FAN3, STM32MP211FAO3, STM32MP213AAL3, STM32MP213AAM3, STM32MP213AAN3, STM32MP213AAO3, STM32MP213CAL3, STM32MP213CAM3, STM32MP213CAN3, STM32MP213CAO3, STM32MP213DAL3, STM32MP213DAM3, STM32MP213DAN3, STM32MP213DAO3, STM32MP213FAL3, STM32MP213FAM3, STM32MP213FAN3, STM32MP213FAO3, STM32MP215AAL3, STM32MP215AAM3, STM32MP215AAN3, STM32MP215AAO3, STM32MP215CAL3, STM32MP215CAM3, STM32MP215CAN3, STM32MP215CAO3, STM32MP215DAL3, STM32MP215DAM3, STM32MP215DAN3, STM32MP215DAO3, STM32MP215F-DK, STM32MP215FAL3, STM32MP215FAM3, STM32MP215FAN3, STM32MP215FAO3, STM32MP231AAJ3, STM32MP231AAK3, STM32MP231AAL3, STM32MP231CAJ3, STM32MP231CAK3, STM32MP231CAL3, STM32MP231DAJ3, STM32MP231DAK3, STM32MP231DAL3, STM32MP231FAJ3, STM32MP231FAK3, STM32MP231FAL3, STM32MP233AAJ3, STM32MP233AAK3, STM32MP233AAL3, STM32MP233CAJ3, STM32MP233CAK3, STM32MP233CAL3, STM32MP233DAJ3, STM32MP233DAK3, STM32MP233DAL3, STM32MP233FAJ3, STM32MP233FAK3, STM32MP233FAL3, STM32MP235AAJ3, STM32MP235AAK3, STM32MP235AAL3, STM32MP235CAJ3, STM32MP235CAK3, STM32MP235CAL3, STM32MP235DAJ3, STM32MP235DAK3, STM32MP235DAL3, STM32MP235FAJ3, STM32MP235FAK3, STM32MP235FAL3, STM32MP251AAI3, STM32MP251AAK3, STM32MP251AAL3, STM32MP251CAI3, STM32MP251CAK3, STM32MP251CAL3, STM32MP251DAI3, STM32MP251DAK3, STM32MP251DAL3, STM32MP251FAI3, STM32MP251FAK3, STM32MP251FAL3, STM32MP253AAI3, STM32MP253AAK3, STM32MP253AAL3, STM32MP253CAI3, STM32MP253CAK3, STM32MP253CAL3, STM32MP253DAI3, STM32MP253DAK3, STM32MP253DAL3, STM32MP253FAI3, STM32MP253FAK3, STM32MP253FAL3, STM32MP255AAI3, STM32MP255AAK3, STM32MP255AAL3, STM32MP255CAI3, STM32MP255CAK3, STM32MP255CAL3, STM32MP255DAI3, STM32MP255DAK3, STM32MP255DAL3, STM32MP255FAI3, STM32MP255FAK3, STM32MP255FAL3, STM32MP257AAI3, STM32MP257AAK3, STM32MP257AAL3, STM32MP257CAI3, STM32MP257CAK3, STM32MP257CAL3, STM32MP257DAI3, STM32MP257DAK3, STM32MP257DAL3, STM32MP257F-DK, STM32MP257F-EV1, STM32MP257FAI3, STM32MP257FAK3, STM32MP257FAL3, STM32N645A0H3Q, STM32N645B0H3Q, STM32N645I0H3Q, STM32N645L0H3Q, STM32N645X0H3Q, STM32N645Z0H3Q, STM32N647A0H3Q, STM32N647B0H3Q, STM32N647I0H3Q, STM32N647L0H3Q, STM32N647X0H3Q, STM32N647Z0H3Q, STM32N655A0H3Q, STM32N655B0H3Q, STM32N655I0H3Q, STM32N655L0H3Q, STM32N655X0H3Q, STM32N655Z0H3Q, STM32N6570-DK, STM32N657A0H3Q, STM32N657B0H3Q, STM32N657I0H3Q, STM32N657L0H3Q, STM32N657X0H3Q, STM32N657Z0H3Q, STM32U031C6T6, STM32U031C6U6, STM32U031C8T6, STM32U031C8U6, STM32U031F4P6, STM32U031F6P6, STM32U031F8P6, STM32U031G6Y6TR, STM32U031G8Y6TR, STM32U031K4U6, STM32U031K6U6, STM32U031K8U6, STM32U031R6I6, STM32U031R6T6, STM32U031R8I6, STM32U031R8T6, STM32U073C8T6, STM32U073C8U6, STM32U073CBT6, STM32U073CBU6, STM32U073CCT6, STM32U073CCU6, STM32U073H8Y6TR, STM32U073HBY6TR, STM32U073HCY6TR, STM32U073K8U6, STM32U073KBU6, STM32U073KCU6, STM32U073M8I6, STM32U073M8T6, STM32U073MBI6, STM32U073MBT6, STM32U073MCI6, STM32U073MCT6, STM32U073R8I6, STM32U073R8T6, STM32U073RBI6, STM32U073RBT6, STM32U073RCI6, STM32U073RCT6, STM32U083C-DK, STM32U083CCT6, STM32U083CCU6, STM32U083HCY6TR, STM32U083KCU6, STM32U083MCI6, STM32U083MCT6, STM32U083RCI6, STM32U083RCT6, STM32U375CET6, STM32U375CET6Q, STM32U375CEU6, STM32U375CEU6Q, STM32U375CEY6QTR, STM32U375CGT6, STM32U375CGT6Q, STM32U375CGU6, STM32U375CGU6Q, STM32U375CGY6QTR, STM32U375KEU6, STM32U375KGU6, STM32U375REI6, STM32U375REI6Q, STM32U375RET6, STM32U375RET6Q, STM32U375REY6GTR, STM32U375REY6QTR, STM32U375RGI6, STM32U375RGI6Q, STM32U375RGT6, STM32U375RGT6Q, STM32U375RGY6GTR, STM32U375RGY6QTR, STM32U375VEI6, STM32U375VEI6Q, STM32U375VET6, STM32U375VET6Q, STM32U375VGI6, STM32U375VGI6Q, STM32U375VGT6, STM32U375VGT6Q, STM32U385CGT6, STM32U385CGT6Q, STM32U385CGU6, STM32U385CGU6Q, STM32U385CGY6QTR, STM32U385KGU6, STM32U385RGI6, STM32U385RGI6Q, STM32U385RGT6, STM32U385RGT6Q, STM32U385RGY6GTR, STM32U385RGY6QTR, STM32U385VGI6, STM32U385VGI6Q, STM32U385VGT6, STM32U385VGT6Q, STM32U535CBT6, STM32U535CBT6Q, STM32U535CBU6, STM32U535CBU6Q, STM32U535CCT6, STM32U535CCT6Q, STM32U535CCU6, STM32U535CCU6Q, STM32U535CET6, STM32U535CET6Q, STM32U535CEU6, STM32U535CEU6Q, STM32U535JEY6QTR, STM32U535NCY6QTR, STM32U535NEY6QTR, STM32U535RBI6, STM32U535RBI6Q, STM32U535RBT6, STM32U535RBT6Q, STM32U535RCI6, STM32U535RCI6Q, STM32U535RCT6, STM32U535RCT6Q, STM32U535REI6, STM32U535REI6Q, STM32U535RET6, STM32U535RET6Q, STM32U535VCI6, STM32U535VCI6Q, STM32U535VCT6, STM32U535VCT6Q, STM32U535VEI6, STM32U535VEI6Q, STM32U535VET6, STM32U535VET6Q, STM32U545CET6, STM32U545CET6Q, STM32U545CEU6, STM32U545CEU6Q, STM32U545JEY6QTR, STM32U545NEY6QTR, STM32U545REI6, STM32U545REI6Q, STM32U545RET6, STM32U545RET6Q, STM32U545VEI6, STM32U545VEI6Q, STM32U545VET6, STM32U545VET6Q, STM32U595AIH6, STM32U595AIH6Q, STM32U595AJH6, STM32U595AJH6Q, STM32U595QII6, STM32U595QII6Q, STM32U595QJI6, STM32U595QJI6Q, STM32U595RIT6, STM32U595RIT6Q, STM32U595RJT6, STM32U595RJT6Q, STM32U595VIT6, STM32U595VIT6Q, STM32U595VJT6, STM32U595VJT6Q, STM32U595ZIT6, STM32U595ZIT6Q, STM32U595ZIY6QTR, STM32U595ZJT6, STM32U595ZJT6Q, STM32U595ZJY6QTR, STM32U599BJY6QTR, STM32U599NIH6Q, STM32U599NJH6Q, STM32U599VIT6Q, STM32U599VJT6, STM32U599VJT6Q, STM32U599ZIT6Q, STM32U599ZIY6QTR, STM32U599ZJT6Q, STM32U599ZJY6QTR, STM32U5A5AJH6, STM32U5A5AJH6Q, STM32U5A5QII3Q , STM32U5A5QJI6, STM32U5A5QJI6Q, STM32U5A5RJT6, STM32U5A5RJT6Q, STM32U5A5VJT6, STM32U5A5VJT6Q, STM32U5A5ZJT6, STM32U5A5ZJT6Q, STM32U5A5ZJY6QTR, STM32U5A9BJY6QTR, STM32U5A9J-DK, STM32U5A9NJH6Q, STM32U5A9VJT6Q, STM32U5A9ZJT6Q, STM32U5A9ZJY6QTR, STM32U5F7VIT6, STM32U5F7VIT6Q, STM32U5F7VJT6, STM32U5F7VJT6Q, STM32U5F9BJY6QTR, STM32U5F9NJH6Q, STM32U5F9VIT6Q, STM32U5F9VJT6Q, STM32U5F9ZIJ6QTR, STM32U5F9ZIT6Q, STM32U5F9ZJJ6QTR, STM32U5F9ZJT6Q, STM32U5G7VJT6, STM32U5G7VJT6Q, STM32U5G9BJY6QTR, STM32U5G9J-DK1, STM32U5G9J-DK2, STM32U5G9NJH6Q, STM32U5G9VJT6Q, STM32U5G9ZJJ6QTR, STM32U5G9ZJT6Q, STM32WB05KZV6TR, STM32WB05KZV7TR, STM32WB05TZF6TR, STM32WB05TZF7TR, STM32WB06CCF6TR, STM32WB06CCF7TR, STM32WB06CCV6TR, STM32WB06CCV7TR, STM32WB06KCV6TR, STM32WB06KCV7TR, STM32WB07CCF6TR, STM32WB07CCF7TR, STM32WB07CCV6TR, STM32WB07CCV7TR, STM32WB07KCV6TR, STM32WB07KCV7TR, STM32WB09KEV6TR, STM32WB09KEV7TR, STM32WB09TEF6TR, STM32WB09TEF7TR, STM32WB1MMCH6, STM32WBA50KGU6, STM32WBA50KGU6TR, STM32WBA52CEU6, STM32WBA52CEU6TR, STM32WBA52CEU7, STM32WBA52CEU7TR, STM32WBA52CGU6, STM32WBA52CGU6TR, STM32WBA52CGU6U, STM32WBA52CGU7, STM32WBA52CGU7TR, STM32WBA52KEU6, STM32WBA52KEU6TR, STM32WBA52KGU6, STM32WBA52KGU6TR, STM32WBA54CEU6, STM32WBA54CEU6TR, STM32WBA54CEU7, STM32WBA54CEU7TR, STM32WBA54CGU6, STM32WBA54CGU6TR, STM32WBA54CGU7, STM32WBA54CGU7TR, STM32WBA54KEU6, STM32WBA54KEU6TR, STM32WBA54KEU7, STM32WBA54KEU7TR, STM32WBA54KGU6, STM32WBA54KGU6TR, STM32WBA54KGU7, STM32WBA54KGU7TR, STM32WBA55CEU6, STM32WBA55CEU6TR, STM32WBA55CEU7, STM32WBA55CEU7TR, STM32WBA55CGU6, STM32WBA55CGU6TR, STM32WBA55CGU6U, STM32WBA55CGU7, STM32WBA55CGU7TR, STM32WBA55G-DK1, STM32WBA55HEF6, STM32WBA55HEF7, STM32WBA55HGF6, STM32WBA55HGF7, STM32WBA55UEI6, STM32WBA55UEI6TR, STM32WBA55UEI7, STM32WBA55UEI7TR, STM32WBA55UGI6, STM32WBA55UGI6TR, STM32WBA55UGI7, STM32WBA55UGI7TR, STM32WBA5MMGH6TR, STM32WBA62MGF6, STM32WBA62MIF6, STM32WBA65MGF7, STM32WBA65MIF6, STM32WBA65MIF7, STM32WL30K8V6, STM32WL30KBV6, STM32WL31C8V6, STM32WL31CBV6, STM32WL31K8V6, STM32WL31KBV6, STM32WL33C8V6, STM32WL33C8V6X, STM32WL33CBV6, STM32WL33CBV6X, STM32WL33CCV6, STM32WL33CCV6A, STM32WL33CCV6X, STM32WL33K8V7, STM32WL33K8V7X, STM32WL33KBV7 , STM32WL33KBV7X, STM32WL33KCV7, STM32WL33KCV7X, STM32WL5MOCH6, STM32WL5MOCH6TR]
2026-04-17 15:02:03,222 [INFO] DbMcus:218 - Found 4922 MCUs, 4922 are supported
2026-04-17 15:02:03,223 [INFO] ApiDb:423 - Load user favorites file /Users/ggpai/.stm32cubeide/favorites.mcus.txt: 0 item(s)
2026-04-17 15:02:03,224 [INFO] ApiDb:427 - User favorites MCUs=[]
2026-04-17 15:02:03,224 [INFO] DbMcus:224 - Set 0 / 0 favorites MCUs
2026-04-17 15:02:03,781 [INFO] BoardInfo:889 - No configuration file found for board P-NUCLEO-WB55
2026-04-17 15:02:03,790 [INFO] DbBoards:161 - Kit is not supported: P-NUCLEO-WB55
2026-04-17 15:02:03,797 [INFO] BoardInfo:889 - No configuration file found for board STEVAL-BFA001V1B
2026-04-17 15:02:03,797 [INFO] DbBoards:161 - Kit is not supported: STEVAL-BFA001V1B
2026-04-17 15:02:03,798 [INFO] BoardInfo:889 - No configuration file found for board STEVAL-BFA001V2B
2026-04-17 15:02:03,798 [INFO] DbBoards:161 - Kit is not supported: STEVAL-BFA001V2B
2026-04-17 15:02:03,908 [INFO] DbBoards:168 - Found 212 boards, 209 are supported
2026-04-17 15:02:03,908 [INFO] DbBoards:169 - Found 212 boards, 43 of them is supported for  Bsp
2026-04-17 15:02:03,921 [INFO] ApiDb:423 - Load user favorites file /Users/ggpai/.stm32cubeide/favorites.boards.txt: 1 item(s)
2026-04-17 15:02:03,922 [INFO] ApiDb:427 - User favorites Boards=[STM32F407G-DISC1]
2026-04-17 15:02:03,923 [INFO] DbBoards:198 - Set 1 / 1 favorites Boards
2026-04-17 15:02:04,039 [INFO] UtilMem:75 - End LoadConfig() Used Memory: 328525392 Bytes (360710144)
2026-04-17 15:02:04,160 [WARN] ThirdParty:833 - waiting for thirdparty lock release [change project]
2026-04-17 15:02:04,168 [INFO] ThirdParty:835 - entering critical section [change project]
2026-04-17 15:02:04,169 [INFO] ThirdParty:1030 - CMSIS Pack Vendor :STMicroelectronics USBPD 4.1
2026-04-17 15:02:04,169 [INFO] ThirdParty:1030 - CMSIS Pack Vendor :STMicroelectronics ThreadX 1.0.0
2026-04-17 15:02:04,169 [INFO] ThirdParty:1030 - CMSIS Pack Vendor :STMicroelectronics USB_HOST 2.0.0
2026-04-17 15:02:04,169 [INFO] ThirdParty:1030 - CMSIS Pack Vendor :STMicroelectronics LIBJPEG 8.0.0
2026-04-17 15:02:04,169 [INFO] ThirdParty:1030 - CMSIS Pack Vendor :STMicroelectronics FreeRTOS 0.0.1
2026-04-17 15:02:04,169 [INFO] ThirdParty:1030 - CMSIS Pack Vendor :STMicroelectronics USB_DEVICE 1.0.0
2026-04-17 15:02:04,169 [INFO] ThirdParty:1030 - CMSIS Pack Vendor :STMicroelectronics STM32_WPAN 1.0.0
2026-04-17 15:02:04,169 [INFO] ThirdParty:1030 - CMSIS Pack Vendor :STMicroelectronics USB_DEVICE 3.0.0
2026-04-17 15:02:04,169 [INFO] ThirdParty:1030 - CMSIS Pack Vendor :STMicroelectronics HAL Drivers 0.0.0
2026-04-17 15:02:04,169 [INFO] ThirdParty:1030 - CMSIS Pack Vendor :STMicroelectronics MBEDTLS 2.16.2
2026-04-17 15:02:04,169 [INFO] ThirdParty:1030 - CMSIS Pack Vendor :STMicroelectronics ThreadX 0.0.2
2026-04-17 15:02:04,169 [INFO] ThirdParty:1030 - CMSIS Pack Vendor :STMicroelectronics lwIP 2.0.3
2026-04-17 15:02:04,169 [INFO] ThirdParty:1030 - CMSIS Pack Vendor :STMicroelectronics lwIP 2.1.2
2026-04-17 15:02:04,169 [INFO] ThirdParty:1030 - CMSIS Pack Vendor :STMicroelectronics MBEDTLS 2.14.1
2026-04-17 15:02:04,169 [INFO] ThirdParty:1030 - CMSIS Pack Vendor :STMicroelectronics USB_HOST 1.0.0
2026-04-17 15:02:04,169 [INFO] ThirdParty:1030 - CMSIS Pack Vendor :STMicroelectronics PDM2PCM 3.1.0
2026-04-17 15:02:04,170 [INFO] ThirdParty:1030 - CMSIS Pack Vendor :STMicroelectronics USB_DEVICE 2.0.0
2026-04-17 15:02:04,170 [INFO] ThirdParty:1030 - CMSIS Pack Vendor :STMicroelectronics PDM2PCM 3.2.0
2026-04-17 15:02:04,170 [INFO] ThirdParty:1030 - CMSIS Pack Vendor :STMicroelectronics PDM2PCM 3.3.0
2026-04-17 15:02:04,172 [INFO] ThirdParty:841 - exiting critical section [change project]
2026-04-17 15:02:05,090 [INFO] PinOutPanel:1589 - setPackage(No Configuration,No Configuration)
2026-04-17 15:02:05,099 [INFO] PinOutPanel:1589 - setPackage(STM32F446RETx,LQFP64)
2026-04-17 15:02:06,241 [INFO] UtilMem:75 - Before build in PCC Used Memory: 224963008 Bytes (360710144)
2026-04-17 15:02:07,797 [INFO] UtilMem:75 - After build in PCC Used Memory: 219526848 Bytes (360710144)
2026-04-17 15:02:07,888 [INFO] IPUIPlugin:80 - create IPUIPlugin
2026-04-17 15:02:07,890 [INFO] IPUIPlugin:80 - create IPUIPlugin
2026-04-17 15:02:07,890 [INFO] IPUIPlugin:80 - create IPUIPlugin
2026-04-17 15:02:07,891 [INFO] IPUIPlugin:80 - create IPUIPlugin
2026-04-17 15:02:07,891 [INFO] IPUIPlugin:80 - create IPUIPlugin
2026-04-17 15:02:07,892 [INFO] IPUIPlugin:80 - create IPUIPlugin
2026-04-17 15:02:07,892 [INFO] IPUIPlugin:80 - create IPUIPlugin
2026-04-17 15:02:07,893 [INFO] IPUIPlugin:80 - create IPUIPlugin
2026-04-17 15:02:07,893 [INFO] IPUIPlugin:80 - create IPUIPlugin
2026-04-17 15:02:07,893 [INFO] IPUIPlugin:80 - create IPUIPlugin
2026-04-17 15:02:07,893 [INFO] IPUIPlugin:80 - create IPUIPlugin
2026-04-17 15:02:07,894 [INFO] IPUIPlugin:80 - create IPUIPlugin
2026-04-17 15:02:07,894 [INFO] IPUIPlugin:80 - create IPUIPlugin
2026-04-17 15:02:07,894 [INFO] IPUIPlugin:80 - create IPUIPlugin
2026-04-17 15:02:07,894 [INFO] IPUIPlugin:80 - create IPUIPlugin
2026-04-17 15:02:07,894 [INFO] IPUIPlugin:80 - create IPUIPlugin
2026-04-17 15:02:07,894 [INFO] IPUIPlugin:80 - create IPUIPlugin
2026-04-17 15:02:07,897 [INFO] IPUIPlugin:80 - create IPUIPlugin
2026-04-17 15:02:07,898 [INFO] IPUIPlugin:80 - create IPUIPlugin
2026-04-17 15:02:07,899 [INFO] IPUIPlugin:80 - create IPUIPlugin
2026-04-17 15:02:07,899 [INFO] IPUIPlugin:80 - create IPUIPlugin
2026-04-17 15:02:07,899 [INFO] IPUIPlugin:80 - create IPUIPlugin
2026-04-17 15:02:07,899 [INFO] IPUIPlugin:80 - create IPUIPlugin
2026-04-17 15:02:07,899 [INFO] IPUIPlugin:80 - create IPUIPlugin
2026-04-17 15:02:07,899 [INFO] IPUIPlugin:80 - create IPUIPlugin
2026-04-17 15:02:07,899 [INFO] IPUIPlugin:80 - create IPUIPlugin
2026-04-17 15:02:07,899 [INFO] IPUIPlugin:80 - create IPUIPlugin
2026-04-17 15:02:07,900 [INFO] IPUIPlugin:80 - create IPUIPlugin
2026-04-17 15:02:07,900 [INFO] IPUIPlugin:80 - create IPUIPlugin
2026-04-17 15:02:07,900 [INFO] IPUIPlugin:80 - create IPUIPlugin
2026-04-17 15:02:07,900 [INFO] IPUIPlugin:80 - create IPUIPlugin
2026-04-17 15:02:07,901 [INFO] IPUIPlugin:80 - create IPUIPlugin
2026-04-17 15:02:07,901 [INFO] IPUIPlugin:80 - create IPUIPlugin
2026-04-17 15:02:07,901 [INFO] IPUIPlugin:80 - create IPUIPlugin
2026-04-17 15:02:07,901 [INFO] IPUIPlugin:80 - create IPUIPlugin
2026-04-17 15:02:07,901 [INFO] IPUIPlugin:80 - create IPUIPlugin
2026-04-17 15:02:07,901 [INFO] IPUIPlugin:80 - create IPUIPlugin
2026-04-17 15:02:07,901 [INFO] IPUIPlugin:80 - create IPUIPlugin
2026-04-17 15:02:07,901 [INFO] IPUIPlugin:80 - create IPUIPlugin
2026-04-17 15:02:07,901 [INFO] IPUIPlugin:80 - create IPUIPlugin
2026-04-17 15:02:07,901 [INFO] IPUIPlugin:80 - create IPUIPlugin
2026-04-17 15:02:07,901 [INFO] IPUIPlugin:80 - create IPUIPlugin
2026-04-17 15:02:07,902 [INFO] IPUIPlugin:80 - create IPUIPlugin
2026-04-17 15:02:07,902 [INFO] IPUIPlugin:80 - create IPUIPlugin
2026-04-17 15:02:07,902 [INFO] IPUIPlugin:80 - create IPUIPlugin
2026-04-17 15:02:07,902 [INFO] IPUIPlugin:80 - create IPUIPlugin
2026-04-17 15:02:07,902 [INFO] IPUIPlugin:80 - create IPUIPlugin
2026-04-17 15:02:07,902 [INFO] IPUIPlugin:80 - create IPUIPlugin
2026-04-17 15:02:07,902 [INFO] IPUIPlugin:80 - create IPUIPlugin
2026-04-17 15:02:07,902 [INFO] IPUIPlugin:80 - create IPUIPlugin
2026-04-17 15:02:07,902 [INFO] IPUIPlugin:80 - create IPUIPlugin
2026-04-17 15:02:07,903 [INFO] IPUIPlugin:80 - create IPUIPlugin
2026-04-17 15:02:07,903 [INFO] IPUIPlugin:80 - create IPUIPlugin
2026-04-17 15:02:07,903 [INFO] IPUIPlugin:80 - create IPUIPlugin
2026-04-17 15:02:07,903 [INFO] IPUIPlugin:80 - create IPUIPlugin
2026-04-17 15:02:07,903 [INFO] IPUIPlugin:80 - create IPUIPlugin
2026-04-17 15:02:07,904 [INFO] IPUIPlugin:80 - create IPUIPlugin
2026-04-17 15:02:07,904 [INFO] IPUIPlugin:80 - create IPUIPlugin
2026-04-17 15:02:07,904 [INFO] IPUIPlugin:80 - create IPUIPlugin
2026-04-17 15:02:07,905 [INFO] IPUIPlugin:80 - create IPUIPlugin
2026-04-17 15:02:07,948 [INFO] ApiDbMcu:532 - Load IP Config File for PDM2PCM
2026-04-17 15:02:08,552 [INFO] CADModel:165 - CPN selected for project levelSTM32F446RET6
2026-04-17 15:02:08,559 [INFO] CADModel:114 - Register for checkConnection events
2026-04-17 15:02:08,617 [INFO] OpenFileManager:386 - Restore cursor
2026-04-17 15:03:01,614 [INFO] Gpio:278 - dependency for GPIO []
2026-04-17 15:03:11,005 [INFO] Gpio:278 - dependency for GPIO []
2026-04-17 15:03:27,173 [INFO] NvicIntPanel:101 - NVIC parent = com.st.microxplorer.plugins.ip.nvic.MultiNvicIntPanel[,0,0,736x452,layout=javax.swing.BoxLayout,alignmentX=0.0,alignmentY=0.0,border=,flags=9,maximumSize=,minimumSize=,preferredSize=]
2026-04-17 15:03:39,769 [INFO] NvicIntPanel:101 - NVIC parent = com.st.microxplorer.plugins.ip.nvic.MultiNvicIntPanel[,0,0,0x0,invalid,layout=javax.swing.BoxLayout,alignmentX=0.0,alignmentY=0.0,border=,flags=9,maximumSize=,minimumSize=,preferredSize=]
2026-04-17 15:06:24,900 [INFO] UtilMem:75 - End SaveConfig() Used Memory: 337321080 Bytes (387973120)
2026-04-17 15:06:25,320 [ERROR] ConfigurationRetriever:142 - IOException on connection: PKIX path building failed: sun.security.provider.certpath.SunCertPathBuilderException: unable to find valid certification path to requested target
2026-04-17 15:06:25,433 [ERROR] ConfigurationRetriever:142 - IOException on connection: PKIX path building failed: sun.security.provider.certpath.SunCertPathBuilderException: unable to find valid certification path to requested target
2026-04-17 15:06:25,496 [ERROR] ConfigurationRetriever:142 - IOException on connection: PKIX path building failed: sun.security.provider.certpath.SunCertPathBuilderException: unable to find valid certification path to requested target
2026-04-17 15:06:27,568 [INFO] UtilMem:75 - End SaveConfig() Used Memory: 268644376 Bytes (387973120)
2026-04-17 15:06:27,764 [ERROR] ConfigurationRetriever:142 - IOException on connection: PKIX path building failed: sun.security.provider.certpath.SunCertPathBuilderException: unable to find valid certification path to requested target
2026-04-17 15:06:27,809 [ERROR] ConfigurationRetriever:142 - IOException on connection: PKIX path building failed: sun.security.provider.certpath.SunCertPathBuilderException: unable to find valid certification path to requested target
2026-04-17 15:06:27,851 [ERROR] ConfigurationRetriever:142 - IOException on connection: PKIX path building failed: sun.security.provider.certpath.SunCertPathBuilderException: unable to find valid certification path to requested target
2026-04-17 15:06:28,229 [INFO] BlockDiagram:2775 - set Specific Code input for plugin: SYS
2026-04-17 15:06:28,230 [INFO] BlockDiagram:2775 - set Specific Code input for plugin: RCC
2026-04-17 15:06:28,230 [INFO] BlockDiagram:2775 - set Specific Code input for plugin: NVIC
2026-04-17 15:06:28,230 [INFO] BlockDiagram:2775 - set Specific Code input for plugin: USART
2026-04-17 15:06:28,230 [INFO] BlockDiagram:2775 - set Specific Code input for plugin: DMA
2026-04-17 15:06:28,230 [INFO] BlockDiagram:2775 - set Specific Code input for plugin: GPIO
2026-04-17 15:06:28,231 [INFO] CodeGenerator:892 - code generatio: config db path: /Applications/STM32CubeIDE.app/Contents/Eclipse/plugins/com.st.stm32cube.common.mx_6.15.0.202507011659//db/
2026-04-17 15:06:28,436 [INFO] CodeEngine:265 - oldGeneratedFile, /Users/ggpai/Desktop/DMA/workspace/USART_TO_SRAM_DMA_IT/MXTmpFiles/license.tmp_save
2026-04-17 15:06:28,898 [INFO] CodeEngine:289 - Generated code: /Users/ggpai/Desktop/DMA/workspace/USART_TO_SRAM_DMA_IT/MXTmpFiles/license.tmp
2026-04-17 15:06:28,978 [INFO] CodeEngine:265 - oldGeneratedFile, /Users/ggpai/Desktop/DMA/workspace/USART_TO_SRAM_DMA_IT/MXTmpFiles/gpio.tmp_save
2026-04-17 15:06:29,143 [INFO] CodeEngine:289 - Generated code: /Users/ggpai/Desktop/DMA/workspace/USART_TO_SRAM_DMA_IT/MXTmpFiles/gpio.tmp
2026-04-17 15:06:29,246 [INFO] CodeEngine:265 - oldGeneratedFile, /Users/ggpai/Desktop/DMA/workspace/USART_TO_SRAM_DMA_IT/MXTmpFiles/dma.tmp_save
2026-04-17 15:06:29,363 [INFO] CodeEngine:289 - Generated code: /Users/ggpai/Desktop/DMA/workspace/USART_TO_SRAM_DMA_IT/MXTmpFiles/dma.tmp
2026-04-17 15:06:29,365 [INFO] CodeEngine:265 - oldGeneratedFile, /Users/ggpai/Desktop/DMA/workspace/USART_TO_SRAM_DMA_IT/MXTmpFiles/dma_GV.tmp_save
2026-04-17 15:06:29,463 [INFO] CodeEngine:289 - Generated code: /Users/ggpai/Desktop/DMA/workspace/USART_TO_SRAM_DMA_IT/MXTmpFiles/dma_GV.tmp
2026-04-17 15:06:29,472 [INFO] CodeEngine:265 - oldGeneratedFile, /Users/ggpai/Desktop/DMA/workspace/USART_TO_SRAM_DMA_IT/Core/Src/stm32f4xx_it.c_save
2026-04-17 15:06:29,610 [INFO] CodeEngine:289 - Generated code: /Users/ggpai/Desktop/DMA/workspace/USART_TO_SRAM_DMA_IT/Core/Src/stm32f4xx_it.c
2026-04-17 15:06:29,615 [INFO] CodeEngine:265 - oldGeneratedFile, /Users/ggpai/Desktop/DMA/workspace/USART_TO_SRAM_DMA_IT/Core/Inc/stm32f4xx_it.h_save
2026-04-17 15:06:29,710 [INFO] CodeEngine:289 - Generated code: /Users/ggpai/Desktop/DMA/workspace/USART_TO_SRAM_DMA_IT/Core/Inc/stm32f4xx_it.h
2026-04-17 15:06:29,723 [INFO] CodeEngine:265 - oldGeneratedFile, /Users/ggpai/Desktop/DMA/workspace/USART_TO_SRAM_DMA_IT/Core/Src/stm32f4xx_hal_msp.c_save
2026-04-17 15:06:29,858 [INFO] CodeEngine:289 - Generated code: /Users/ggpai/Desktop/DMA/workspace/USART_TO_SRAM_DMA_IT/Core/Src/stm32f4xx_hal_msp.c
2026-04-17 15:06:29,862 [INFO] CodeEngine:265 - oldGeneratedFile, /Users/ggpai/Desktop/DMA/workspace/USART_TO_SRAM_DMA_IT/MXTmpFiles/system.tmp_save
2026-04-17 15:06:29,932 [INFO] CodeEngine:289 - Generated code: /Users/ggpai/Desktop/DMA/workspace/USART_TO_SRAM_DMA_IT/MXTmpFiles/system.tmp
2026-04-17 15:06:29,939 [INFO] CodeEngine:321 - oldGeneratedFile, /Users/ggpai/Desktop/DMA/workspace/USART_TO_SRAM_DMA_IT/Core/Inc/stm32f4xx_hal_conf.h_save
2026-04-17 15:06:30,021 [INFO] CodeEngine:345 - Generated code: /Users/ggpai/Desktop/DMA/workspace/USART_TO_SRAM_DMA_IT/Core/Inc/stm32f4xx_hal_conf.h
2026-04-17 15:06:30,081 [WARN] IPConfigManager:3238 - Warning: the RefConfig PLL2P_FOR_MCO is not available in your config.xml file
2026-04-17 15:06:30,100 [INFO] ApiDbMcu:532 - Load IP Config File for USART2
2026-04-17 15:06:30,104 [INFO] ApiDbMcu:532 - Load IP Config File for RCC
2026-04-17 15:06:30,112 [INFO] CodeEngine:265 - oldGeneratedFile, /Users/ggpai/Desktop/DMA/workspace/USART_TO_SRAM_DMA_IT/Core/Inc/main.h_save
2026-04-17 15:06:30,236 [INFO] CodeEngine:289 - Generated code: /Users/ggpai/Desktop/DMA/workspace/USART_TO_SRAM_DMA_IT/Core/Inc/main.h
2026-04-17 15:06:30,239 [INFO] CodeEngine:265 - oldGeneratedFile, /Users/ggpai/Desktop/DMA/workspace/USART_TO_SRAM_DMA_IT/Core/Src/main.c_save
2026-04-17 15:06:30,540 [INFO] CodeEngine:289 - Generated code: /Users/ggpai/Desktop/DMA/workspace/USART_TO_SRAM_DMA_IT/Core/Src/main.c
2026-04-17 15:06:31,207 [INFO] ProjectBuilder:3606 - Time for Copy HAL[1] : 114mS.
2026-04-17 15:06:31,242 [INFO] ProjectBuilder:5216 - Project Generator version: 4.7.0-B52
2026-04-17 15:06:31,413 [INFO] ConfigFileManager:1595 - The Die is : DIE421
2026-04-17 15:06:31,439 [INFO] ApiDbMcu:532 - Load IP Config File for FATFS
2026-04-17 15:06:31,454 [INFO] ApiDbMcu:532 - Load IP Config File for FREERTOS
2026-04-17 15:06:31,457 [INFO] ApiDbMcu:532 - Load IP Config File for LIBJPEG
2026-04-17 15:06:31,464 [INFO] ApiDbMcu:532 - Load IP Config File for MBEDTLS
2026-04-17 15:06:31,488 [INFO] ApiDbMcu:532 - Load IP Config File for USB_DEVICE
2026-04-17 15:06:31,495 [INFO] ApiDbMcu:532 - Load IP Config File for USB_HOST
2026-04-17 15:06:35,606 [INFO] LogOutputStream:77 - [STDOUT_REDIRECT] 
2026-04-17 15:06:38,594 [INFO] ProjectBuilder:5496 - Time for Generating toolchain IDE Files: 7340mS.
2026-04-17 15:06:38,610 [INFO] ProjectBuilder:3463 - Time for Copy CMSIS : 5mS.
2026-04-17 15:06:38,617 [INFO] ProjectBuilder:3463 - Time for Copy CMSIS : 0mS.
2026-04-17 15:34:37,795 [ERROR] ConfigurationRetriever:142 - IOException on connection: PKIX path building failed: sun.security.provider.certpath.SunCertPathBuilderException: unable to find valid certification path to requested target
2026-04-17 15:34:37,860 [ERROR] ConfigurationRetriever:142 - IOException on connection: PKIX path building failed: sun.security.provider.certpath.SunCertPathBuilderException: unable to find valid certification path to requested target
2026-04-17 15:34:37,905 [ERROR] ConfigurationRetriever:142 - IOException on connection: PKIX path building failed: sun.security.provider.certpath.SunCertPathBuilderException: unable to find valid certification path to requested target
2026-04-17 15:37:58,924 [ERROR] ConfigurationRetriever:142 - IOException on connection: PKIX path building failed: sun.security.provider.certpath.SunCertPathBuilderException: unable to find valid certification path to requested target
2026-04-17 15:37:59,230 [ERROR] ConfigurationRetriever:142 - IOException on connection: PKIX path building failed: sun.security.provider.certpath.SunCertPathBuilderException: unable to find valid certification path to requested target
2026-04-17 15:37:59,316 [ERROR] ConfigurationRetriever:142 - IOException on connection: PKIX path building failed: sun.security.provider.certpath.SunCertPathBuilderException: unable to find valid certification path to requested target
2026-04-17 15:38:48,289 [ERROR] ConfigurationRetriever:142 - IOException on connection: PKIX path building failed: sun.security.provider.certpath.SunCertPathBuilderException: unable to find valid certification path to requested target
2026-04-17 15:38:48,335 [ERROR] ConfigurationRetriever:142 - IOException on connection: PKIX path building failed: sun.security.provider.certpath.SunCertPathBuilderException: unable to find valid certification path to requested target
2026-04-17 15:38:48,372 [ERROR] ConfigurationRetriever:142 - IOException on connection: PKIX path building failed: sun.security.provider.certpath.SunCertPathBuilderException: unable to find valid certification path to requested target
2026-04-17 15:38:49,449 [INFO] LogOutputStream:77 - [STDOUT_REDIRECT] ***WARNING: Display must be created on main thread due to Cocoa restrictions. Use vmarg -XstartOnFirstThread
2026-04-17 15:38:49,515 [INFO] LogOutputStream:77 - [STDOUT_REDIRECT] ***WARNING: Display must be created on main thread due to Cocoa restrictions. Use vmarg -XstartOnFirstThread
2026-04-17 15:38:49,518 [INFO] LogOutputStream:77 - [STDOUT_REDIRECT] ***WARNING: Display must be created on main thread due to Cocoa restrictions. Use vmarg -XstartOnFirstThread
2026-04-17 15:39:16,878 [INFO] Activator:176 - 


2026-04-17 15:39:16,879 [INFO] Activator:177 - !SESSION log4j initialized
2026-04-17 15:39:22,005 [INFO] LogOutputStream:77 - [STDOUT_REDIRECT] 
2026-04-17 15:39:22,486 [ERROR] LogOutputStream:75 - [STDERR_REDIRECT] 
2026-04-17 15:39:24,214 [INFO] LogOutputStream:77 - [STDOUT_REDIRECT] 
2026-04-17 15:39:25,025 [ERROR] ConfigurationRetriever:142 - IOException on connection: PKIX path building failed: sun.security.provider.certpath.SunCertPathBuilderException: unable to find valid certification path to requested target
2026-04-17 15:39:25,066 [ERROR] ConfigurationRetriever:142 - IOException on connection: PKIX path building failed: sun.security.provider.certpath.SunCertPathBuilderException: unable to find valid certification path to requested target
2026-04-17 15:39:25,105 [ERROR] ConfigurationRetriever:142 - IOException on connection: PKIX path building failed: sun.security.provider.certpath.SunCertPathBuilderException: unable to find valid certification path to requested target
2026-04-17 15:39:25,480 [INFO] ApplicationProperties:184 - Using Application install path: /Applications/STM32CubeIDE.app/Contents/Eclipse/plugins/com.st.stm32cube.common.mx_6.15.0.202507011659
2026-04-17 15:39:25,496 [INFO] DbMcusXml:78 - Set database path to: /Applications/STM32CubeIDE.app/Contents/Eclipse/plugins/com.st.stm32cube.common.mx_6.15.0.202507011659//db//mcu/
2026-04-17 15:39:25,496 [INFO] ApiDb:274 - Set plugin database path to: /Applications/STM32CubeIDE.app/Contents/Eclipse/plugins/com.st.stm32cube.common.mx_6.15.0.202507011659//db//plugins/boardmanager/
2026-04-17 15:39:25,496 [WARN] ApiDb:259 - Overriding images path with different value:  => /Applications/STM32CubeIDE.app/Contents/Eclipse/plugins/com.st.stm32cube.common.mx_6.15.0.202507011659//db//plugins/mcufinder/images/
2026-04-17 15:39:25,503 [INFO] ApiDb:250 - Set database path to: /Users/ggpai/.stmcufinder/plugins/mcufinder//mcu/
2026-04-17 15:39:25,504 [INFO] DbMcusAds:125 - Set database path to: /Users/ggpai/.stmcufinder/plugins/mcufinder//mcu/
2026-04-17 15:39:25,505 [INFO] CrossReferenceDbSqlite:203 - Set database path to: /Users/ggpai/.stmcufinder/plugins/mcufinder//mcu/cs/
2026-04-17 15:39:25,661 [INFO] RulesReader:64 - Compatibility file has been processed (317 Rules)
2026-04-17 15:39:25,731 [INFO] DbMcusXml:78 - Set database path to: /Applications/STM32CubeIDE.app/Contents/Eclipse/plugins/com.st.stm32cube.common.mx_6.15.0.202507011659//db//mcu/
2026-04-17 15:39:25,731 [INFO] ApiDb:274 - Set plugin database path to: /Applications/STM32CubeIDE.app/Contents/Eclipse/plugins/com.st.stm32cube.common.mx_6.15.0.202507011659//db//plugins/boardmanager/
2026-04-17 15:39:25,732 [INFO] ApiDb:261 - Set plugin images path to: /Applications/STM32CubeIDE.app/Contents/Eclipse/plugins/com.st.stm32cube.common.mx_6.15.0.202507011659//db//plugins/mcufinder/images/
2026-04-17 15:39:25,733 [WARN] DbFile:41 - Overriding database path with different value: /Users/ggpai/.stmcufinder/plugins/mcufinder/ => /Users/ggpai/.stmcufinder/plugins/mcufinder
2026-04-17 15:39:25,733 [INFO] ApiDb:250 - Set database path to: /Users/ggpai/.stmcufinder/plugins/mcufinder//mcu/
2026-04-17 15:39:25,733 [WARN] DbFile:41 - Overriding database path with different value: /Users/ggpai/.stmcufinder/plugins/mcufinder/ => /Users/ggpai/.stmcufinder/plugins/mcufinder
2026-04-17 15:39:25,733 [INFO] DbMcusAds:125 - Set database path to: /Users/ggpai/.stmcufinder/plugins/mcufinder//mcu/
2026-04-17 15:39:25,734 [WARN] DbFile:41 - Overriding database path with different value: /Users/ggpai/.stmcufinder/plugins/mcufinder/ => /Users/ggpai/.stmcufinder/plugins/mcufinder
2026-04-17 15:39:25,734 [WARN] DbFile:41 - Overriding database path with different value: /Users/ggpai/.stmcufinder/plugins/mcufinder/ => /Users/ggpai/.stmcufinder/plugins/mcufinder
2026-04-17 15:39:25,734 [INFO] CrossReferenceDbSqlite:203 - Set database path to: /Users/ggpai/.stmcufinder/plugins/mcufinder//mcu/cs/
2026-04-17 15:39:25,817 [INFO] MainPanel:274 - HeapMemory: 268435456
2026-04-17 15:39:26,347 [INFO] DbMcusXml:78 - Set database path to: /Applications/STM32CubeIDE.app/Contents/Eclipse/plugins/com.st.stm32cube.common.mx_6.15.0.202507011659//db//mcu/
2026-04-17 15:39:26,347 [INFO] ApiDb:274 - Set plugin database path to: /Applications/STM32CubeIDE.app/Contents/Eclipse/plugins/com.st.stm32cube.common.mx_6.15.0.202507011659//db//plugins/boardmanager/
2026-04-17 15:39:26,348 [INFO] ApiDb:261 - Set plugin images path to: /Applications/STM32CubeIDE.app/Contents/Eclipse/plugins/com.st.stm32cube.common.mx_6.15.0.202507011659//db//plugins/mcufinder/images/
2026-04-17 15:39:26,348 [WARN] DbFile:41 - Overriding database path with different value: /Users/ggpai/.stmcufinder/plugins/mcufinder/ => /Users/ggpai/.stmcufinder/plugins/mcufinder
2026-04-17 15:39:26,348 [INFO] ApiDb:250 - Set database path to: /Users/ggpai/.stmcufinder/plugins/mcufinder//mcu/
2026-04-17 15:39:26,348 [WARN] DbFile:41 - Overriding database path with different value: /Users/ggpai/.stmcufinder/plugins/mcufinder/ => /Users/ggpai/.stmcufinder/plugins/mcufinder
2026-04-17 15:39:26,348 [INFO] DbMcusAds:125 - Set database path to: /Users/ggpai/.stmcufinder/plugins/mcufinder//mcu/
2026-04-17 15:39:26,348 [WARN] DbFile:41 - Overriding database path with different value: /Users/ggpai/.stmcufinder/plugins/mcufinder/ => /Users/ggpai/.stmcufinder/plugins/mcufinder
2026-04-17 15:39:26,348 [WARN] DbFile:41 - Overriding database path with different value: /Users/ggpai/.stmcufinder/plugins/mcufinder/ => /Users/ggpai/.stmcufinder/plugins/mcufinder
2026-04-17 15:39:26,349 [INFO] CrossReferenceDbSqlite:203 - Set database path to: /Users/ggpai/.stmcufinder/plugins/mcufinder//mcu/cs/
2026-04-17 15:39:26,367 [INFO] ApplicationProperties:184 - Using Application install path: /Applications/STM32CubeIDE.app/Contents/Eclipse/plugins/com.st.stm32cube.common.mx_6.15.0.202507011659
2026-04-17 15:39:26,369 [INFO] PluginManage:196 - Search for loadable plugins [exclusion list=, ]
2026-04-17 15:39:26,370 [INFO] PluginManage:310 - Check plugin analytics
2026-04-17 15:39:26,672 [INFO] AnalyticsPlugin:253 - Accepted Software Licenses: STM32CubeMX.6.17.0
2026-04-17 15:39:26,673 [INFO] AnalyticsPlugin:255 - Accepted CMSIS Pack Licenses: 
2026-04-17 15:39:26,673 [INFO] AnalyticsPlugin:257 - Accepted Firmware Licenses: 
2026-04-17 15:39:26,686 [INFO] PluginManage:359 - Loaded plugin analytics (category:tool,tabindex:-1)
2026-04-17 15:39:26,687 [INFO] PluginManage:310 - Check plugin cadmodel
2026-04-17 15:39:26,703 [INFO] CADModel:105 - Init CAD model plugin
2026-04-17 15:39:26,704 [INFO] PluginManage:359 - Loaded plugin cadmodel (category:power,tabindex:5)
2026-04-17 15:39:26,704 [INFO] PluginManage:310 - Check plugin clock
2026-04-17 15:39:26,720 [INFO] PluginManage:359 - Loaded plugin clock (category:base,tabindex:2)
2026-04-17 15:39:26,720 [INFO] PluginManage:310 - Check plugin ddr
2026-04-17 15:39:26,725 [INFO] PluginManage:359 - Loaded plugin ddr (category:tool,tabindex:6)
2026-04-17 15:39:26,726 [INFO] PluginManage:310 - Check plugin filemanager
2026-04-17 15:39:26,729 [ERROR] ConfigurationRetriever:142 - IOException on connection: PKIX path building failed: sun.security.provider.certpath.SunCertPathBuilderException: unable to find valid certification path to requested target
2026-04-17 15:39:26,774 [ERROR] ConfigurationRetriever:142 - IOException on connection: PKIX path building failed: sun.security.provider.certpath.SunCertPathBuilderException: unable to find valid certification path to requested target
2026-04-17 15:39:26,820 [ERROR] ConfigurationRetriever:142 - IOException on connection: PKIX path building failed: sun.security.provider.certpath.SunCertPathBuilderException: unable to find valid certification path to requested target
2026-04-17 15:39:26,900 [INFO] PluginManage:359 - Loaded plugin filemanager (category:base,tabindex:10)
2026-04-17 15:39:26,900 [INFO] PluginManage:310 - Check plugin ipmanager
2026-04-17 15:39:26,908 [INFO] PluginManage:359 - Loaded plugin ipmanager (category:base,tabindex:5)
2026-04-17 15:39:26,908 [INFO] PluginManage:310 - Check plugin lpbam
2026-04-17 15:39:26,918 [INFO] PluginManage:359 - Loaded plugin lpbam (category:base,tabindex:0)
2026-04-17 15:39:26,919 [INFO] PluginManage:310 - Check plugin memorymap
2026-04-17 15:39:26,933 [INFO] PluginManage:359 - Loaded plugin memorymap (category:base,tabindex:4)
2026-04-17 15:39:26,934 [INFO] PluginManage:310 - Check plugin pinoutandconfiguration
2026-04-17 15:39:26,942 [INFO] PluginManage:359 - Loaded plugin pinoutandconfiguration (category:base,tabindex:1)
2026-04-17 15:39:26,943 [INFO] PluginManage:310 - Check plugin pinoutconfig
2026-04-17 15:39:27,035 [WARN] SupportedApi:132 - Cannot load RTOS API schema: s4s-elt-must-match.1: The content of 'definitions' must match (annotation?, (simpleType | complexType)?, (unique | key | keyref)*)). A problem was found starting at: attribute.
2026-04-17 15:39:27,215 [INFO] PluginManage:359 - Loaded plugin pinoutconfig (category:base,tabindex:0)
2026-04-17 15:39:27,215 [INFO] PluginManage:310 - Check plugin power
2026-04-17 15:39:27,230 [INFO] PluginManage:359 - Loaded plugin power (category:power,tabindex:4)
2026-04-17 15:39:27,230 [INFO] PluginManage:310 - Check plugin projectmanager
2026-04-17 15:39:27,267 [INFO] PluginManage:359 - Loaded plugin projectmanager (category:projectmanager,tabindex:4)
2026-04-17 15:39:27,268 [INFO] PluginManage:310 - Check plugin rif
2026-04-17 15:39:27,276 [INFO] PluginManage:359 - Loaded plugin rif (category:base,tabindex:3)
2026-04-17 15:39:27,277 [INFO] PluginManage:310 - Check plugin thirdparty
2026-04-17 15:39:27,457 [INFO] PluginManage:359 - Loaded plugin thirdparty (category:base,tabindex:-1)
2026-04-17 15:39:27,457 [WARN] IntegrityCheckThread:84 - waiting for thirdparty lock release [integrity check]
2026-04-17 15:39:27,458 [INFO] PluginManage:310 - Check plugin tools
2026-04-17 15:39:27,458 [INFO] IntegrityCheckThread:86 - entering critical section [integrity check]
2026-04-17 15:39:27,458 [INFO] ThirdPartyUpdaterWithRetryManager:70 - Updater plugin not ready yet. [1/15]
2026-04-17 15:39:27,460 [INFO] PluginManage:359 - Loaded plugin tools (category:base,tabindex:7)
2026-04-17 15:39:27,460 [INFO] PluginManage:310 - Check plugin tutovideos
2026-04-17 15:39:27,650 [INFO] PluginManage:359 - Loaded plugin tutovideos (category:base,tabindex:-1)
2026-04-17 15:39:27,651 [INFO] PluginManage:310 - Check plugin updater
2026-04-17 15:39:27,684 [INFO] PluginManage:359 - Loaded plugin updater (category:base,tabindex:12)
2026-04-17 15:39:27,684 [INFO] PluginManage:310 - Check plugin userauth
2026-04-17 15:39:27,689 [INFO] UserAuth:118 - Init User Auth plugin
2026-04-17 15:39:27,691 [INFO] PluginManage:359 - Loaded plugin userauth (category:base,tabindex:14)
2026-04-17 15:39:27,692 [INFO] PluginManage:283 - PluginManage : Loaded plugins [18]
2026-04-17 15:39:27,920 [INFO] PinOutPanel:1589 - setPackage(No Configuration,No Configuration)
2026-04-17 15:39:27,993 [INFO] CADModel:165 - CPN selected for project level
2026-04-17 15:39:27,993 [INFO] CADModel:114 - Register for checkConnection events
2026-04-17 15:39:28,005 [INFO] IPUIPlugin:80 - create IPUIPlugin
2026-04-17 15:39:28,006 [INFO] PluginManager:220 - loadIPPluginJar : add mdma
2026-04-17 15:39:28,011 [INFO] IPUIPlugin:80 - create IPUIPlugin
2026-04-17 15:39:28,012 [INFO] PluginManager:220 - loadIPPluginJar : add freertos
2026-04-17 15:39:28,016 [INFO] IPUIPlugin:80 - create IPUIPlugin
2026-04-17 15:39:28,017 [INFO] PluginManager:220 - loadIPPluginJar : add gic
2026-04-17 15:39:28,028 [INFO] IPUIPlugin:80 - create IPUIPlugin
2026-04-17 15:39:28,029 [INFO] PluginManager:220 - loadIPPluginJar : add adc
2026-04-17 15:39:28,031 [INFO] IPUIPlugin:80 - create IPUIPlugin
2026-04-17 15:39:28,031 [INFO] PluginManager:220 - loadIPPluginJar : add gtzc
2026-04-17 15:39:28,032 [INFO] IPUIPlugin:80 - create IPUIPlugin
2026-04-17 15:39:28,032 [INFO] PluginManager:220 - loadIPPluginJar : add quadspi
2026-04-17 15:39:28,034 [INFO] IPUIPlugin:80 - create IPUIPlugin
2026-04-17 15:39:28,034 [INFO] PluginManager:220 - loadIPPluginJar : add aes
2026-04-17 15:39:28,036 [INFO] IPUIPlugin:80 - create IPUIPlugin
2026-04-17 15:39:28,036 [INFO] PluginManager:220 - loadIPPluginJar : add pdm2pcm
2026-04-17 15:39:28,038 [INFO] IPUIPlugin:80 - create IPUIPlugin
2026-04-17 15:39:28,038 [INFO] PluginManager:220 - loadIPPluginJar : add hash
2026-04-17 15:39:28,040 [INFO] IPUIPlugin:80 - create IPUIPlugin
2026-04-17 15:39:28,040 [INFO] PluginManager:220 - loadIPPluginJar : add tim
2026-04-17 15:39:28,042 [INFO] IPUIPlugin:80 - create IPUIPlugin
2026-04-17 15:39:28,042 [INFO] PluginManager:220 - loadIPPluginJar : add tsc
2026-04-17 15:39:28,045 [INFO] IPUIPlugin:80 - create IPUIPlugin
2026-04-17 15:39:28,045 [INFO] PluginManager:220 - loadIPPluginJar : add extmemmanager
2026-04-17 15:39:28,046 [INFO] IPUIPlugin:80 - create IPUIPlugin
2026-04-17 15:39:28,046 [INFO] PluginManager:220 - loadIPPluginJar : add ts
2026-04-17 15:39:28,048 [INFO] IPUIPlugin:80 - create IPUIPlugin
2026-04-17 15:39:28,048 [INFO] PluginManager:220 - loadIPPluginJar : add radio
2026-04-17 15:39:28,050 [INFO] IPUIPlugin:80 - create IPUIPlugin
2026-04-17 15:39:28,051 [INFO] PluginManager:220 - loadIPPluginJar : add can
2026-04-17 15:39:28,052 [INFO] IPUIPlugin:80 - create IPUIPlugin
2026-04-17 15:39:28,053 [INFO] PluginManager:220 - loadIPPluginJar : add dma3
2026-04-17 15:39:28,056 [INFO] IPUIPlugin:80 - create IPUIPlugin
2026-04-17 15:39:28,056 [INFO] PluginManager:220 - loadIPPluginJar : add dfsdm
2026-04-17 15:39:28,057 [INFO] IPUIPlugin:80 - create IPUIPlugin
2026-04-17 15:39:28,058 [INFO] PluginManager:220 - loadIPPluginJar : add spi
2026-04-17 15:39:28,060 [INFO] IPUIPlugin:80 - create IPUIPlugin
2026-04-17 15:39:28,061 [INFO] PluginManager:220 - loadIPPluginJar : add gfxmmu
2026-04-17 15:39:28,063 [INFO] IPUIPlugin:80 - create IPUIPlugin
2026-04-17 15:39:28,063 [INFO] PluginManager:220 - loadIPPluginJar : add genericplugin
2026-04-17 15:39:28,065 [INFO] IPUIPlugin:80 - create IPUIPlugin
2026-04-17 15:39:28,065 [INFO] PluginManager:220 - loadIPPluginJar : add cryp
2026-04-17 15:39:28,069 [INFO] IPUIPlugin:80 - create IPUIPlugin
2026-04-17 15:39:28,070 [INFO] PluginManager:220 - loadIPPluginJar : add gpio
2026-04-17 15:39:28,074 [INFO] IPUIPlugin:80 - create IPUIPlugin
2026-04-17 15:39:28,075 [INFO] PluginManager:220 - loadIPPluginJar : add ddr_ctrl_phy
2026-04-17 15:39:28,078 [INFO] IPUIPlugin:80 - create IPUIPlugin
2026-04-17 15:39:28,079 [INFO] PluginManager:220 - loadIPPluginJar : add comp
2026-04-17 15:39:28,081 [INFO] IPUIPlugin:80 - create IPUIPlugin
2026-04-17 15:39:28,081 [INFO] PluginManager:220 - loadIPPluginJar : add tracer_emb
2026-04-17 15:39:28,083 [INFO] IPUIPlugin:80 - create IPUIPlugin
2026-04-17 15:39:28,083 [INFO] PluginManager:220 - loadIPPluginJar : add openamp
2026-04-17 15:39:28,088 [INFO] IPUIPlugin:80 - create IPUIPlugin
2026-04-17 15:39:28,088 [INFO] PluginManager:220 - loadIPPluginJar : add stm32_wpan
2026-04-17 15:39:28,093 [INFO] IPUIPlugin:80 - create IPUIPlugin
2026-04-17 15:39:28,096 [INFO] PluginManager:220 - loadIPPluginJar : add plateformsettings
2026-04-17 15:39:28,100 [INFO] IPUIPlugin:80 - create IPUIPlugin
2026-04-17 15:39:28,100 [INFO] PluginManager:220 - loadIPPluginJar : add ipddr
2026-04-17 15:39:28,102 [INFO] IPUIPlugin:80 - create IPUIPlugin
2026-04-17 15:39:28,103 [INFO] PluginManager:220 - loadIPPluginJar : add usart
2026-04-17 15:39:28,103 [INFO] IPUIPlugin:80 - create IPUIPlugin
2026-04-17 15:39:28,103 [INFO] PluginManager:220 - loadIPPluginJar : add ltdc
2026-04-17 15:39:28,106 [INFO] IPUIPlugin:80 - create IPUIPlugin
2026-04-17 15:39:28,107 [INFO] PluginManager:220 - loadIPPluginJar : add nvic
2026-04-17 15:39:28,108 [INFO] IPUIPlugin:80 - create IPUIPlugin
2026-04-17 15:39:28,108 [INFO] PluginManager:220 - loadIPPluginJar : add fatfs
2026-04-17 15:39:28,113 [INFO] IPUIPlugin:80 - create IPUIPlugin
2026-04-17 15:39:28,113 [INFO] PluginManager:220 - loadIPPluginJar : add linkedlist
2026-04-17 15:39:28,119 [INFO] IPUIPlugin:80 - create IPUIPlugin
2026-04-17 15:39:28,119 [INFO] PluginManager:220 - loadIPPluginJar : add dma
2026-04-17 15:39:28,123 [INFO] IPUIPlugin:80 - create IPUIPlugin
2026-04-17 15:39:28,123 [INFO] PluginManager:220 - loadIPPluginJar : add fmc
2026-04-17 15:39:28,125 [INFO] IPUIPlugin:80 - create IPUIPlugin
2026-04-17 15:39:28,125 [INFO] PluginManager:220 - loadIPPluginJar : add i2s
2026-04-17 15:39:28,127 [INFO] IPUIPlugin:80 - create IPUIPlugin
2026-04-17 15:39:28,127 [INFO] PluginManager:220 - loadIPPluginJar : add ucpd
2026-04-17 15:39:28,129 [INFO] IPUIPlugin:80 - create IPUIPlugin
2026-04-17 15:39:28,129 [INFO] PluginManager:220 - loadIPPluginJar : add lorawan
2026-04-17 15:39:28,131 [INFO] IPUIPlugin:80 - create IPUIPlugin
2026-04-17 15:39:28,131 [INFO] PluginManager:220 - loadIPPluginJar : add opamp
2026-04-17 15:39:28,133 [INFO] IPUIPlugin:80 - create IPUIPlugin
2026-04-17 15:39:28,133 [INFO] PluginManager:220 - loadIPPluginJar : add i3c
2026-04-17 15:39:28,135 [INFO] IPUIPlugin:80 - create IPUIPlugin
2026-04-17 15:39:28,135 [INFO] PluginManager:220 - loadIPPluginJar : add touchsensing
2026-04-17 15:39:28,137 [INFO] IPUIPlugin:80 - create IPUIPlugin
2026-04-17 15:39:28,137 [INFO] PluginManager:220 - loadIPPluginJar : add i2c
2026-04-17 15:39:28,139 [INFO] IPUIPlugin:80 - create IPUIPlugin
2026-04-17 15:39:28,139 [INFO] PluginManager:220 - loadIPPluginJar : add resmgrutility
2026-04-17 15:39:28,141 [INFO] IPUIPlugin:80 - create IPUIPlugin
2026-04-17 15:39:28,141 [INFO] PluginManager:220 - loadIPPluginJar : add sai
2026-04-17 15:39:28,143 [INFO] IPUIPlugin:80 - create IPUIPlugin
2026-04-17 15:39:28,143 [INFO] PluginManager:220 - loadIPPluginJar : add usbx
2026-04-17 15:39:28,280 [FATAL] Updater:351 - Updater called before beeing initialized
2026-04-17 15:39:28,337 [INFO] RulesReader:64 - Compatibility file has been processed (317 Rules)
2026-04-17 15:39:28,356 [INFO] RulesReader:64 - Compatibility file has been processed (317 Rules)
2026-04-17 15:39:28,364 [INFO] CADModel:165 - CPN selected for project level
2026-04-17 15:39:28,364 [INFO] CADModel:114 - Register for checkConnection events
2026-04-17 15:39:28,364 [FATAL] Updater:351 - Updater called before beeing initialized
2026-04-17 15:39:28,364 [ERROR] CADModel:125 - Updater not yet initialized, retry later 
2026-04-17 15:39:28,580 [FATAL] Updater:351 - Updater called before beeing initialized
2026-04-17 15:39:28,581 [INFO] CADModel:165 - CPN selected for project level
2026-04-17 15:39:28,582 [INFO] CADModel:114 - Register for checkConnection events
2026-04-17 15:39:28,582 [FATAL] Updater:351 - Updater called before beeing initialized
2026-04-17 15:39:28,582 [ERROR] CADModel:125 - Updater not yet initialized, retry later 
2026-04-17 15:39:28,584 [FATAL] Updater:351 - Updater called before beeing initialized
2026-04-17 15:39:28,736 [FATAL] Updater:351 - Updater called before beeing initialized
2026-04-17 15:39:28,741 [INFO] DbMcusAds:53 - JSON generation date=Thu Sep 30 12:25:09 IST 2021 (1632984909247)
2026-04-17 15:39:28,741 [FATAL] Updater:351 - Updater called before beeing initialized
2026-04-17 15:39:28,788 [WARN] DetailPanel:346 - Failed to get advertising image, set to default
2026-04-17 15:39:28,866 [FATAL] Updater:351 - Updater called before beeing initialized
2026-04-17 15:39:28,868 [FATAL] Updater:351 - Updater called before beeing initialized
2026-04-17 15:39:28,868 [FATAL] Updater:351 - Updater called before beeing initialized
2026-04-17 15:39:28,868 [WARN] DetailPanel:346 - Failed to get advertising image, set to default
2026-04-17 15:39:28,870 [FATAL] Updater:351 - Updater called before beeing initialized
2026-04-17 15:39:28,923 [ERROR] Updater:1198 - MainUpdater not yet initialized. External WinMGr cannot be set.
2026-04-17 15:39:28,925 [INFO] Updater:1134 - Updater Version found : 6.15.0
2026-04-17 15:39:28,938 [INFO] ApplicationProperties:184 - Using Application install path: /Applications/STM32CubeIDE.app/Contents/Eclipse/plugins/com.st.stm32cube.common.mx_6.15.0.202507011659
2026-04-17 15:39:29,201 [INFO] MainUpdater:2872 - connection check result : 22
2026-04-17 15:39:29,202 [INFO] MainUpdater:289 - Updater Check For Update Now.
2026-04-17 15:39:29,202 [INFO] MicroXplorer:498 - Change Database Version : DB.6.0.150
2026-04-17 15:39:29,207 [INFO] McuFinderGlobals:63 - Set McuFinder mode to 2 (CubeIDE integrated)
2026-04-17 15:39:29,207 [INFO] UserAuth:171 - activating auth plugin
2026-04-17 15:39:29,215 [INFO] UserAuth:487 - Internet connection configuration mode: 2
2026-04-17 15:39:29,240 [INFO] UserAuth:487 - Internet connection configuration mode: 2
2026-04-17 15:39:29,490 [INFO] CheckServerUpdateThread:120 - End of CheckServer Thread
2026-04-17 15:39:30,575 [INFO] ThirdParty:978 - Integrity check success = true
2026-04-17 15:39:30,575 [INFO] IntegrityCheckThread:100 - exiting critical section [integrity check]
2026-04-17 15:39:30,575 [INFO] IntegrityCheckThread:103 - End integrity checks thread
2026-04-17 15:49:47,669 [ERROR] ConfigurationRetriever:142 - IOException on connection: PKIX path building failed: sun.security.provider.certpath.SunCertPathBuilderException: unable to find valid certification path to requested target
2026-04-17 15:49:47,837 [ERROR] ConfigurationRetriever:142 - IOException on connection: PKIX path building failed: sun.security.provider.certpath.SunCertPathBuilderException: unable to find valid certification path to requested target
2026-04-17 15:49:47,891 [ERROR] ConfigurationRetriever:142 - IOException on connection: PKIX path building failed: sun.security.provider.certpath.SunCertPathBuilderException: unable to find valid certification path to requested target
2026-04-17 15:57:37,214 [ERROR] ConfigurationRetriever:142 - IOException on connection: PKIX path building failed: sun.security.provider.certpath.SunCertPathBuilderException: unable to find valid certification path to requested target
2026-04-17 15:57:37,260 [ERROR] ConfigurationRetriever:142 - IOException on connection: PKIX path building failed: sun.security.provider.certpath.SunCertPathBuilderException: unable to find valid certification path to requested target
2026-04-17 15:57:37,295 [ERROR] ConfigurationRetriever:142 - IOException on connection: PKIX path building failed: sun.security.provider.certpath.SunCertPathBuilderException: unable to find valid certification path to requested target
2026-04-17 15:57:42,224 [ERROR] ConfigurationRetriever:142 - IOException on connection: PKIX path building failed: sun.security.provider.certpath.SunCertPathBuilderException: unable to find valid certification path to requested target
2026-04-17 15:57:42,544 [ERROR] ConfigurationRetriever:142 - IOException on connection: PKIX path building failed: sun.security.provider.certpath.SunCertPathBuilderException: unable to find valid certification path to requested target
2026-04-17 15:57:42,690 [ERROR] ConfigurationRetriever:142 - IOException on connection: PKIX path building failed: sun.security.provider.certpath.SunCertPathBuilderException: unable to find valid certification path to requested target
