2026-04-16 14:25:25,963 [INFO] Activator:176 - 


2026-04-16 14:25:25,969 [INFO] Activator:177 - !SESSION log4j initialized
2026-04-16 14:25:33,178 [INFO] LogOutputStream:77 - [STDOUT_REDIRECT] 
2026-04-16 14:25:33,489 [ERROR] LogOutputStream:75 - [STDERR_REDIRECT] 
2026-04-16 14:25:34,795 [INFO] LogOutputStream:77 - [STDOUT_REDIRECT] 
2026-04-16 14:25:36,069 [ERROR] ConfigurationRetriever:142 - IOException on connection: PKIX path building failed: sun.security.provider.certpath.SunCertPathBuilderException: unable to find valid certification path to requested target
2026-04-16 14:25:36,123 [ERROR] ConfigurationRetriever:142 - IOException on connection: PKIX path building failed: sun.security.provider.certpath.SunCertPathBuilderException: unable to find valid certification path to requested target
2026-04-16 14:25:36,174 [ERROR] ConfigurationRetriever:142 - IOException on connection: PKIX path building failed: sun.security.provider.certpath.SunCertPathBuilderException: unable to find valid certification path to requested target
2026-04-16 14:25:36,337 [INFO] ApplicationProperties:184 - Using Application install path: /Applications/STM32CubeIDE.app/Contents/Eclipse/plugins/com.st.stm32cube.common.mx_6.15.0.202507011659
2026-04-16 14:25:36,350 [INFO] DbMcusXml:78 - Set database path to: /Applications/STM32CubeIDE.app/Contents/Eclipse/plugins/com.st.stm32cube.common.mx_6.15.0.202507011659//db//mcu/
2026-04-16 14:25:36,350 [INFO] ApiDb:274 - Set plugin database path to: /Applications/STM32CubeIDE.app/Contents/Eclipse/plugins/com.st.stm32cube.common.mx_6.15.0.202507011659//db//plugins/boardmanager/
2026-04-16 14:25:36,351 [WARN] ApiDb:259 - Overriding images path with different value:  => /Applications/STM32CubeIDE.app/Contents/Eclipse/plugins/com.st.stm32cube.common.mx_6.15.0.202507011659//db//plugins/mcufinder/images/
2026-04-16 14:25:36,357 [INFO] ApiDb:250 - Set database path to: /Users/ggpai/.stmcufinder/plugins/mcufinder//mcu/
2026-04-16 14:25:36,359 [INFO] DbMcusAds:125 - Set database path to: /Users/ggpai/.stmcufinder/plugins/mcufinder//mcu/
2026-04-16 14:25:36,360 [INFO] CrossReferenceDbSqlite:203 - Set database path to: /Users/ggpai/.stmcufinder/plugins/mcufinder//mcu/cs/
2026-04-16 14:25:36,484 [INFO] RulesReader:64 - Compatibility file has been processed (317 Rules)
2026-04-16 14:25:36,532 [INFO] DbMcusXml:78 - Set database path to: /Applications/STM32CubeIDE.app/Contents/Eclipse/plugins/com.st.stm32cube.common.mx_6.15.0.202507011659//db//mcu/
2026-04-16 14:25:36,532 [INFO] ApiDb:274 - Set plugin database path to: /Applications/STM32CubeIDE.app/Contents/Eclipse/plugins/com.st.stm32cube.common.mx_6.15.0.202507011659//db//plugins/boardmanager/
2026-04-16 14:25:36,533 [INFO] ApiDb:261 - Set plugin images path to: /Applications/STM32CubeIDE.app/Contents/Eclipse/plugins/com.st.stm32cube.common.mx_6.15.0.202507011659//db//plugins/mcufinder/images/
2026-04-16 14:25:36,533 [WARN] DbFile:41 - Overriding database path with different value: /Users/ggpai/.stmcufinder/plugins/mcufinder/ => /Users/ggpai/.stmcufinder/plugins/mcufinder
2026-04-16 14:25:36,533 [INFO] ApiDb:250 - Set database path to: /Users/ggpai/.stmcufinder/plugins/mcufinder//mcu/
2026-04-16 14:25:36,533 [WARN] DbFile:41 - Overriding database path with different value: /Users/ggpai/.stmcufinder/plugins/mcufinder/ => /Users/ggpai/.stmcufinder/plugins/mcufinder
2026-04-16 14:25:36,533 [INFO] DbMcusAds:125 - Set database path to: /Users/ggpai/.stmcufinder/plugins/mcufinder//mcu/
2026-04-16 14:25:36,533 [WARN] DbFile:41 - Overriding database path with different value: /Users/ggpai/.stmcufinder/plugins/mcufinder/ => /Users/ggpai/.stmcufinder/plugins/mcufinder
2026-04-16 14:25:36,533 [WARN] DbFile:41 - Overriding database path with different value: /Users/ggpai/.stmcufinder/plugins/mcufinder/ => /Users/ggpai/.stmcufinder/plugins/mcufinder
2026-04-16 14:25:36,533 [INFO] CrossReferenceDbSqlite:203 - Set database path to: /Users/ggpai/.stmcufinder/plugins/mcufinder//mcu/cs/
2026-04-16 14:25:36,594 [INFO] MainPanel:274 - HeapMemory: 268435456
2026-04-16 14:25:37,123 [INFO] DbMcusXml:78 - Set database path to: /Applications/STM32CubeIDE.app/Contents/Eclipse/plugins/com.st.stm32cube.common.mx_6.15.0.202507011659//db//mcu/
2026-04-16 14:25:37,123 [INFO] ApiDb:274 - Set plugin database path to: /Applications/STM32CubeIDE.app/Contents/Eclipse/plugins/com.st.stm32cube.common.mx_6.15.0.202507011659//db//plugins/boardmanager/
2026-04-16 14:25:37,124 [INFO] ApiDb:261 - Set plugin images path to: /Applications/STM32CubeIDE.app/Contents/Eclipse/plugins/com.st.stm32cube.common.mx_6.15.0.202507011659//db//plugins/mcufinder/images/
2026-04-16 14:25:37,124 [WARN] DbFile:41 - Overriding database path with different value: /Users/ggpai/.stmcufinder/plugins/mcufinder/ => /Users/ggpai/.stmcufinder/plugins/mcufinder
2026-04-16 14:25:37,124 [INFO] ApiDb:250 - Set database path to: /Users/ggpai/.stmcufinder/plugins/mcufinder//mcu/
2026-04-16 14:25:37,124 [WARN] DbFile:41 - Overriding database path with different value: /Users/ggpai/.stmcufinder/plugins/mcufinder/ => /Users/ggpai/.stmcufinder/plugins/mcufinder
2026-04-16 14:25:37,124 [INFO] DbMcusAds:125 - Set database path to: /Users/ggpai/.stmcufinder/plugins/mcufinder//mcu/
2026-04-16 14:25:37,124 [WARN] DbFile:41 - Overriding database path with different value: /Users/ggpai/.stmcufinder/plugins/mcufinder/ => /Users/ggpai/.stmcufinder/plugins/mcufinder
2026-04-16 14:25:37,124 [WARN] DbFile:41 - Overriding database path with different value: /Users/ggpai/.stmcufinder/plugins/mcufinder/ => /Users/ggpai/.stmcufinder/plugins/mcufinder
2026-04-16 14:25:37,124 [INFO] CrossReferenceDbSqlite:203 - Set database path to: /Users/ggpai/.stmcufinder/plugins/mcufinder//mcu/cs/
2026-04-16 14:25:37,142 [INFO] ApplicationProperties:184 - Using Application install path: /Applications/STM32CubeIDE.app/Contents/Eclipse/plugins/com.st.stm32cube.common.mx_6.15.0.202507011659
2026-04-16 14:25:37,143 [INFO] PluginManage:196 - Search for loadable plugins [exclusion list=, ]
2026-04-16 14:25:37,144 [INFO] PluginManage:310 - Check plugin analytics
2026-04-16 14:25:37,302 [INFO] AnalyticsPlugin:253 - Accepted Software Licenses: STM32CubeMX.6.17.0
2026-04-16 14:25:37,302 [INFO] AnalyticsPlugin:255 - Accepted CMSIS Pack Licenses: 
2026-04-16 14:25:37,302 [INFO] AnalyticsPlugin:257 - Accepted Firmware Licenses: 
2026-04-16 14:25:37,312 [INFO] PluginManage:359 - Loaded plugin analytics (category:tool,tabindex:-1)
2026-04-16 14:25:37,314 [INFO] PluginManage:310 - Check plugin cadmodel
2026-04-16 14:25:37,325 [INFO] CADModel:105 - Init CAD model plugin
2026-04-16 14:25:37,325 [INFO] PluginManage:359 - Loaded plugin cadmodel (category:power,tabindex:5)
2026-04-16 14:25:37,325 [INFO] PluginManage:310 - Check plugin clock
2026-04-16 14:25:37,332 [INFO] PluginManage:359 - Loaded plugin clock (category:base,tabindex:2)
2026-04-16 14:25:37,333 [INFO] PluginManage:310 - Check plugin ddr
2026-04-16 14:25:37,334 [INFO] PluginManage:359 - Loaded plugin ddr (category:tool,tabindex:6)
2026-04-16 14:25:37,334 [INFO] PluginManage:310 - Check plugin filemanager
2026-04-16 14:25:37,357 [ERROR] ConfigurationRetriever:142 - IOException on connection: PKIX path building failed: sun.security.provider.certpath.SunCertPathBuilderException: unable to find valid certification path to requested target
2026-04-16 14:25:37,401 [ERROR] ConfigurationRetriever:142 - IOException on connection: PKIX path building failed: sun.security.provider.certpath.SunCertPathBuilderException: unable to find valid certification path to requested target
2026-04-16 14:25:37,435 [ERROR] ConfigurationRetriever:142 - IOException on connection: PKIX path building failed: sun.security.provider.certpath.SunCertPathBuilderException: unable to find valid certification path to requested target
2026-04-16 14:25:37,478 [INFO] PluginManage:359 - Loaded plugin filemanager (category:base,tabindex:10)
2026-04-16 14:25:37,478 [INFO] PluginManage:310 - Check plugin ipmanager
2026-04-16 14:25:37,488 [INFO] PluginManage:359 - Loaded plugin ipmanager (category:base,tabindex:5)
2026-04-16 14:25:37,488 [INFO] PluginManage:310 - Check plugin lpbam
2026-04-16 14:25:37,494 [INFO] PluginManage:359 - Loaded plugin lpbam (category:base,tabindex:0)
2026-04-16 14:25:37,494 [INFO] PluginManage:310 - Check plugin memorymap
2026-04-16 14:25:37,503 [INFO] PluginManage:359 - Loaded plugin memorymap (category:base,tabindex:4)
2026-04-16 14:25:37,503 [INFO] PluginManage:310 - Check plugin pinoutandconfiguration
2026-04-16 14:25:37,509 [INFO] PluginManage:359 - Loaded plugin pinoutandconfiguration (category:base,tabindex:1)
2026-04-16 14:25:37,509 [INFO] PluginManage:310 - Check plugin pinoutconfig
2026-04-16 14:25:37,589 [WARN] SupportedApi:132 - Cannot load RTOS API schema: s4s-elt-must-match.1: The content of 'definitions' must match (annotation?, (simpleType | complexType)?, (unique | key | keyref)*)). A problem was found starting at: attribute.
2026-04-16 14:25:37,722 [INFO] PluginManage:359 - Loaded plugin pinoutconfig (category:base,tabindex:0)
2026-04-16 14:25:37,722 [INFO] PluginManage:310 - Check plugin power
2026-04-16 14:25:37,731 [INFO] PluginManage:359 - Loaded plugin power (category:power,tabindex:4)
2026-04-16 14:25:37,732 [INFO] PluginManage:310 - Check plugin projectmanager
2026-04-16 14:25:37,756 [INFO] PluginManage:359 - Loaded plugin projectmanager (category:projectmanager,tabindex:4)
2026-04-16 14:25:37,756 [INFO] PluginManage:310 - Check plugin rif
2026-04-16 14:25:37,764 [INFO] PluginManage:359 - Loaded plugin rif (category:base,tabindex:3)
2026-04-16 14:25:37,764 [INFO] PluginManage:310 - Check plugin thirdparty
2026-04-16 14:25:37,911 [INFO] PluginManage:359 - Loaded plugin thirdparty (category:base,tabindex:-1)
2026-04-16 14:25:37,912 [INFO] PluginManage:310 - Check plugin tools
2026-04-16 14:25:37,911 [WARN] IntegrityCheckThread:84 - waiting for thirdparty lock release [integrity check]
2026-04-16 14:25:37,913 [INFO] IntegrityCheckThread:86 - entering critical section [integrity check]
2026-04-16 14:25:37,913 [INFO] ThirdPartyUpdaterWithRetryManager:70 - Updater plugin not ready yet. [1/15]
2026-04-16 14:25:37,914 [INFO] PluginManage:359 - Loaded plugin tools (category:base,tabindex:7)
2026-04-16 14:25:37,914 [INFO] PluginManage:310 - Check plugin tutovideos
2026-04-16 14:25:38,086 [INFO] PluginManage:359 - Loaded plugin tutovideos (category:base,tabindex:-1)
2026-04-16 14:25:38,087 [INFO] PluginManage:310 - Check plugin updater
2026-04-16 14:25:38,114 [INFO] PluginManage:359 - Loaded plugin updater (category:base,tabindex:12)
2026-04-16 14:25:38,114 [INFO] PluginManage:310 - Check plugin userauth
2026-04-16 14:25:38,118 [INFO] UserAuth:118 - Init User Auth plugin
2026-04-16 14:25:38,119 [INFO] PluginManage:359 - Loaded plugin userauth (category:base,tabindex:14)
2026-04-16 14:25:38,120 [INFO] PluginManage:283 - PluginManage : Loaded plugins [18]
2026-04-16 14:25:38,343 [INFO] PinOutPanel:1589 - setPackage(No Configuration,No Configuration)
2026-04-16 14:25:38,413 [INFO] CADModel:165 - CPN selected for project level
2026-04-16 14:25:38,413 [INFO] CADModel:114 - Register for checkConnection events
2026-04-16 14:25:38,423 [INFO] IPUIPlugin:80 - create IPUIPlugin
2026-04-16 14:25:38,423 [INFO] PluginManager:220 - loadIPPluginJar : add mdma
2026-04-16 14:25:38,428 [INFO] IPUIPlugin:80 - create IPUIPlugin
2026-04-16 14:25:38,428 [INFO] PluginManager:220 - loadIPPluginJar : add freertos
2026-04-16 14:25:38,431 [INFO] IPUIPlugin:80 - create IPUIPlugin
2026-04-16 14:25:38,432 [INFO] PluginManager:220 - loadIPPluginJar : add gic
2026-04-16 14:25:38,437 [INFO] IPUIPlugin:80 - create IPUIPlugin
2026-04-16 14:25:38,437 [INFO] PluginManager:220 - loadIPPluginJar : add adc
2026-04-16 14:25:38,439 [INFO] IPUIPlugin:80 - create IPUIPlugin
2026-04-16 14:25:38,439 [INFO] PluginManager:220 - loadIPPluginJar : add gtzc
2026-04-16 14:25:38,440 [INFO] IPUIPlugin:80 - create IPUIPlugin
2026-04-16 14:25:38,440 [INFO] PluginManager:220 - loadIPPluginJar : add quadspi
2026-04-16 14:25:38,441 [INFO] IPUIPlugin:80 - create IPUIPlugin
2026-04-16 14:25:38,441 [INFO] PluginManager:220 - loadIPPluginJar : add aes
2026-04-16 14:25:38,443 [INFO] IPUIPlugin:80 - create IPUIPlugin
2026-04-16 14:25:38,443 [INFO] PluginManager:220 - loadIPPluginJar : add pdm2pcm
2026-04-16 14:25:38,444 [INFO] IPUIPlugin:80 - create IPUIPlugin
2026-04-16 14:25:38,444 [INFO] PluginManager:220 - loadIPPluginJar : add hash
2026-04-16 14:25:38,446 [INFO] IPUIPlugin:80 - create IPUIPlugin
2026-04-16 14:25:38,446 [INFO] PluginManager:220 - loadIPPluginJar : add tim
2026-04-16 14:25:38,447 [INFO] IPUIPlugin:80 - create IPUIPlugin
2026-04-16 14:25:38,447 [INFO] PluginManager:220 - loadIPPluginJar : add tsc
2026-04-16 14:25:38,448 [INFO] IPUIPlugin:80 - create IPUIPlugin
2026-04-16 14:25:38,448 [INFO] PluginManager:220 - loadIPPluginJar : add extmemmanager
2026-04-16 14:25:38,450 [INFO] IPUIPlugin:80 - create IPUIPlugin
2026-04-16 14:25:38,450 [INFO] PluginManager:220 - loadIPPluginJar : add ts
2026-04-16 14:25:38,451 [INFO] IPUIPlugin:80 - create IPUIPlugin
2026-04-16 14:25:38,451 [INFO] PluginManager:220 - loadIPPluginJar : add radio
2026-04-16 14:25:38,452 [INFO] IPUIPlugin:80 - create IPUIPlugin
2026-04-16 14:25:38,452 [INFO] PluginManager:220 - loadIPPluginJar : add can
2026-04-16 14:25:38,453 [INFO] IPUIPlugin:80 - create IPUIPlugin
2026-04-16 14:25:38,453 [INFO] PluginManager:220 - loadIPPluginJar : add dma3
2026-04-16 14:25:38,454 [INFO] IPUIPlugin:80 - create IPUIPlugin
2026-04-16 14:25:38,454 [INFO] PluginManager:220 - loadIPPluginJar : add dfsdm
2026-04-16 14:25:38,455 [INFO] IPUIPlugin:80 - create IPUIPlugin
2026-04-16 14:25:38,455 [INFO] PluginManager:220 - loadIPPluginJar : add spi
2026-04-16 14:25:38,457 [INFO] IPUIPlugin:80 - create IPUIPlugin
2026-04-16 14:25:38,457 [INFO] PluginManager:220 - loadIPPluginJar : add gfxmmu
2026-04-16 14:25:38,458 [INFO] IPUIPlugin:80 - create IPUIPlugin
2026-04-16 14:25:38,458 [INFO] PluginManager:220 - loadIPPluginJar : add genericplugin
2026-04-16 14:25:38,459 [INFO] IPUIPlugin:80 - create IPUIPlugin
2026-04-16 14:25:38,459 [INFO] PluginManager:220 - loadIPPluginJar : add cryp
2026-04-16 14:25:38,462 [INFO] IPUIPlugin:80 - create IPUIPlugin
2026-04-16 14:25:38,462 [INFO] PluginManager:220 - loadIPPluginJar : add gpio
2026-04-16 14:25:38,464 [INFO] IPUIPlugin:80 - create IPUIPlugin
2026-04-16 14:25:38,465 [INFO] PluginManager:220 - loadIPPluginJar : add ddr_ctrl_phy
2026-04-16 14:25:38,466 [INFO] IPUIPlugin:80 - create IPUIPlugin
2026-04-16 14:25:38,466 [INFO] PluginManager:220 - loadIPPluginJar : add comp
2026-04-16 14:25:38,467 [INFO] IPUIPlugin:80 - create IPUIPlugin
2026-04-16 14:25:38,467 [INFO] PluginManager:220 - loadIPPluginJar : add tracer_emb
2026-04-16 14:25:38,468 [INFO] IPUIPlugin:80 - create IPUIPlugin
2026-04-16 14:25:38,469 [INFO] PluginManager:220 - loadIPPluginJar : add openamp
2026-04-16 14:25:38,472 [INFO] IPUIPlugin:80 - create IPUIPlugin
2026-04-16 14:25:38,472 [INFO] PluginManager:220 - loadIPPluginJar : add stm32_wpan
2026-04-16 14:25:38,475 [INFO] IPUIPlugin:80 - create IPUIPlugin
2026-04-16 14:25:38,476 [INFO] PluginManager:220 - loadIPPluginJar : add plateformsettings
2026-04-16 14:25:38,478 [INFO] IPUIPlugin:80 - create IPUIPlugin
2026-04-16 14:25:38,478 [INFO] PluginManager:220 - loadIPPluginJar : add ipddr
2026-04-16 14:25:38,479 [INFO] IPUIPlugin:80 - create IPUIPlugin
2026-04-16 14:25:38,479 [INFO] PluginManager:220 - loadIPPluginJar : add usart
2026-04-16 14:25:38,480 [INFO] IPUIPlugin:80 - create IPUIPlugin
2026-04-16 14:25:38,481 [INFO] PluginManager:220 - loadIPPluginJar : add ltdc
2026-04-16 14:25:38,482 [INFO] IPUIPlugin:80 - create IPUIPlugin
2026-04-16 14:25:38,482 [INFO] PluginManager:220 - loadIPPluginJar : add nvic
2026-04-16 14:25:38,483 [INFO] IPUIPlugin:80 - create IPUIPlugin
2026-04-16 14:25:38,483 [INFO] PluginManager:220 - loadIPPluginJar : add fatfs
2026-04-16 14:25:38,488 [INFO] IPUIPlugin:80 - create IPUIPlugin
2026-04-16 14:25:38,488 [INFO] PluginManager:220 - loadIPPluginJar : add linkedlist
2026-04-16 14:25:38,491 [INFO] IPUIPlugin:80 - create IPUIPlugin
2026-04-16 14:25:38,491 [INFO] PluginManager:220 - loadIPPluginJar : add dma
2026-04-16 14:25:38,493 [INFO] IPUIPlugin:80 - create IPUIPlugin
2026-04-16 14:25:38,493 [INFO] PluginManager:220 - loadIPPluginJar : add fmc
2026-04-16 14:25:38,495 [INFO] IPUIPlugin:80 - create IPUIPlugin
2026-04-16 14:25:38,495 [INFO] PluginManager:220 - loadIPPluginJar : add i2s
2026-04-16 14:25:38,497 [INFO] IPUIPlugin:80 - create IPUIPlugin
2026-04-16 14:25:38,497 [INFO] PluginManager:220 - loadIPPluginJar : add ucpd
2026-04-16 14:25:38,498 [INFO] IPUIPlugin:80 - create IPUIPlugin
2026-04-16 14:25:38,499 [INFO] PluginManager:220 - loadIPPluginJar : add lorawan
2026-04-16 14:25:38,500 [INFO] IPUIPlugin:80 - create IPUIPlugin
2026-04-16 14:25:38,500 [INFO] PluginManager:220 - loadIPPluginJar : add opamp
2026-04-16 14:25:38,502 [INFO] IPUIPlugin:80 - create IPUIPlugin
2026-04-16 14:25:38,502 [INFO] PluginManager:220 - loadIPPluginJar : add i3c
2026-04-16 14:25:38,504 [INFO] IPUIPlugin:80 - create IPUIPlugin
2026-04-16 14:25:38,504 [INFO] PluginManager:220 - loadIPPluginJar : add touchsensing
2026-04-16 14:25:38,506 [INFO] IPUIPlugin:80 - create IPUIPlugin
2026-04-16 14:25:38,507 [INFO] PluginManager:220 - loadIPPluginJar : add i2c
2026-04-16 14:25:38,509 [INFO] IPUIPlugin:80 - create IPUIPlugin
2026-04-16 14:25:38,509 [INFO] PluginManager:220 - loadIPPluginJar : add resmgrutility
2026-04-16 14:25:38,511 [INFO] IPUIPlugin:80 - create IPUIPlugin
2026-04-16 14:25:38,512 [INFO] PluginManager:220 - loadIPPluginJar : add sai
2026-04-16 14:25:38,513 [INFO] IPUIPlugin:80 - create IPUIPlugin
2026-04-16 14:25:38,513 [INFO] PluginManager:220 - loadIPPluginJar : add usbx
2026-04-16 14:25:38,628 [FATAL] Updater:351 - Updater called before beeing initialized
2026-04-16 14:25:38,669 [INFO] RulesReader:64 - Compatibility file has been processed (317 Rules)
2026-04-16 14:25:38,681 [INFO] RulesReader:64 - Compatibility file has been processed (317 Rules)
2026-04-16 14:25:38,687 [INFO] CADModel:165 - CPN selected for project level
2026-04-16 14:25:38,687 [INFO] CADModel:114 - Register for checkConnection events
2026-04-16 14:25:38,687 [FATAL] Updater:351 - Updater called before beeing initialized
2026-04-16 14:25:38,687 [ERROR] CADModel:125 - Updater not yet initialized, retry later 
2026-04-16 14:25:38,888 [FATAL] Updater:351 - Updater called before beeing initialized
2026-04-16 14:25:38,889 [INFO] CADModel:165 - CPN selected for project level
2026-04-16 14:25:38,889 [INFO] CADModel:114 - Register for checkConnection events
2026-04-16 14:25:38,889 [FATAL] Updater:351 - Updater called before beeing initialized
2026-04-16 14:25:38,889 [ERROR] CADModel:125 - Updater not yet initialized, retry later 
2026-04-16 14:25:38,891 [FATAL] Updater:351 - Updater called before beeing initialized
2026-04-16 14:25:39,041 [FATAL] Updater:351 - Updater called before beeing initialized
2026-04-16 14:25:39,045 [INFO] DbMcusAds:53 - JSON generation date=Thu Sep 30 12:25:09 IST 2021 (1632984909247)
2026-04-16 14:25:39,045 [FATAL] Updater:351 - Updater called before beeing initialized
2026-04-16 14:25:39,100 [WARN] DetailPanel:346 - Failed to get advertising image, set to default
2026-04-16 14:25:39,173 [FATAL] Updater:351 - Updater called before beeing initialized
2026-04-16 14:25:39,175 [FATAL] Updater:351 - Updater called before beeing initialized
2026-04-16 14:25:39,175 [FATAL] Updater:351 - Updater called before beeing initialized
2026-04-16 14:25:39,175 [WARN] DetailPanel:346 - Failed to get advertising image, set to default
2026-04-16 14:25:39,176 [FATAL] Updater:351 - Updater called before beeing initialized
2026-04-16 14:25:39,218 [ERROR] Updater:1198 - MainUpdater not yet initialized. External WinMGr cannot be set.
2026-04-16 14:25:39,221 [INFO] Updater:1134 - Updater Version found : 6.15.0
2026-04-16 14:25:39,233 [INFO] ApplicationProperties:184 - Using Application install path: /Applications/STM32CubeIDE.app/Contents/Eclipse/plugins/com.st.stm32cube.common.mx_6.15.0.202507011659
2026-04-16 14:25:39,499 [INFO] MainUpdater:2872 - connection check result : 22
2026-04-16 14:25:39,499 [INFO] MainUpdater:289 - Updater Check For Update Now.
2026-04-16 14:25:39,499 [INFO] MicroXplorer:498 - Change Database Version : DB.6.0.150
2026-04-16 14:25:39,504 [INFO] McuFinderGlobals:63 - Set McuFinder mode to 2 (CubeIDE integrated)
2026-04-16 14:25:39,504 [INFO] UserAuth:171 - activating auth plugin
2026-04-16 14:25:39,514 [INFO] UserAuth:487 - Internet connection configuration mode: 2
2026-04-16 14:25:39,555 [INFO] UserAuth:487 - Internet connection configuration mode: 2
2026-04-16 14:25:39,762 [INFO] CheckServerUpdateThread:120 - End of CheckServer Thread
2026-04-16 14:25:41,026 [INFO] ThirdParty:978 - Integrity check success = true
2026-04-16 14:25:41,027 [INFO] IntegrityCheckThread:100 - exiting critical section [integrity check]
2026-04-16 14:25:41,027 [INFO] IntegrityCheckThread:103 - End integrity checks thread
2026-04-16 14:39:45,544 [INFO] McuFinderGlobals:63 - Set McuFinder mode to 2 (CubeIDE integrated)
2026-04-16 14:39:45,764 [INFO] MainUpdater:2872 - connection check result : 22
2026-04-16 14:39:46,339 [INFO] MicroXplorer:468 - Change Database Path : 
2026-04-16 14:39:46,339 [INFO] MicroXplorer:498 - Change Database Version : DB.6.0.150
2026-04-16 14:39:46,346 [WARN] ThirdParty:871 - waiting for thirdparty lock release [close project]
2026-04-16 14:39:46,346 [INFO] ThirdParty:873 - entering critical section [close project]
2026-04-16 14:39:46,352 [INFO] ThirdParty:883 - exiting critical section [close project]
2026-04-16 14:39:46,357 [INFO] PinOutPanel:1589 - setPackage(No Configuration,No Configuration)
2026-04-16 14:39:46,361 [INFO] UtilMem:75 - Begin LoadConfig() Used Memory: 242813608 Bytes (303038464)
2026-04-16 14:39:46,365 [INFO] MicroXplorer:468 - Change Database Path : 
2026-04-16 14:39:46,365 [INFO] MicroXplorer:498 - Change Database Version : DB.6.0.150
2026-04-16 14:39:46,365 [INFO] OpenFileManager:355 - Change cursor
2026-04-16 14:39:46,436 [INFO] Mcu:2029 - Initializing MCU STM32F446R(C-E)Tx STM32F446RETx STM32F446RET6
2026-04-16 14:39:48,501 [INFO] Context:786 - Trying to add GPIOservice into a context  which must be forbidden
2026-04-16 14:39:49,434 [INFO] ImportTextPane:234 - (OptionalMessage_ERROR) Pin11 (VP_RIF_VS_RIF1) cannot be retrieved for this MCU
2026-04-16 14:39:49,616 [INFO] RtosManager:558 - Registered RTOS mode: class=CMSIS, group=RTOS, mode=CMSIS_V1, owner=FREERTOS
2026-04-16 14:39:49,618 [INFO] RtosManager:558 - Registered RTOS mode: class=CMSIS, group=RTOS2, mode=CMSIS_V2, owner=FREERTOS
2026-04-16 14:39:49,618 [INFO] RtosManager:558 - Registered RTOS mode: class=RTOS, group=Core, mode=CMSIS_V1, owner=FREERTOS
2026-04-16 14:39:49,618 [INFO] RtosManager:558 - Registered RTOS mode: class=RTOS, group=Core, mode=CMSIS_V2, owner=FREERTOS
2026-04-16 14:39:49,618 [WARN] ModelIntegratedComponent:184 - Missing modes for component STMicroelectronics:FreeRTOS:0.0.1:STMicroelectronics:RTOS:FreeRTOS:Core:::10.2.0:
2026-04-16 14:39:49,620 [WARN] ModelIntegratedComponent:63 - No mode defined for component null
2026-04-16 14:39:49,620 [WARN] ModelIntegratedComponent:63 - No mode defined for component null
2026-04-16 14:39:49,620 [WARN] ModelIntegratedComponent:63 - No mode defined for component null
2026-04-16 14:39:49,620 [WARN] ModelIntegratedComponent:63 - No mode defined for component null
2026-04-16 14:39:49,621 [WARN] ModelIntegratedComponent:63 - No mode defined for component null
2026-04-16 14:39:49,621 [WARN] ModelIntegratedComponent:63 - No mode defined for component null
2026-04-16 14:39:49,621 [WARN] ModelIntegratedComponent:63 - No mode defined for component null
2026-04-16 14:39:49,622 [WARN] ModelIntegratedComponent:63 - No mode defined for component null
2026-04-16 14:39:49,622 [WARN] ModelIntegratedComponent:63 - No mode defined for component null
2026-04-16 14:39:49,622 [WARN] ModelIntegratedComponent:63 - No mode defined for component null
2026-04-16 14:39:49,622 [WARN] ModelIntegratedComponent:63 - No mode defined for component null
2026-04-16 14:39:49,622 [WARN] ModelIntegratedComponent:63 - No mode defined for component null
2026-04-16 14:39:49,622 [WARN] ModelIntegratedComponent:63 - No mode defined for component null
2026-04-16 14:39:49,622 [WARN] ModelIntegratedComponent:63 - No mode defined for component null
2026-04-16 14:39:49,622 [WARN] ModelIntegratedComponent:63 - No mode defined for component null
2026-04-16 14:39:49,622 [WARN] ModelIntegratedComponent:63 - No mode defined for component null
2026-04-16 14:39:49,623 [WARN] ModelIntegratedComponent:63 - No mode defined for component null
2026-04-16 14:39:49,624 [WARN] ModelIntegratedComponent:63 - No mode defined for component null
2026-04-16 14:39:49,624 [WARN] ModelIntegratedComponent:63 - No mode defined for component null
2026-04-16 14:39:49,624 [WARN] ModelIntegratedComponent:63 - No mode defined for component null
2026-04-16 14:39:49,624 [WARN] ModelIntegratedComponent:63 - No mode defined for component null
2026-04-16 14:39:49,624 [WARN] ModelIntegratedComponent:63 - No mode defined for component null
2026-04-16 14:39:49,624 [WARN] ModelIntegratedComponent:63 - No mode defined for component null
2026-04-16 14:39:49,624 [WARN] ModelIntegratedComponent:63 - No mode defined for component null
2026-04-16 14:39:49,624 [WARN] ModelIntegratedComponent:63 - No mode defined for component null
2026-04-16 14:39:49,624 [WARN] ModelIntegratedComponent:63 - No mode defined for component null
2026-04-16 14:39:49,624 [WARN] ModelIntegratedComponent:63 - No mode defined for component null
2026-04-16 14:39:49,626 [WARN] ModelIntegratedComponent:63 - No mode defined for component null
2026-04-16 14:39:49,627 [WARN] ModelIntegratedComponent:63 - No mode defined for component null
2026-04-16 14:39:49,627 [WARN] ModelIntegratedComponent:63 - No mode defined for component null
2026-04-16 14:39:49,627 [WARN] ModelIntegratedComponent:63 - No mode defined for component null
2026-04-16 14:39:49,627 [WARN] ModelIntegratedComponent:63 - No mode defined for component null
2026-04-16 14:39:49,627 [WARN] ModelIntegratedComponent:63 - No mode defined for component null
2026-04-16 14:39:49,627 [WARN] ModelIntegratedComponent:63 - No mode defined for component null
2026-04-16 14:39:49,627 [WARN] ModelIntegratedComponent:63 - No mode defined for component null
2026-04-16 14:39:49,628 [WARN] ModelPack:524 - Component already loaded: STMicroelectronics:HAL Drivers:0.0.0:STMicroelectronics:Device:STMicro_Driver:XSPI:HAL::0.0.1:HAL_XSPI
2026-04-16 14:39:49,639 [INFO] ThirdPartyModel:298 - Start build external matchings
2026-04-16 14:39:49,641 [INFO] ThirdPartyModel:316 - End build external matchings
2026-04-16 14:39:50,905 [INFO] ApiDb:581 - Connected to CubeFinder SQLite database (/Users/ggpai/.stmcufinder/plugins/mcufinder/mcu/cube-finder-db.db)
2026-04-16 14:39:50,961 [INFO] ApiDb:668 - CubeFinder database Data Model version=2.1
2026-04-16 14:39:50,961 [INFO] ApiDb:669 - CubeFinder database Configuration version=3.0.42
2026-04-16 14:39:50,964 [INFO] ApiDb:670 - CubeFinder database generation date=2026-02-13 (1770995876)
2026-04-16 14:39:50,965 [INFO] ApiDb:671 - CubeFinder database FW Pack versions=[FP-ATR-ASTRA1_V2.0.0, FP-SNS-FLIGHT1_V5.1.0, FP-SNS-MOTENV1_V5.1.0, FP-SNS-MOTENVWB1_V1.4.0, FP-SNS-SMARTAG2_V1.2.0, FP-SNS-STBOX1_V2.1.0, STM32Cube_FW_C0_V1.4.0, STM32Cube_FW_F4_V1.28.3, STM32Cube_FW_F7_V1.17.4, STM32Cube_FW_G0_V1.6.2, STM32Cube_FW_G4_V1.6.1, STM32Cube_FW_H5_V1.6.0, STM32Cube_FW_H7RS_V1.3.0, STM32Cube_FW_H7_V1.13.0, STM32Cube_FW_L0_V1.12.2, STM32Cube_FW_L4_V1.18.2, STM32Cube_FW_L5_V1.6.0, STM32Cube_FW_N6_V1.3.0, STM32Cube_FW_U0_V1.3.0, STM32Cube_FW_U3_V1.3.0, STM32Cube_FW_U5_V1.8.0, STM32Cube_FW_WB0_V1.4.0, STM32Cube_FW_WBA_V1.9.0, STM32Cube_FW_WB_V1.24.0, STM32Cube_FW_WL3_V1.4.0, STM32Cube_FW_WL_V1.5.0, X-CUBE-ALGOBUILD_V1.4.0, X-CUBE-ALS_V1.0.2, X-CUBE-AZRTOS-F4_V1.1.0, X-CUBE-AZRTOS-F7_V1.1.0, X-CUBE-AZRTOS-G0_V1.1.0, X-CUBE-AZRTOS-G4_V2.0.0, X-CUBE-AZRTOS-H7RS_V1.1.0, X-CUBE-AZRTOS-H7_V3.4.0, X-CUBE-AZRTOS-L4_V2.0.0, X-CUBE-AZRTOS-L5_V2.0.0, X-CUBE-AZRTOS-WB_V2.0.0, X-CUBE-AZRTOS-WL_V2.0.0, X-CUBE-BLE1_V7.1.0, X-CUBE-BLE2_V3.3.0, X-CUBE-BLEMGR_V4.1.0, X-CUBE-EEPRMA1_V5.2.0, X-CUBE-FREERTOS_V1.3.1, X-CUBE-GNSS1_V6.0.0, X-CUBE-MEMS1_V12.0.0, X-CUBE-NFC4_V3.0.0, X-CUBE-NFC7_V2.0.0, X-CUBE-SFXS2LP1_V4.0.0, X-CUBE-ST67W61_V1.1.0, X-CUBE-SUBG2_V5.0.0, X-CUBE-TOF1_V3.4.3]
2026-04-16 14:39:51,055 [INFO] DbBoardsSqlite:226 - include board P-NUCLEO-WB55-NUCLEO as a kit item of type 'Nucleo-64'
2026-04-16 14:39:51,055 [INFO] DbBoardsSqlite:226 - include board P-NUCLEO-WB55-USBDONGLE as a kit item of type 'Nucleo USB Dongle'
2026-04-16 14:39:51,056 [INFO] DbBoardsSqlite:226 - include board STEVAL-IDP005V1 as a kit item of type 'Evaluation Board'
2026-04-16 14:39:51,057 [INFO] DbBoardsSqlite:226 - include board STEVAL-IDP005V2 as a kit item of type 'Evaluation Board'
2026-04-16 14:39:51,171 [INFO] ApiDb:240 - Found 880 in-development CPN: [B-G473E-ZEST1S, B-WB1M-WPAN1, B-WBA5M-WPAN, B-WL5M-SUBG1, NUCLEO-C031C6, NUCLEO-C051C8, NUCLEO-C071RB, NUCLEO-C092RC, NUCLEO-H503RB, NUCLEO-H533RE, NUCLEO-H563ZI, NUCLEO-H7S3L8, NUCLEO-N657X0-Q, NUCLEO-U031R8, NUCLEO-U083RC, NUCLEO-U385RG-Q, NUCLEO-U545RE-Q, NUCLEO-U5A5ZJ-Q, NUCLEO-WB05KZ, NUCLEO-WB07CC, NUCLEO-WB09KE, NUCLEO-WBA52CG, NUCLEO-WBA55CG, NUCLEO-WL33CC1, NUCLEO-WL33CC2, STEVAL-PROTEUS1, STEVAL-SMARTAG2, STEVAL-STWINBX1, STM320518-EVAL, STM32C0116-DK, STM32C011D6Y3TR, STM32C011D6Y6TR, STM32C011F4P3, STM32C011F4P6, STM32C011F4U3, STM32C011F4U6TR, STM32C011F6P3, STM32C011F6P6, STM32C011F6U3, STM32C011F6U6TR, STM32C011J4M3, STM32C011J4M6, STM32C011J6M3, STM32C011J6M6, STM32C0316-DK, STM32C031C4T3, STM32C031C4T6, STM32C031C4U3, STM32C031C4U6, STM32C031C6T3, STM32C031C6T6, STM32C031C6U3, STM32C031C6U6, STM32C031F4P3, STM32C031F4P6, STM32C031F6P3, STM32C031F6P6, STM32C031G4U3, STM32C031G4U6, STM32C031G6U3, STM32C031G6U6, STM32C031K4T3, STM32C031K4T6, STM32C031K4U3, STM32C031K4U6, STM32C031K6T3, STM32C031K6T6, STM32C031K6U3, STM32C031K6U6, STM32C051C6T6, STM32C051C6U6, STM32C051C8T6, STM32C051C8U6, STM32C051D8Y6TR, STM32C051F6P6, STM32C051F8P6, STM32C051G6U6, STM32C051G8U6, STM32C051K6T6, STM32C051K6U6, STM32C051K8T6, STM32C071C8T6, STM32C071C8T6N, STM32C071C8U6, STM32C071C8U6N, STM32C071CBT6, STM32C071CBT6N, STM32C071CBU6, STM32C071CBU6N, STM32C071F8P6, STM32C071F8P6N, STM32C071FBP6, STM32C071FBP6N, STM32C071FBY6TR, STM32C071G8U6, STM32C071G8U6N, STM32C071GBU6, STM32C071GBU6N, STM32C071K8T6, STM32C071K8T6N, STM32C071K8U6, STM32C071K8U6N, STM32C071KBT6, STM32C071KBT6N, STM32C071KBU6, STM32C071KBU6N, STM32C071R8T6, STM32C071R8T6N, STM32C071RBI6N, STM32C071RBT6, STM32C071RBT6N, STM32C091CBT6, STM32C091CBU6, STM32C091CCT6, STM32C091CCU6, STM32C091ECY6TR, STM32C091FBP6, STM32C091FCP6, STM32C091GBU6, STM32C091GCU6, STM32C091KBT6, STM32C091KBU6, STM32C091KCT6, STM32C091KCU6, STM32C091RBT6, STM32C091RCI6, STM32C091RCT6, STM32C092CBT6, STM32C092CBU6, STM32C092CCT6, STM32C092CCU6, STM32C092ECY6TR, STM32C092FBP6, STM32C092FCP6, STM32C092GBU6, STM32C092GCU6, STM32C092KBT6, STM32C092KBU6, STM32C092KCT6, STM32C092KCU6, STM32C092RBT6, STM32C092RCI6, STM32C092RCT6, STM32G071K8TXN, STM32G071K8UXN, STM32G081GBU6N, STM32G081KBT6N, STM32G081KBUXN, STM32G0B1CCT6N, STM32G0B1KCT6, STM32G0B1NEY6TR, STM32G0B1RCT6N, STM32G0C1CCT6, STM32G0C1CCT6N, STM32G0C1CCU6N, STM32G0C1CET6N, STM32G0C1CEU6N, STM32G0C1KCT6, STM32G0C1NEY6TR, STM32G0C1RCI6N, STM32G0C1RCT6N, STM32G0C1REI6N, STM32G0C1RET6N, STM32G0C1VCI6, STM32G0C1VEI6, STM32G411C6T3, STM32G411C6T6, STM32G411C6U3, STM32G411C6U6, STM32G411C8T3, STM32G411C8T6, STM32G411C8U3, STM32G411C8U6, STM32G411CBT3, STM32G411CBT6, STM32G411CBU3, STM32G411CBU6, STM32G411K6T3, STM32G411K6T6, STM32G411K6U3, STM32G411K6U6, STM32G411K8T3, STM32G411K8T6, STM32G411K8U3, STM32G411K8U6, STM32G411KBT3, STM32G411KBT6, STM32G411KBU3, STM32G411KBU6, STM32G411M6T3, STM32G411M6T6, STM32G411M8T3, STM32G411M8T6, STM32G411MBT3, STM32G411MBT6, STM32G411R6T3, STM32G411R6T6, STM32G411R8T3, STM32G411R8T6, STM32G411RBT3, STM32G411RBT6, STM32G414CBT3, STM32G414CBT6, STM32G414CBU3, STM32G414CBU6, STM32G414CCT3, STM32G414CCT6, STM32G414CCU3, STM32G414CCU6, STM32G414MBT3, STM32G414MBT6, STM32G414MCT3, STM32G414MCT6, STM32G414RBT3, STM32G414RBT6, STM32G414RCT3, STM32G414RCT6, STM32G414VBT3, STM32G414VBT6, STM32G414VCT3, STM32G414VCT6, STM32G431CBT3Z, STM32G431RBT3Z, STM32G471CCT6, STM32G471CCU6, STM32G471CET3, STM32G471CET6, STM32G471CEU3, STM32G471CEU6, STM32G471MCT6, STM32G471MET3, STM32G471MET6, STM32G471MEY6TR, STM32G471QCT6, STM32G471QET3, STM32G471RCT6, STM32G471RET3, STM32G471RET6, STM32G471VCH6, STM32G471VCI6, STM32G471VCT6, STM32G471VEH3, STM32G471VEH6, STM32G471VEI3, STM32G471VEI6, STM32G471VET3, STM32G471VET6, STM32G473QET3Z, STM32G473RET3Z, STM32G474CCT6, STM32G491RET3Z, STM32H503CBT6, STM32H503CBU6, STM32H503EBY6TR, STM32H503KBU6, STM32H503RBT6, STM32H523CCT6, STM32H523CCU6, STM32H523CET6, STM32H523CEU6, STM32H523HEY6TR, STM32H523RCT6, STM32H523RET6, STM32H523VCI6, STM32H523VCT6, STM32H523VEI6, STM32H523VET6, STM32H523ZCJ6, STM32H523ZCT6, STM32H523ZEJ6, STM32H523ZET6, STM32H533CET6, STM32H533CEU6, STM32H533HEY6TR, STM32H533RET6, STM32H533VEI6, STM32H533VET6, STM32H533ZEJ6, STM32H533ZET6, STM32H562AGI6, STM32H562AII6, STM32H562IGK6, STM32H562IGT6, STM32H562IIK6, STM32H562IIT6, STM32H562RGT6, STM32H562RGV6, STM32H562RIT6, STM32H562RIV6, STM32H562VGT6, STM32H562VIT6, STM32H562ZGT6, STM32H562ZIT6, STM32H563AGI6, STM32H563AII3Q, STM32H563AII6, STM32H563IGK6, STM32H563IGT6, STM32H563IIK3Q, STM32H563IIK6, STM32H563IIT3Q, STM32H563IIT6, STM32H563MIY3QTR, STM32H563RGT6, STM32H563RGV6, STM32H563RIT6, STM32H563RIV6, STM32H563VGT6, STM32H563VIT3Q, STM32H563VIT6, STM32H563ZGT6, STM32H563ZIT3Q, STM32H563ZIT6, STM32H573AII3Q, STM32H573AII6, STM32H573I-DK, STM32H573IIK3Q, STM32H573IIK6, STM32H573IIT3Q, STM32H573IIT6, STM32H573MIY3QTR, STM32H573RIT6, STM32H573RIV6, STM32H573VIT3Q, STM32H573VIT6, STM32H573ZIT3Q, STM32H573ZIT6, STM32H7R3A8I6, STM32H7R3I8K6, STM32H7R3I8T6, STM32H7R3L8H6, STM32H7R3L8H6H, STM32H7R3R8V6, STM32H7R3V8H6, STM32H7R3V8T6, STM32H7R3V8Y6TR, STM32H7R3Z8J6, STM32H7R3Z8T6, STM32H7R7A8I6, STM32H7R7I8K6, STM32H7R7I8T6, STM32H7R7L8H6, STM32H7R7L8H6H, STM32H7R7Z8J6, STM32H7S3A8I6, STM32H7S3I8K6, STM32H7S3I8T6, STM32H7S3L8H6, STM32H7S3L8H6H, STM32H7S3R8V6, STM32H7S3V8H6, STM32H7S3V8T6, STM32H7S3V8Y6TR, STM32H7S3Z8J6, STM32H7S3Z8T6, STM32H7S78-DK, STM32H7S7A8I6, STM32H7S7I8K6, STM32H7S7I8T6, STM32H7S7L8H6, STM32H7S7L8H6H, STM32H7S7Z8J6, STM32L4R5QGI6STR, STM32MP131AAE3, STM32MP131AAF3, STM32MP131AAG3, STM32MP131CAE3, STM32MP131CAF3, STM32MP131CAG3, STM32MP131DAE7, STM32MP131DAF7, STM32MP131DAG7, STM32MP131FAE7, STM32MP131FAF7, STM32MP131FAG7, STM32MP133AAE3, STM32MP133AAF3, STM32MP133AAG3, STM32MP133CAE3, STM32MP133CAF3, STM32MP133CAG3, STM32MP133DAE7, STM32MP133DAF7, STM32MP133DAG7, STM32MP133FAE7, STM32MP133FAF7, STM32MP133FAG7, STM32MP135AAE3, STM32MP135AAF3, STM32MP135AAG3, STM32MP135CAE3, STM32MP135CAF3, STM32MP135CAG3, STM32MP135DAE7, STM32MP135DAF7, STM32MP135DAG7, STM32MP135F-DK, STM32MP135FAE7, STM32MP135FAF7, STM32MP135FAF7T, STM32MP135FAF7U, STM32MP135FAG7, STM32MP211AAL3, STM32MP211AAM3, STM32MP211AAN3, STM32MP211AAO3, STM32MP211CAL3, STM32MP211CAM3, STM32MP211CAN3, STM32MP211CAO3, STM32MP211DAL3, STM32MP211DAM3, STM32MP211DAN3, STM32MP211DAO3, STM32MP211FAL3, STM32MP211FAM3, STM32MP211FAN3, STM32MP211FAO3, STM32MP213AAL3, STM32MP213AAM3, STM32MP213AAN3, STM32MP213AAO3, STM32MP213CAL3, STM32MP213CAM3, STM32MP213CAN3, STM32MP213CAO3, STM32MP213DAL3, STM32MP213DAM3, STM32MP213DAN3, STM32MP213DAO3, STM32MP213FAL3, STM32MP213FAM3, STM32MP213FAN3, STM32MP213FAO3, STM32MP215AAL3, STM32MP215AAM3, STM32MP215AAN3, STM32MP215AAO3, STM32MP215CAL3, STM32MP215CAM3, STM32MP215CAN3, STM32MP215CAO3, STM32MP215DAL3, STM32MP215DAM3, STM32MP215DAN3, STM32MP215DAO3, STM32MP215F-DK, STM32MP215FAL3, STM32MP215FAM3, STM32MP215FAN3, STM32MP215FAO3, STM32MP231AAJ3, STM32MP231AAK3, STM32MP231AAL3, STM32MP231CAJ3, STM32MP231CAK3, STM32MP231CAL3, STM32MP231DAJ3, STM32MP231DAK3, STM32MP231DAL3, STM32MP231FAJ3, STM32MP231FAK3, STM32MP231FAL3, STM32MP233AAJ3, STM32MP233AAK3, STM32MP233AAL3, STM32MP233CAJ3, STM32MP233CAK3, STM32MP233CAL3, STM32MP233DAJ3, STM32MP233DAK3, STM32MP233DAL3, STM32MP233FAJ3, STM32MP233FAK3, STM32MP233FAL3, STM32MP235AAJ3, STM32MP235AAK3, STM32MP235AAL3, STM32MP235CAJ3, STM32MP235CAK3, STM32MP235CAL3, STM32MP235DAJ3, STM32MP235DAK3, STM32MP235DAL3, STM32MP235FAJ3, STM32MP235FAK3, STM32MP235FAL3, STM32MP251AAI3, STM32MP251AAK3, STM32MP251AAL3, STM32MP251CAI3, STM32MP251CAK3, STM32MP251CAL3, STM32MP251DAI3, STM32MP251DAK3, STM32MP251DAL3, STM32MP251FAI3, STM32MP251FAK3, STM32MP251FAL3, STM32MP253AAI3, STM32MP253AAK3, STM32MP253AAL3, STM32MP253CAI3, STM32MP253CAK3, STM32MP253CAL3, STM32MP253DAI3, STM32MP253DAK3, STM32MP253DAL3, STM32MP253FAI3, STM32MP253FAK3, STM32MP253FAL3, STM32MP255AAI3, STM32MP255AAK3, STM32MP255AAL3, STM32MP255CAI3, STM32MP255CAK3, STM32MP255CAL3, STM32MP255DAI3, STM32MP255DAK3, STM32MP255DAL3, STM32MP255FAI3, STM32MP255FAK3, STM32MP255FAL3, STM32MP257AAI3, STM32MP257AAK3, STM32MP257AAL3, STM32MP257CAI3, STM32MP257CAK3, STM32MP257CAL3, STM32MP257DAI3, STM32MP257DAK3, STM32MP257DAL3, STM32MP257F-DK, STM32MP257F-EV1, STM32MP257FAI3, STM32MP257FAK3, STM32MP257FAL3, STM32N645A0H3Q, STM32N645B0H3Q, STM32N645I0H3Q, STM32N645L0H3Q, STM32N645X0H3Q, STM32N645Z0H3Q, STM32N647A0H3Q, STM32N647B0H3Q, STM32N647I0H3Q, STM32N647L0H3Q, STM32N647X0H3Q, STM32N647Z0H3Q, STM32N655A0H3Q, STM32N655B0H3Q, STM32N655I0H3Q, STM32N655L0H3Q, STM32N655X0H3Q, STM32N655Z0H3Q, STM32N6570-DK, STM32N657A0H3Q, STM32N657B0H3Q, STM32N657I0H3Q, STM32N657L0H3Q, STM32N657X0H3Q, STM32N657Z0H3Q, STM32U031C6T6, STM32U031C6U6, STM32U031C8T6, STM32U031C8U6, STM32U031F4P6, STM32U031F6P6, STM32U031F8P6, STM32U031G6Y6TR, STM32U031G8Y6TR, STM32U031K4U6, STM32U031K6U6, STM32U031K8U6, STM32U031R6I6, STM32U031R6T6, STM32U031R8I6, STM32U031R8T6, STM32U073C8T6, STM32U073C8U6, STM32U073CBT6, STM32U073CBU6, STM32U073CCT6, STM32U073CCU6, STM32U073H8Y6TR, STM32U073HBY6TR, STM32U073HCY6TR, STM32U073K8U6, STM32U073KBU6, STM32U073KCU6, STM32U073M8I6, STM32U073M8T6, STM32U073MBI6, STM32U073MBT6, STM32U073MCI6, STM32U073MCT6, STM32U073R8I6, STM32U073R8T6, STM32U073RBI6, STM32U073RBT6, STM32U073RCI6, STM32U073RCT6, STM32U083C-DK, STM32U083CCT6, STM32U083CCU6, STM32U083HCY6TR, STM32U083KCU6, STM32U083MCI6, STM32U083MCT6, STM32U083RCI6, STM32U083RCT6, STM32U375CET6, STM32U375CET6Q, STM32U375CEU6, STM32U375CEU6Q, STM32U375CEY6QTR, STM32U375CGT6, STM32U375CGT6Q, STM32U375CGU6, STM32U375CGU6Q, STM32U375CGY6QTR, STM32U375KEU6, STM32U375KGU6, STM32U375REI6, STM32U375REI6Q, STM32U375RET6, STM32U375RET6Q, STM32U375REY6GTR, STM32U375REY6QTR, STM32U375RGI6, STM32U375RGI6Q, STM32U375RGT6, STM32U375RGT6Q, STM32U375RGY6GTR, STM32U375RGY6QTR, STM32U375VEI6, STM32U375VEI6Q, STM32U375VET6, STM32U375VET6Q, STM32U375VGI6, STM32U375VGI6Q, STM32U375VGT6, STM32U375VGT6Q, STM32U385CGT6, STM32U385CGT6Q, STM32U385CGU6, STM32U385CGU6Q, STM32U385CGY6QTR, STM32U385KGU6, STM32U385RGI6, STM32U385RGI6Q, STM32U385RGT6, STM32U385RGT6Q, STM32U385RGY6GTR, STM32U385RGY6QTR, STM32U385VGI6, STM32U385VGI6Q, STM32U385VGT6, STM32U385VGT6Q, STM32U535CBT6, STM32U535CBT6Q, STM32U535CBU6, STM32U535CBU6Q, STM32U535CCT6, STM32U535CCT6Q, STM32U535CCU6, STM32U535CCU6Q, STM32U535CET6, STM32U535CET6Q, STM32U535CEU6, STM32U535CEU6Q, STM32U535JEY6QTR, STM32U535NCY6QTR, STM32U535NEY6QTR, STM32U535RBI6, STM32U535RBI6Q, STM32U535RBT6, STM32U535RBT6Q, STM32U535RCI6, STM32U535RCI6Q, STM32U535RCT6, STM32U535RCT6Q, STM32U535REI6, STM32U535REI6Q, STM32U535RET6, STM32U535RET6Q, STM32U535VCI6, STM32U535VCI6Q, STM32U535VCT6, STM32U535VCT6Q, STM32U535VEI6, STM32U535VEI6Q, STM32U535VET6, STM32U535VET6Q, STM32U545CET6, STM32U545CET6Q, STM32U545CEU6, STM32U545CEU6Q, STM32U545JEY6QTR, STM32U545NEY6QTR, STM32U545REI6, STM32U545REI6Q, STM32U545RET6, STM32U545RET6Q, STM32U545VEI6, STM32U545VEI6Q, STM32U545VET6, STM32U545VET6Q, STM32U595AIH6, STM32U595AIH6Q, STM32U595AJH6, STM32U595AJH6Q, STM32U595QII6, STM32U595QII6Q, STM32U595QJI6, STM32U595QJI6Q, STM32U595RIT6, STM32U595RIT6Q, STM32U595RJT6, STM32U595RJT6Q, STM32U595VIT6, STM32U595VIT6Q, STM32U595VJT6, STM32U595VJT6Q, STM32U595ZIT6, STM32U595ZIT6Q, STM32U595ZIY6QTR, STM32U595ZJT6, STM32U595ZJT6Q, STM32U595ZJY6QTR, STM32U599BJY6QTR, STM32U599NIH6Q, STM32U599NJH6Q, STM32U599VIT6Q, STM32U599VJT6, STM32U599VJT6Q, STM32U599ZIT6Q, STM32U599ZIY6QTR, STM32U599ZJT6Q, STM32U599ZJY6QTR, STM32U5A5AJH6, STM32U5A5AJH6Q, STM32U5A5QII3Q , STM32U5A5QJI6, STM32U5A5QJI6Q, STM32U5A5RJT6, STM32U5A5RJT6Q, STM32U5A5VJT6, STM32U5A5VJT6Q, STM32U5A5ZJT6, STM32U5A5ZJT6Q, STM32U5A5ZJY6QTR, STM32U5A9BJY6QTR, STM32U5A9J-DK, STM32U5A9NJH6Q, STM32U5A9VJT6Q, STM32U5A9ZJT6Q, STM32U5A9ZJY6QTR, STM32U5F7VIT6, STM32U5F7VIT6Q, STM32U5F7VJT6, STM32U5F7VJT6Q, STM32U5F9BJY6QTR, STM32U5F9NJH6Q, STM32U5F9VIT6Q, STM32U5F9VJT6Q, STM32U5F9ZIJ6QTR, STM32U5F9ZIT6Q, STM32U5F9ZJJ6QTR, STM32U5F9ZJT6Q, STM32U5G7VJT6, STM32U5G7VJT6Q, STM32U5G9BJY6QTR, STM32U5G9J-DK1, STM32U5G9J-DK2, STM32U5G9NJH6Q, STM32U5G9VJT6Q, STM32U5G9ZJJ6QTR, STM32U5G9ZJT6Q, STM32WB05KZV6TR, STM32WB05KZV7TR, STM32WB05TZF6TR, STM32WB05TZF7TR, STM32WB06CCF6TR, STM32WB06CCF7TR, STM32WB06CCV6TR, STM32WB06CCV7TR, STM32WB06KCV6TR, STM32WB06KCV7TR, STM32WB07CCF6TR, STM32WB07CCF7TR, STM32WB07CCV6TR, STM32WB07CCV7TR, STM32WB07KCV6TR, STM32WB07KCV7TR, STM32WB09KEV6TR, STM32WB09KEV7TR, STM32WB09TEF6TR, STM32WB09TEF7TR, STM32WB1MMCH6, STM32WBA50KGU6, STM32WBA50KGU6TR, STM32WBA52CEU6, STM32WBA52CEU6TR, STM32WBA52CEU7, STM32WBA52CEU7TR, STM32WBA52CGU6, STM32WBA52CGU6TR, STM32WBA52CGU6U, STM32WBA52CGU7, STM32WBA52CGU7TR, STM32WBA52KEU6, STM32WBA52KEU6TR, STM32WBA52KGU6, STM32WBA52KGU6TR, STM32WBA54CEU6, STM32WBA54CEU6TR, STM32WBA54CEU7, STM32WBA54CEU7TR, STM32WBA54CGU6, STM32WBA54CGU6TR, STM32WBA54CGU7, STM32WBA54CGU7TR, STM32WBA54KEU6, STM32WBA54KEU6TR, STM32WBA54KEU7, STM32WBA54KEU7TR, STM32WBA54KGU6, STM32WBA54KGU6TR, STM32WBA54KGU7, STM32WBA54KGU7TR, STM32WBA55CEU6, STM32WBA55CEU6TR, STM32WBA55CEU7, STM32WBA55CEU7TR, STM32WBA55CGU6, STM32WBA55CGU6TR, STM32WBA55CGU6U, STM32WBA55CGU7, STM32WBA55CGU7TR, STM32WBA55G-DK1, STM32WBA55HEF6, STM32WBA55HEF7, STM32WBA55HGF6, STM32WBA55HGF7, STM32WBA55UEI6, STM32WBA55UEI6TR, STM32WBA55UEI7, STM32WBA55UEI7TR, STM32WBA55UGI6, STM32WBA55UGI6TR, STM32WBA55UGI7, STM32WBA55UGI7TR, STM32WBA5MMGH6TR, STM32WBA62MGF6, STM32WBA62MIF6, STM32WBA65MGF7, STM32WBA65MIF6, STM32WBA65MIF7, STM32WL30K8V6, STM32WL30KBV6, STM32WL31C8V6, STM32WL31CBV6, STM32WL31K8V6, STM32WL31KBV6, STM32WL33C8V6, STM32WL33C8V6X, STM32WL33CBV6, STM32WL33CBV6X, STM32WL33CCV6, STM32WL33CCV6A, STM32WL33CCV6X, STM32WL33K8V7, STM32WL33K8V7X, STM32WL33KBV7 , STM32WL33KBV7X, STM32WL33KCV7, STM32WL33KCV7X, STM32WL5MOCH6, STM32WL5MOCH6TR]
2026-04-16 14:39:51,175 [INFO] ApiDb:668 - CubeFinder database Data Model version=2.1
2026-04-16 14:39:51,175 [INFO] ApiDb:669 - CubeFinder database Configuration version=3.0.42
2026-04-16 14:39:51,176 [INFO] ApiDb:670 - CubeFinder database generation date=2026-02-13 (1770995876)
2026-04-16 14:39:51,176 [INFO] ApiDb:671 - CubeFinder database FW Pack versions=[FP-ATR-ASTRA1_V2.0.0, FP-SNS-FLIGHT1_V5.1.0, FP-SNS-MOTENV1_V5.1.0, FP-SNS-MOTENVWB1_V1.4.0, FP-SNS-SMARTAG2_V1.2.0, FP-SNS-STBOX1_V2.1.0, STM32Cube_FW_C0_V1.4.0, STM32Cube_FW_F4_V1.28.3, STM32Cube_FW_F7_V1.17.4, STM32Cube_FW_G0_V1.6.2, STM32Cube_FW_G4_V1.6.1, STM32Cube_FW_H5_V1.6.0, STM32Cube_FW_H7RS_V1.3.0, STM32Cube_FW_H7_V1.13.0, STM32Cube_FW_L0_V1.12.2, STM32Cube_FW_L4_V1.18.2, STM32Cube_FW_L5_V1.6.0, STM32Cube_FW_N6_V1.3.0, STM32Cube_FW_U0_V1.3.0, STM32Cube_FW_U3_V1.3.0, STM32Cube_FW_U5_V1.8.0, STM32Cube_FW_WB0_V1.4.0, STM32Cube_FW_WBA_V1.9.0, STM32Cube_FW_WB_V1.24.0, STM32Cube_FW_WL3_V1.4.0, STM32Cube_FW_WL_V1.5.0, X-CUBE-ALGOBUILD_V1.4.0, X-CUBE-ALS_V1.0.2, X-CUBE-AZRTOS-F4_V1.1.0, X-CUBE-AZRTOS-F7_V1.1.0, X-CUBE-AZRTOS-G0_V1.1.0, X-CUBE-AZRTOS-G4_V2.0.0, X-CUBE-AZRTOS-H7RS_V1.1.0, X-CUBE-AZRTOS-H7_V3.4.0, X-CUBE-AZRTOS-L4_V2.0.0, X-CUBE-AZRTOS-L5_V2.0.0, X-CUBE-AZRTOS-WB_V2.0.0, X-CUBE-AZRTOS-WL_V2.0.0, X-CUBE-BLE1_V7.1.0, X-CUBE-BLE2_V3.3.0, X-CUBE-BLEMGR_V4.1.0, X-CUBE-EEPRMA1_V5.2.0, X-CUBE-FREERTOS_V1.3.1, X-CUBE-GNSS1_V6.0.0, X-CUBE-MEMS1_V12.0.0, X-CUBE-NFC4_V3.0.0, X-CUBE-NFC7_V2.0.0, X-CUBE-SFXS2LP1_V4.0.0, X-CUBE-ST67W61_V1.1.0, X-CUBE-SUBG2_V5.0.0, X-CUBE-TOF1_V3.4.3]
2026-04-16 14:39:53,009 [INFO] ApiDb:240 - Found 880 in-development CPN: [B-G473E-ZEST1S, B-WB1M-WPAN1, B-WBA5M-WPAN, B-WL5M-SUBG1, NUCLEO-C031C6, NUCLEO-C051C8, NUCLEO-C071RB, NUCLEO-C092RC, NUCLEO-H503RB, NUCLEO-H533RE, NUCLEO-H563ZI, NUCLEO-H7S3L8, NUCLEO-N657X0-Q, NUCLEO-U031R8, NUCLEO-U083RC, NUCLEO-U385RG-Q, NUCLEO-U545RE-Q, NUCLEO-U5A5ZJ-Q, NUCLEO-WB05KZ, NUCLEO-WB07CC, NUCLEO-WB09KE, NUCLEO-WBA52CG, NUCLEO-WBA55CG, NUCLEO-WL33CC1, NUCLEO-WL33CC2, STEVAL-PROTEUS1, STEVAL-SMARTAG2, STEVAL-STWINBX1, STM320518-EVAL, STM32C0116-DK, STM32C011D6Y3TR, STM32C011D6Y6TR, STM32C011F4P3, STM32C011F4P6, STM32C011F4U3, STM32C011F4U6TR, STM32C011F6P3, STM32C011F6P6, STM32C011F6U3, STM32C011F6U6TR, STM32C011J4M3, STM32C011J4M6, STM32C011J6M3, STM32C011J6M6, STM32C0316-DK, STM32C031C4T3, STM32C031C4T6, STM32C031C4U3, STM32C031C4U6, STM32C031C6T3, STM32C031C6T6, STM32C031C6U3, STM32C031C6U6, STM32C031F4P3, STM32C031F4P6, STM32C031F6P3, STM32C031F6P6, STM32C031G4U3, STM32C031G4U6, STM32C031G6U3, STM32C031G6U6, STM32C031K4T3, STM32C031K4T6, STM32C031K4U3, STM32C031K4U6, STM32C031K6T3, STM32C031K6T6, STM32C031K6U3, STM32C031K6U6, STM32C051C6T6, STM32C051C6U6, STM32C051C8T6, STM32C051C8U6, STM32C051D8Y6TR, STM32C051F6P6, STM32C051F8P6, STM32C051G6U6, STM32C051G8U6, STM32C051K6T6, STM32C051K6U6, STM32C051K8T6, STM32C071C8T6, STM32C071C8T6N, STM32C071C8U6, STM32C071C8U6N, STM32C071CBT6, STM32C071CBT6N, STM32C071CBU6, STM32C071CBU6N, STM32C071F8P6, STM32C071F8P6N, STM32C071FBP6, STM32C071FBP6N, STM32C071FBY6TR, STM32C071G8U6, STM32C071G8U6N, STM32C071GBU6, STM32C071GBU6N, STM32C071K8T6, STM32C071K8T6N, STM32C071K8U6, STM32C071K8U6N, STM32C071KBT6, STM32C071KBT6N, STM32C071KBU6, STM32C071KBU6N, STM32C071R8T6, STM32C071R8T6N, STM32C071RBI6N, STM32C071RBT6, STM32C071RBT6N, STM32C091CBT6, STM32C091CBU6, STM32C091CCT6, STM32C091CCU6, STM32C091ECY6TR, STM32C091FBP6, STM32C091FCP6, STM32C091GBU6, STM32C091GCU6, STM32C091KBT6, STM32C091KBU6, STM32C091KCT6, STM32C091KCU6, STM32C091RBT6, STM32C091RCI6, STM32C091RCT6, STM32C092CBT6, STM32C092CBU6, STM32C092CCT6, STM32C092CCU6, STM32C092ECY6TR, STM32C092FBP6, STM32C092FCP6, STM32C092GBU6, STM32C092GCU6, STM32C092KBT6, STM32C092KBU6, STM32C092KCT6, STM32C092KCU6, STM32C092RBT6, STM32C092RCI6, STM32C092RCT6, STM32G071K8TXN, STM32G071K8UXN, STM32G081GBU6N, STM32G081KBT6N, STM32G081KBUXN, STM32G0B1CCT6N, STM32G0B1KCT6, STM32G0B1NEY6TR, STM32G0B1RCT6N, STM32G0C1CCT6, STM32G0C1CCT6N, STM32G0C1CCU6N, STM32G0C1CET6N, STM32G0C1CEU6N, STM32G0C1KCT6, STM32G0C1NEY6TR, STM32G0C1RCI6N, STM32G0C1RCT6N, STM32G0C1REI6N, STM32G0C1RET6N, STM32G0C1VCI6, STM32G0C1VEI6, STM32G411C6T3, STM32G411C6T6, STM32G411C6U3, STM32G411C6U6, STM32G411C8T3, STM32G411C8T6, STM32G411C8U3, STM32G411C8U6, STM32G411CBT3, STM32G411CBT6, STM32G411CBU3, STM32G411CBU6, STM32G411K6T3, STM32G411K6T6, STM32G411K6U3, STM32G411K6U6, STM32G411K8T3, STM32G411K8T6, STM32G411K8U3, STM32G411K8U6, STM32G411KBT3, STM32G411KBT6, STM32G411KBU3, STM32G411KBU6, STM32G411M6T3, STM32G411M6T6, STM32G411M8T3, STM32G411M8T6, STM32G411MBT3, STM32G411MBT6, STM32G411R6T3, STM32G411R6T6, STM32G411R8T3, STM32G411R8T6, STM32G411RBT3, STM32G411RBT6, STM32G414CBT3, STM32G414CBT6, STM32G414CBU3, STM32G414CBU6, STM32G414CCT3, STM32G414CCT6, STM32G414CCU3, STM32G414CCU6, STM32G414MBT3, STM32G414MBT6, STM32G414MCT3, STM32G414MCT6, STM32G414RBT3, STM32G414RBT6, STM32G414RCT3, STM32G414RCT6, STM32G414VBT3, STM32G414VBT6, STM32G414VCT3, STM32G414VCT6, STM32G431CBT3Z, STM32G431RBT3Z, STM32G471CCT6, STM32G471CCU6, STM32G471CET3, STM32G471CET6, STM32G471CEU3, STM32G471CEU6, STM32G471MCT6, STM32G471MET3, STM32G471MET6, STM32G471MEY6TR, STM32G471QCT6, STM32G471QET3, STM32G471RCT6, STM32G471RET3, STM32G471RET6, STM32G471VCH6, STM32G471VCI6, STM32G471VCT6, STM32G471VEH3, STM32G471VEH6, STM32G471VEI3, STM32G471VEI6, STM32G471VET3, STM32G471VET6, STM32G473QET3Z, STM32G473RET3Z, STM32G474CCT6, STM32G491RET3Z, STM32H503CBT6, STM32H503CBU6, STM32H503EBY6TR, STM32H503KBU6, STM32H503RBT6, STM32H523CCT6, STM32H523CCU6, STM32H523CET6, STM32H523CEU6, STM32H523HEY6TR, STM32H523RCT6, STM32H523RET6, STM32H523VCI6, STM32H523VCT6, STM32H523VEI6, STM32H523VET6, STM32H523ZCJ6, STM32H523ZCT6, STM32H523ZEJ6, STM32H523ZET6, STM32H533CET6, STM32H533CEU6, STM32H533HEY6TR, STM32H533RET6, STM32H533VEI6, STM32H533VET6, STM32H533ZEJ6, STM32H533ZET6, STM32H562AGI6, STM32H562AII6, STM32H562IGK6, STM32H562IGT6, STM32H562IIK6, STM32H562IIT6, STM32H562RGT6, STM32H562RGV6, STM32H562RIT6, STM32H562RIV6, STM32H562VGT6, STM32H562VIT6, STM32H562ZGT6, STM32H562ZIT6, STM32H563AGI6, STM32H563AII3Q, STM32H563AII6, STM32H563IGK6, STM32H563IGT6, STM32H563IIK3Q, STM32H563IIK6, STM32H563IIT3Q, STM32H563IIT6, STM32H563MIY3QTR, STM32H563RGT6, STM32H563RGV6, STM32H563RIT6, STM32H563RIV6, STM32H563VGT6, STM32H563VIT3Q, STM32H563VIT6, STM32H563ZGT6, STM32H563ZIT3Q, STM32H563ZIT6, STM32H573AII3Q, STM32H573AII6, STM32H573I-DK, STM32H573IIK3Q, STM32H573IIK6, STM32H573IIT3Q, STM32H573IIT6, STM32H573MIY3QTR, STM32H573RIT6, STM32H573RIV6, STM32H573VIT3Q, STM32H573VIT6, STM32H573ZIT3Q, STM32H573ZIT6, STM32H7R3A8I6, STM32H7R3I8K6, STM32H7R3I8T6, STM32H7R3L8H6, STM32H7R3L8H6H, STM32H7R3R8V6, STM32H7R3V8H6, STM32H7R3V8T6, STM32H7R3V8Y6TR, STM32H7R3Z8J6, STM32H7R3Z8T6, STM32H7R7A8I6, STM32H7R7I8K6, STM32H7R7I8T6, STM32H7R7L8H6, STM32H7R7L8H6H, STM32H7R7Z8J6, STM32H7S3A8I6, STM32H7S3I8K6, STM32H7S3I8T6, STM32H7S3L8H6, STM32H7S3L8H6H, STM32H7S3R8V6, STM32H7S3V8H6, STM32H7S3V8T6, STM32H7S3V8Y6TR, STM32H7S3Z8J6, STM32H7S3Z8T6, STM32H7S78-DK, STM32H7S7A8I6, STM32H7S7I8K6, STM32H7S7I8T6, STM32H7S7L8H6, STM32H7S7L8H6H, STM32H7S7Z8J6, STM32L4R5QGI6STR, STM32MP131AAE3, STM32MP131AAF3, STM32MP131AAG3, STM32MP131CAE3, STM32MP131CAF3, STM32MP131CAG3, STM32MP131DAE7, STM32MP131DAF7, STM32MP131DAG7, STM32MP131FAE7, STM32MP131FAF7, STM32MP131FAG7, STM32MP133AAE3, STM32MP133AAF3, STM32MP133AAG3, STM32MP133CAE3, STM32MP133CAF3, STM32MP133CAG3, STM32MP133DAE7, STM32MP133DAF7, STM32MP133DAG7, STM32MP133FAE7, STM32MP133FAF7, STM32MP133FAG7, STM32MP135AAE3, STM32MP135AAF3, STM32MP135AAG3, STM32MP135CAE3, STM32MP135CAF3, STM32MP135CAG3, STM32MP135DAE7, STM32MP135DAF7, STM32MP135DAG7, STM32MP135F-DK, STM32MP135FAE7, STM32MP135FAF7, STM32MP135FAF7T, STM32MP135FAF7U, STM32MP135FAG7, STM32MP211AAL3, STM32MP211AAM3, STM32MP211AAN3, STM32MP211AAO3, STM32MP211CAL3, STM32MP211CAM3, STM32MP211CAN3, STM32MP211CAO3, STM32MP211DAL3, STM32MP211DAM3, STM32MP211DAN3, STM32MP211DAO3, STM32MP211FAL3, STM32MP211FAM3, STM32MP211FAN3, STM32MP211FAO3, STM32MP213AAL3, STM32MP213AAM3, STM32MP213AAN3, STM32MP213AAO3, STM32MP213CAL3, STM32MP213CAM3, STM32MP213CAN3, STM32MP213CAO3, STM32MP213DAL3, STM32MP213DAM3, STM32MP213DAN3, STM32MP213DAO3, STM32MP213FAL3, STM32MP213FAM3, STM32MP213FAN3, STM32MP213FAO3, STM32MP215AAL3, STM32MP215AAM3, STM32MP215AAN3, STM32MP215AAO3, STM32MP215CAL3, STM32MP215CAM3, STM32MP215CAN3, STM32MP215CAO3, STM32MP215DAL3, STM32MP215DAM3, STM32MP215DAN3, STM32MP215DAO3, STM32MP215F-DK, STM32MP215FAL3, STM32MP215FAM3, STM32MP215FAN3, STM32MP215FAO3, STM32MP231AAJ3, STM32MP231AAK3, STM32MP231AAL3, STM32MP231CAJ3, STM32MP231CAK3, STM32MP231CAL3, STM32MP231DAJ3, STM32MP231DAK3, STM32MP231DAL3, STM32MP231FAJ3, STM32MP231FAK3, STM32MP231FAL3, STM32MP233AAJ3, STM32MP233AAK3, STM32MP233AAL3, STM32MP233CAJ3, STM32MP233CAK3, STM32MP233CAL3, STM32MP233DAJ3, STM32MP233DAK3, STM32MP233DAL3, STM32MP233FAJ3, STM32MP233FAK3, STM32MP233FAL3, STM32MP235AAJ3, STM32MP235AAK3, STM32MP235AAL3, STM32MP235CAJ3, STM32MP235CAK3, STM32MP235CAL3, STM32MP235DAJ3, STM32MP235DAK3, STM32MP235DAL3, STM32MP235FAJ3, STM32MP235FAK3, STM32MP235FAL3, STM32MP251AAI3, STM32MP251AAK3, STM32MP251AAL3, STM32MP251CAI3, STM32MP251CAK3, STM32MP251CAL3, STM32MP251DAI3, STM32MP251DAK3, STM32MP251DAL3, STM32MP251FAI3, STM32MP251FAK3, STM32MP251FAL3, STM32MP253AAI3, STM32MP253AAK3, STM32MP253AAL3, STM32MP253CAI3, STM32MP253CAK3, STM32MP253CAL3, STM32MP253DAI3, STM32MP253DAK3, STM32MP253DAL3, STM32MP253FAI3, STM32MP253FAK3, STM32MP253FAL3, STM32MP255AAI3, STM32MP255AAK3, STM32MP255AAL3, STM32MP255CAI3, STM32MP255CAK3, STM32MP255CAL3, STM32MP255DAI3, STM32MP255DAK3, STM32MP255DAL3, STM32MP255FAI3, STM32MP255FAK3, STM32MP255FAL3, STM32MP257AAI3, STM32MP257AAK3, STM32MP257AAL3, STM32MP257CAI3, STM32MP257CAK3, STM32MP257CAL3, STM32MP257DAI3, STM32MP257DAK3, STM32MP257DAL3, STM32MP257F-DK, STM32MP257F-EV1, STM32MP257FAI3, STM32MP257FAK3, STM32MP257FAL3, STM32N645A0H3Q, STM32N645B0H3Q, STM32N645I0H3Q, STM32N645L0H3Q, STM32N645X0H3Q, STM32N645Z0H3Q, STM32N647A0H3Q, STM32N647B0H3Q, STM32N647I0H3Q, STM32N647L0H3Q, STM32N647X0H3Q, STM32N647Z0H3Q, STM32N655A0H3Q, STM32N655B0H3Q, STM32N655I0H3Q, STM32N655L0H3Q, STM32N655X0H3Q, STM32N655Z0H3Q, STM32N6570-DK, STM32N657A0H3Q, STM32N657B0H3Q, STM32N657I0H3Q, STM32N657L0H3Q, STM32N657X0H3Q, STM32N657Z0H3Q, STM32U031C6T6, STM32U031C6U6, STM32U031C8T6, STM32U031C8U6, STM32U031F4P6, STM32U031F6P6, STM32U031F8P6, STM32U031G6Y6TR, STM32U031G8Y6TR, STM32U031K4U6, STM32U031K6U6, STM32U031K8U6, STM32U031R6I6, STM32U031R6T6, STM32U031R8I6, STM32U031R8T6, STM32U073C8T6, STM32U073C8U6, STM32U073CBT6, STM32U073CBU6, STM32U073CCT6, STM32U073CCU6, STM32U073H8Y6TR, STM32U073HBY6TR, STM32U073HCY6TR, STM32U073K8U6, STM32U073KBU6, STM32U073KCU6, STM32U073M8I6, STM32U073M8T6, STM32U073MBI6, STM32U073MBT6, STM32U073MCI6, STM32U073MCT6, STM32U073R8I6, STM32U073R8T6, STM32U073RBI6, STM32U073RBT6, STM32U073RCI6, STM32U073RCT6, STM32U083C-DK, STM32U083CCT6, STM32U083CCU6, STM32U083HCY6TR, STM32U083KCU6, STM32U083MCI6, STM32U083MCT6, STM32U083RCI6, STM32U083RCT6, STM32U375CET6, STM32U375CET6Q, STM32U375CEU6, STM32U375CEU6Q, STM32U375CEY6QTR, STM32U375CGT6, STM32U375CGT6Q, STM32U375CGU6, STM32U375CGU6Q, STM32U375CGY6QTR, STM32U375KEU6, STM32U375KGU6, STM32U375REI6, STM32U375REI6Q, STM32U375RET6, STM32U375RET6Q, STM32U375REY6GTR, STM32U375REY6QTR, STM32U375RGI6, STM32U375RGI6Q, STM32U375RGT6, STM32U375RGT6Q, STM32U375RGY6GTR, STM32U375RGY6QTR, STM32U375VEI6, STM32U375VEI6Q, STM32U375VET6, STM32U375VET6Q, STM32U375VGI6, STM32U375VGI6Q, STM32U375VGT6, STM32U375VGT6Q, STM32U385CGT6, STM32U385CGT6Q, STM32U385CGU6, STM32U385CGU6Q, STM32U385CGY6QTR, STM32U385KGU6, STM32U385RGI6, STM32U385RGI6Q, STM32U385RGT6, STM32U385RGT6Q, STM32U385RGY6GTR, STM32U385RGY6QTR, STM32U385VGI6, STM32U385VGI6Q, STM32U385VGT6, STM32U385VGT6Q, STM32U535CBT6, STM32U535CBT6Q, STM32U535CBU6, STM32U535CBU6Q, STM32U535CCT6, STM32U535CCT6Q, STM32U535CCU6, STM32U535CCU6Q, STM32U535CET6, STM32U535CET6Q, STM32U535CEU6, STM32U535CEU6Q, STM32U535JEY6QTR, STM32U535NCY6QTR, STM32U535NEY6QTR, STM32U535RBI6, STM32U535RBI6Q, STM32U535RBT6, STM32U535RBT6Q, STM32U535RCI6, STM32U535RCI6Q, STM32U535RCT6, STM32U535RCT6Q, STM32U535REI6, STM32U535REI6Q, STM32U535RET6, STM32U535RET6Q, STM32U535VCI6, STM32U535VCI6Q, STM32U535VCT6, STM32U535VCT6Q, STM32U535VEI6, STM32U535VEI6Q, STM32U535VET6, STM32U535VET6Q, STM32U545CET6, STM32U545CET6Q, STM32U545CEU6, STM32U545CEU6Q, STM32U545JEY6QTR, STM32U545NEY6QTR, STM32U545REI6, STM32U545REI6Q, STM32U545RET6, STM32U545RET6Q, STM32U545VEI6, STM32U545VEI6Q, STM32U545VET6, STM32U545VET6Q, STM32U595AIH6, STM32U595AIH6Q, STM32U595AJH6, STM32U595AJH6Q, STM32U595QII6, STM32U595QII6Q, STM32U595QJI6, STM32U595QJI6Q, STM32U595RIT6, STM32U595RIT6Q, STM32U595RJT6, STM32U595RJT6Q, STM32U595VIT6, STM32U595VIT6Q, STM32U595VJT6, STM32U595VJT6Q, STM32U595ZIT6, STM32U595ZIT6Q, STM32U595ZIY6QTR, STM32U595ZJT6, STM32U595ZJT6Q, STM32U595ZJY6QTR, STM32U599BJY6QTR, STM32U599NIH6Q, STM32U599NJH6Q, STM32U599VIT6Q, STM32U599VJT6, STM32U599VJT6Q, STM32U599ZIT6Q, STM32U599ZIY6QTR, STM32U599ZJT6Q, STM32U599ZJY6QTR, STM32U5A5AJH6, STM32U5A5AJH6Q, STM32U5A5QII3Q , STM32U5A5QJI6, STM32U5A5QJI6Q, STM32U5A5RJT6, STM32U5A5RJT6Q, STM32U5A5VJT6, STM32U5A5VJT6Q, STM32U5A5ZJT6, STM32U5A5ZJT6Q, STM32U5A5ZJY6QTR, STM32U5A9BJY6QTR, STM32U5A9J-DK, STM32U5A9NJH6Q, STM32U5A9VJT6Q, STM32U5A9ZJT6Q, STM32U5A9ZJY6QTR, STM32U5F7VIT6, STM32U5F7VIT6Q, STM32U5F7VJT6, STM32U5F7VJT6Q, STM32U5F9BJY6QTR, STM32U5F9NJH6Q, STM32U5F9VIT6Q, STM32U5F9VJT6Q, STM32U5F9ZIJ6QTR, STM32U5F9ZIT6Q, STM32U5F9ZJJ6QTR, STM32U5F9ZJT6Q, STM32U5G7VJT6, STM32U5G7VJT6Q, STM32U5G9BJY6QTR, STM32U5G9J-DK1, STM32U5G9J-DK2, STM32U5G9NJH6Q, STM32U5G9VJT6Q, STM32U5G9ZJJ6QTR, STM32U5G9ZJT6Q, STM32WB05KZV6TR, STM32WB05KZV7TR, STM32WB05TZF6TR, STM32WB05TZF7TR, STM32WB06CCF6TR, STM32WB06CCF7TR, STM32WB06CCV6TR, STM32WB06CCV7TR, STM32WB06KCV6TR, STM32WB06KCV7TR, STM32WB07CCF6TR, STM32WB07CCF7TR, STM32WB07CCV6TR, STM32WB07CCV7TR, STM32WB07KCV6TR, STM32WB07KCV7TR, STM32WB09KEV6TR, STM32WB09KEV7TR, STM32WB09TEF6TR, STM32WB09TEF7TR, STM32WB1MMCH6, STM32WBA50KGU6, STM32WBA50KGU6TR, STM32WBA52CEU6, STM32WBA52CEU6TR, STM32WBA52CEU7, STM32WBA52CEU7TR, STM32WBA52CGU6, STM32WBA52CGU6TR, STM32WBA52CGU6U, STM32WBA52CGU7, STM32WBA52CGU7TR, STM32WBA52KEU6, STM32WBA52KEU6TR, STM32WBA52KGU6, STM32WBA52KGU6TR, STM32WBA54CEU6, STM32WBA54CEU6TR, STM32WBA54CEU7, STM32WBA54CEU7TR, STM32WBA54CGU6, STM32WBA54CGU6TR, STM32WBA54CGU7, STM32WBA54CGU7TR, STM32WBA54KEU6, STM32WBA54KEU6TR, STM32WBA54KEU7, STM32WBA54KEU7TR, STM32WBA54KGU6, STM32WBA54KGU6TR, STM32WBA54KGU7, STM32WBA54KGU7TR, STM32WBA55CEU6, STM32WBA55CEU6TR, STM32WBA55CEU7, STM32WBA55CEU7TR, STM32WBA55CGU6, STM32WBA55CGU6TR, STM32WBA55CGU6U, STM32WBA55CGU7, STM32WBA55CGU7TR, STM32WBA55G-DK1, STM32WBA55HEF6, STM32WBA55HEF7, STM32WBA55HGF6, STM32WBA55HGF7, STM32WBA55UEI6, STM32WBA55UEI6TR, STM32WBA55UEI7, STM32WBA55UEI7TR, STM32WBA55UGI6, STM32WBA55UGI6TR, STM32WBA55UGI7, STM32WBA55UGI7TR, STM32WBA5MMGH6TR, STM32WBA62MGF6, STM32WBA62MIF6, STM32WBA65MGF7, STM32WBA65MIF6, STM32WBA65MIF7, STM32WL30K8V6, STM32WL30KBV6, STM32WL31C8V6, STM32WL31CBV6, STM32WL31K8V6, STM32WL31KBV6, STM32WL33C8V6, STM32WL33C8V6X, STM32WL33CBV6, STM32WL33CBV6X, STM32WL33CCV6, STM32WL33CCV6A, STM32WL33CCV6X, STM32WL33K8V7, STM32WL33K8V7X, STM32WL33KBV7 , STM32WL33KBV7X, STM32WL33KCV7, STM32WL33KCV7X, STM32WL5MOCH6, STM32WL5MOCH6TR]
2026-04-16 14:39:53,015 [INFO] DbMcus:218 - Found 4922 MCUs, 4922 are supported
2026-04-16 14:39:53,017 [INFO] ApiDb:423 - Load user favorites file /Users/ggpai/.stm32cubeide/favorites.mcus.txt: 0 item(s)
2026-04-16 14:39:53,017 [INFO] ApiDb:427 - User favorites MCUs=[]
2026-04-16 14:39:53,017 [INFO] DbMcus:224 - Set 0 / 0 favorites MCUs
2026-04-16 14:39:53,598 [INFO] BoardInfo:889 - No configuration file found for board P-NUCLEO-WB55
2026-04-16 14:39:53,607 [INFO] DbBoards:161 - Kit is not supported: P-NUCLEO-WB55
2026-04-16 14:39:53,613 [INFO] BoardInfo:889 - No configuration file found for board STEVAL-BFA001V1B
2026-04-16 14:39:53,613 [INFO] DbBoards:161 - Kit is not supported: STEVAL-BFA001V1B
2026-04-16 14:39:53,614 [INFO] BoardInfo:889 - No configuration file found for board STEVAL-BFA001V2B
2026-04-16 14:39:53,614 [INFO] DbBoards:161 - Kit is not supported: STEVAL-BFA001V2B
2026-04-16 14:39:53,740 [INFO] DbBoards:168 - Found 212 boards, 209 are supported
2026-04-16 14:39:53,741 [INFO] DbBoards:169 - Found 212 boards, 43 of them is supported for  Bsp
2026-04-16 14:39:53,752 [INFO] ApiDb:423 - Load user favorites file /Users/ggpai/.stm32cubeide/favorites.boards.txt: 1 item(s)
2026-04-16 14:39:53,753 [INFO] ApiDb:427 - User favorites Boards=[STM32F407G-DISC1]
2026-04-16 14:39:53,753 [INFO] DbBoards:198 - Set 1 / 1 favorites Boards
2026-04-16 14:39:53,866 [INFO] UtilMem:75 - End LoadConfig() Used Memory: 225823288 Bytes (361758720)
2026-04-16 14:39:53,987 [WARN] ThirdParty:833 - waiting for thirdparty lock release [change project]
2026-04-16 14:39:53,994 [INFO] ThirdParty:835 - entering critical section [change project]
2026-04-16 14:39:53,995 [INFO] ThirdParty:1030 - CMSIS Pack Vendor :STMicroelectronics USBPD 4.1
2026-04-16 14:39:53,995 [INFO] ThirdParty:1030 - CMSIS Pack Vendor :STMicroelectronics ThreadX 1.0.0
2026-04-16 14:39:53,995 [INFO] ThirdParty:1030 - CMSIS Pack Vendor :STMicroelectronics USB_HOST 2.0.0
2026-04-16 14:39:53,995 [INFO] ThirdParty:1030 - CMSIS Pack Vendor :STMicroelectronics LIBJPEG 8.0.0
2026-04-16 14:39:53,995 [INFO] ThirdParty:1030 - CMSIS Pack Vendor :STMicroelectronics FreeRTOS 0.0.1
2026-04-16 14:39:53,995 [INFO] ThirdParty:1030 - CMSIS Pack Vendor :STMicroelectronics USB_DEVICE 1.0.0
2026-04-16 14:39:53,995 [INFO] ThirdParty:1030 - CMSIS Pack Vendor :STMicroelectronics STM32_WPAN 1.0.0
2026-04-16 14:39:53,995 [INFO] ThirdParty:1030 - CMSIS Pack Vendor :STMicroelectronics USB_DEVICE 3.0.0
2026-04-16 14:39:53,995 [INFO] ThirdParty:1030 - CMSIS Pack Vendor :STMicroelectronics HAL Drivers 0.0.0
2026-04-16 14:39:53,995 [INFO] ThirdParty:1030 - CMSIS Pack Vendor :STMicroelectronics MBEDTLS 2.16.2
2026-04-16 14:39:53,995 [INFO] ThirdParty:1030 - CMSIS Pack Vendor :STMicroelectronics ThreadX 0.0.2
2026-04-16 14:39:53,995 [INFO] ThirdParty:1030 - CMSIS Pack Vendor :STMicroelectronics lwIP 2.0.3
2026-04-16 14:39:53,995 [INFO] ThirdParty:1030 - CMSIS Pack Vendor :STMicroelectronics lwIP 2.1.2
2026-04-16 14:39:53,995 [INFO] ThirdParty:1030 - CMSIS Pack Vendor :STMicroelectronics MBEDTLS 2.14.1
2026-04-16 14:39:53,995 [INFO] ThirdParty:1030 - CMSIS Pack Vendor :STMicroelectronics USB_HOST 1.0.0
2026-04-16 14:39:53,996 [INFO] ThirdParty:1030 - CMSIS Pack Vendor :STMicroelectronics PDM2PCM 3.1.0
2026-04-16 14:39:53,996 [INFO] ThirdParty:1030 - CMSIS Pack Vendor :STMicroelectronics USB_DEVICE 2.0.0
2026-04-16 14:39:53,996 [INFO] ThirdParty:1030 - CMSIS Pack Vendor :STMicroelectronics PDM2PCM 3.2.0
2026-04-16 14:39:53,996 [INFO] ThirdParty:1030 - CMSIS Pack Vendor :STMicroelectronics PDM2PCM 3.3.0
2026-04-16 14:39:53,998 [INFO] ThirdParty:841 - exiting critical section [change project]
2026-04-16 14:39:55,014 [INFO] PinOutPanel:1589 - setPackage(No Configuration,No Configuration)
2026-04-16 14:39:55,023 [INFO] PinOutPanel:1589 - setPackage(STM32F446RETx,LQFP64)
2026-04-16 14:39:56,506 [INFO] UtilMem:75 - Before build in PCC Used Memory: 297329160 Bytes (363855872)
2026-04-16 14:39:58,297 [INFO] UtilMem:75 - After build in PCC Used Memory: 232838032 Bytes (363855872)
2026-04-16 14:39:58,431 [INFO] IPUIPlugin:80 - create IPUIPlugin
2026-04-16 14:39:58,433 [INFO] IPUIPlugin:80 - create IPUIPlugin
2026-04-16 14:39:58,433 [INFO] IPUIPlugin:80 - create IPUIPlugin
2026-04-16 14:39:58,435 [INFO] IPUIPlugin:80 - create IPUIPlugin
2026-04-16 14:39:58,435 [INFO] IPUIPlugin:80 - create IPUIPlugin
2026-04-16 14:39:58,436 [INFO] IPUIPlugin:80 - create IPUIPlugin
2026-04-16 14:39:58,437 [INFO] IPUIPlugin:80 - create IPUIPlugin
2026-04-16 14:39:58,437 [INFO] IPUIPlugin:80 - create IPUIPlugin
2026-04-16 14:39:58,437 [INFO] IPUIPlugin:80 - create IPUIPlugin
2026-04-16 14:39:58,437 [INFO] IPUIPlugin:80 - create IPUIPlugin
2026-04-16 14:39:58,438 [INFO] IPUIPlugin:80 - create IPUIPlugin
2026-04-16 14:39:58,438 [INFO] IPUIPlugin:80 - create IPUIPlugin
2026-04-16 14:39:58,438 [INFO] IPUIPlugin:80 - create IPUIPlugin
2026-04-16 14:39:58,438 [INFO] IPUIPlugin:80 - create IPUIPlugin
2026-04-16 14:39:58,442 [INFO] IPUIPlugin:80 - create IPUIPlugin
2026-04-16 14:39:58,442 [INFO] IPUIPlugin:80 - create IPUIPlugin
2026-04-16 14:39:58,443 [INFO] IPUIPlugin:80 - create IPUIPlugin
2026-04-16 14:39:58,443 [INFO] IPUIPlugin:80 - create IPUIPlugin
2026-04-16 14:39:58,443 [INFO] IPUIPlugin:80 - create IPUIPlugin
2026-04-16 14:39:58,443 [INFO] IPUIPlugin:80 - create IPUIPlugin
2026-04-16 14:39:58,444 [INFO] IPUIPlugin:80 - create IPUIPlugin
2026-04-16 14:39:58,444 [INFO] IPUIPlugin:80 - create IPUIPlugin
2026-04-16 14:39:58,444 [INFO] IPUIPlugin:80 - create IPUIPlugin
2026-04-16 14:39:58,444 [INFO] IPUIPlugin:80 - create IPUIPlugin
2026-04-16 14:39:58,444 [INFO] IPUIPlugin:80 - create IPUIPlugin
2026-04-16 14:39:58,444 [INFO] IPUIPlugin:80 - create IPUIPlugin
2026-04-16 14:39:58,444 [INFO] IPUIPlugin:80 - create IPUIPlugin
2026-04-16 14:39:58,444 [INFO] IPUIPlugin:80 - create IPUIPlugin
2026-04-16 14:39:58,445 [INFO] IPUIPlugin:80 - create IPUIPlugin
2026-04-16 14:39:58,445 [INFO] IPUIPlugin:80 - create IPUIPlugin
2026-04-16 14:39:58,445 [INFO] IPUIPlugin:80 - create IPUIPlugin
2026-04-16 14:39:58,445 [INFO] IPUIPlugin:80 - create IPUIPlugin
2026-04-16 14:39:58,446 [INFO] IPUIPlugin:80 - create IPUIPlugin
2026-04-16 14:39:58,446 [INFO] IPUIPlugin:80 - create IPUIPlugin
2026-04-16 14:39:58,446 [INFO] IPUIPlugin:80 - create IPUIPlugin
2026-04-16 14:39:58,446 [INFO] IPUIPlugin:80 - create IPUIPlugin
2026-04-16 14:39:58,446 [INFO] IPUIPlugin:80 - create IPUIPlugin
2026-04-16 14:39:58,446 [INFO] IPUIPlugin:80 - create IPUIPlugin
2026-04-16 14:39:58,446 [INFO] IPUIPlugin:80 - create IPUIPlugin
2026-04-16 14:39:58,446 [INFO] IPUIPlugin:80 - create IPUIPlugin
2026-04-16 14:39:58,446 [INFO] IPUIPlugin:80 - create IPUIPlugin
2026-04-16 14:39:58,447 [INFO] IPUIPlugin:80 - create IPUIPlugin
2026-04-16 14:39:58,447 [INFO] IPUIPlugin:80 - create IPUIPlugin
2026-04-16 14:39:58,447 [INFO] IPUIPlugin:80 - create IPUIPlugin
2026-04-16 14:39:58,447 [INFO] IPUIPlugin:80 - create IPUIPlugin
2026-04-16 14:39:58,447 [INFO] IPUIPlugin:80 - create IPUIPlugin
2026-04-16 14:39:58,447 [INFO] IPUIPlugin:80 - create IPUIPlugin
2026-04-16 14:39:58,447 [INFO] IPUIPlugin:80 - create IPUIPlugin
2026-04-16 14:39:58,447 [INFO] IPUIPlugin:80 - create IPUIPlugin
2026-04-16 14:39:58,447 [INFO] IPUIPlugin:80 - create IPUIPlugin
2026-04-16 14:39:58,448 [INFO] IPUIPlugin:80 - create IPUIPlugin
2026-04-16 14:39:58,448 [INFO] IPUIPlugin:80 - create IPUIPlugin
2026-04-16 14:39:58,449 [INFO] IPUIPlugin:80 - create IPUIPlugin
2026-04-16 14:39:58,449 [INFO] IPUIPlugin:80 - create IPUIPlugin
2026-04-16 14:39:58,449 [INFO] IPUIPlugin:80 - create IPUIPlugin
2026-04-16 14:39:58,449 [INFO] IPUIPlugin:80 - create IPUIPlugin
2026-04-16 14:39:58,449 [INFO] IPUIPlugin:80 - create IPUIPlugin
2026-04-16 14:39:58,450 [INFO] IPUIPlugin:80 - create IPUIPlugin
2026-04-16 14:39:58,451 [INFO] IPUIPlugin:80 - create IPUIPlugin
2026-04-16 14:39:58,453 [INFO] IPUIPlugin:80 - create IPUIPlugin
2026-04-16 14:39:58,510 [INFO] ApiDbMcu:532 - Load IP Config File for PDM2PCM
2026-04-16 14:39:58,825 [INFO] CADModel:165 - CPN selected for project levelSTM32F446RET6
2026-04-16 14:39:58,825 [INFO] CADModel:114 - Register for checkConnection events
2026-04-16 14:39:58,879 [INFO] OpenFileManager:386 - Restore cursor
2026-04-16 14:40:14,250 [INFO] Gpio:278 - dependency for GPIO []
2026-04-16 14:40:51,360 [INFO] Gpio:278 - dependency for GPIO []
2026-04-16 14:40:51,565 [INFO] DmaTabbedPanel:205 - Cannot restore the selected Tab for DMA
2026-04-16 14:47:16,285 [INFO] UtilMem:75 - End SaveConfig() Used Memory: 317840888 Bytes (390070272)
2026-04-16 14:47:16,552 [ERROR] ConfigurationRetriever:142 - IOException on connection: PKIX path building failed: sun.security.provider.certpath.SunCertPathBuilderException: unable to find valid certification path to requested target
2026-04-16 14:47:16,605 [ERROR] ConfigurationRetriever:142 - IOException on connection: PKIX path building failed: sun.security.provider.certpath.SunCertPathBuilderException: unable to find valid certification path to requested target
2026-04-16 14:47:16,660 [ERROR] ConfigurationRetriever:142 - IOException on connection: PKIX path building failed: sun.security.provider.certpath.SunCertPathBuilderException: unable to find valid certification path to requested target
2026-04-16 14:47:18,111 [INFO] UtilMem:75 - End SaveConfig() Used Memory: 237406232 Bytes (390070272)
2026-04-16 14:47:19,288 [INFO] BlockDiagram:2775 - set Specific Code input for plugin: RCC
2026-04-16 14:47:19,294 [INFO] BlockDiagram:2775 - set Specific Code input for plugin: NVIC
2026-04-16 14:47:19,295 [INFO] BlockDiagram:2775 - set Specific Code input for plugin: DMA
2026-04-16 14:47:19,296 [INFO] BlockDiagram:2775 - set Specific Code input for plugin: GPIO
2026-04-16 14:47:19,297 [INFO] CodeGenerator:892 - code generatio: config db path: /Applications/STM32CubeIDE.app/Contents/Eclipse/plugins/com.st.stm32cube.common.mx_6.15.0.202507011659//db/
2026-04-16 14:47:19,530 [INFO] CodeEngine:265 - oldGeneratedFile, /Users/ggpai/Desktop/DMA/workspace/DMA_LED_TOGGLE/MXTmpFiles/license.tmp_save
2026-04-16 14:47:20,018 [INFO] CodeEngine:289 - Generated code: /Users/ggpai/Desktop/DMA/workspace/DMA_LED_TOGGLE/MXTmpFiles/license.tmp
2026-04-16 14:47:20,135 [INFO] CodeEngine:265 - oldGeneratedFile, /Users/ggpai/Desktop/DMA/workspace/DMA_LED_TOGGLE/MXTmpFiles/gpio.tmp_save
2026-04-16 14:47:20,339 [INFO] CodeEngine:289 - Generated code: /Users/ggpai/Desktop/DMA/workspace/DMA_LED_TOGGLE/MXTmpFiles/gpio.tmp
2026-04-16 14:47:20,385 [INFO] CodeEngine:265 - oldGeneratedFile, /Users/ggpai/Desktop/DMA/workspace/DMA_LED_TOGGLE/MXTmpFiles/dma.tmp_save
2026-04-16 14:47:20,489 [INFO] CodeEngine:289 - Generated code: /Users/ggpai/Desktop/DMA/workspace/DMA_LED_TOGGLE/MXTmpFiles/dma.tmp
2026-04-16 14:47:20,492 [INFO] CodeEngine:265 - oldGeneratedFile, /Users/ggpai/Desktop/DMA/workspace/DMA_LED_TOGGLE/MXTmpFiles/dma_GV.tmp_save
2026-04-16 14:47:20,572 [INFO] CodeEngine:289 - Generated code: /Users/ggpai/Desktop/DMA/workspace/DMA_LED_TOGGLE/MXTmpFiles/dma_GV.tmp
2026-04-16 14:47:20,581 [INFO] CodeEngine:265 - oldGeneratedFile, /Users/ggpai/Desktop/DMA/workspace/DMA_LED_TOGGLE/Core/Src/stm32f4xx_it.c_save
2026-04-16 14:47:20,702 [INFO] CodeEngine:289 - Generated code: /Users/ggpai/Desktop/DMA/workspace/DMA_LED_TOGGLE/Core/Src/stm32f4xx_it.c
2026-04-16 14:47:20,706 [INFO] CodeEngine:265 - oldGeneratedFile, /Users/ggpai/Desktop/DMA/workspace/DMA_LED_TOGGLE/Core/Inc/stm32f4xx_it.h_save
2026-04-16 14:47:20,779 [INFO] CodeEngine:289 - Generated code: /Users/ggpai/Desktop/DMA/workspace/DMA_LED_TOGGLE/Core/Inc/stm32f4xx_it.h
2026-04-16 14:47:20,804 [INFO] CodeEngine:265 - oldGeneratedFile, /Users/ggpai/Desktop/DMA/workspace/DMA_LED_TOGGLE/Core/Src/stm32f4xx_hal_msp.c_save
2026-04-16 14:47:20,916 [INFO] CodeEngine:289 - Generated code: /Users/ggpai/Desktop/DMA/workspace/DMA_LED_TOGGLE/Core/Src/stm32f4xx_hal_msp.c
2026-04-16 14:47:20,918 [INFO] CodeEngine:265 - oldGeneratedFile, /Users/ggpai/Desktop/DMA/workspace/DMA_LED_TOGGLE/MXTmpFiles/system.tmp_save
2026-04-16 14:47:21,046 [INFO] CodeEngine:289 - Generated code: /Users/ggpai/Desktop/DMA/workspace/DMA_LED_TOGGLE/MXTmpFiles/system.tmp
2026-04-16 14:47:21,068 [INFO] CodeEngine:321 - oldGeneratedFile, /Users/ggpai/Desktop/DMA/workspace/DMA_LED_TOGGLE/Core/Inc/stm32f4xx_hal_conf.h_save
2026-04-16 14:47:21,168 [INFO] CodeEngine:345 - Generated code: /Users/ggpai/Desktop/DMA/workspace/DMA_LED_TOGGLE/Core/Inc/stm32f4xx_hal_conf.h
2026-04-16 14:47:21,231 [WARN] IPConfigManager:3238 - Warning: the RefConfig PLL2P_FOR_MCO is not available in your config.xml file
2026-04-16 14:47:21,250 [INFO] ApiDbMcu:532 - Load IP Config File for RCC
2026-04-16 14:47:21,258 [INFO] CodeEngine:265 - oldGeneratedFile, /Users/ggpai/Desktop/DMA/workspace/DMA_LED_TOGGLE/Core/Inc/main.h_save
2026-04-16 14:47:21,360 [INFO] CodeEngine:289 - Generated code: /Users/ggpai/Desktop/DMA/workspace/DMA_LED_TOGGLE/Core/Inc/main.h
2026-04-16 14:47:21,364 [INFO] CodeEngine:265 - oldGeneratedFile, /Users/ggpai/Desktop/DMA/workspace/DMA_LED_TOGGLE/Core/Src/main.c_save
2026-04-16 14:47:21,588 [INFO] CodeEngine:289 - Generated code: /Users/ggpai/Desktop/DMA/workspace/DMA_LED_TOGGLE/Core/Src/main.c
2026-04-16 14:47:22,210 [INFO] ProjectBuilder:3606 - Time for Copy HAL[1] : 122mS.
2026-04-16 14:47:22,238 [INFO] ProjectBuilder:5216 - Project Generator version: 4.7.0-B52
2026-04-16 14:47:22,392 [INFO] ConfigFileManager:1595 - The Die is : DIE421
2026-04-16 14:47:22,419 [INFO] ApiDbMcu:532 - Load IP Config File for FATFS
2026-04-16 14:47:22,429 [INFO] ApiDbMcu:532 - Load IP Config File for FREERTOS
2026-04-16 14:47:22,439 [INFO] ApiDbMcu:532 - Load IP Config File for LIBJPEG
2026-04-16 14:47:22,447 [INFO] ApiDbMcu:532 - Load IP Config File for MBEDTLS
2026-04-16 14:47:22,462 [INFO] ApiDbMcu:532 - Load IP Config File for USB_DEVICE
2026-04-16 14:47:22,466 [INFO] ApiDbMcu:532 - Load IP Config File for USB_HOST
2026-04-16 14:47:26,084 [INFO] LogOutputStream:77 - [STDOUT_REDIRECT] 
2026-04-16 14:47:28,697 [INFO] ProjectBuilder:5496 - Time for Generating toolchain IDE Files: 6450mS.
2026-04-16 14:47:28,706 [INFO] ProjectBuilder:3463 - Time for Copy CMSIS : 1mS.
2026-04-16 14:47:28,710 [INFO] ProjectBuilder:3463 - Time for Copy CMSIS : 0mS.
2026-04-16 15:28:46,570 [ERROR] ConfigurationRetriever:142 - IOException on connection: PKIX path building failed: sun.security.provider.certpath.SunCertPathBuilderException: unable to find valid certification path to requested target
2026-04-16 15:28:46,627 [ERROR] ConfigurationRetriever:142 - IOException on connection: PKIX path building failed: sun.security.provider.certpath.SunCertPathBuilderException: unable to find valid certification path to requested target
2026-04-16 15:28:46,673 [ERROR] ConfigurationRetriever:142 - IOException on connection: PKIX path building failed: sun.security.provider.certpath.SunCertPathBuilderException: unable to find valid certification path to requested target
2026-04-16 15:30:23,987 [ERROR] ConfigurationRetriever:142 - IOException on connection: PKIX path building failed: sun.security.provider.certpath.SunCertPathBuilderException: unable to find valid certification path to requested target
2026-04-16 15:30:24,047 [ERROR] ConfigurationRetriever:142 - IOException on connection: PKIX path building failed: sun.security.provider.certpath.SunCertPathBuilderException: unable to find valid certification path to requested target
2026-04-16 15:30:24,095 [ERROR] ConfigurationRetriever:142 - IOException on connection: PKIX path building failed: sun.security.provider.certpath.SunCertPathBuilderException: unable to find valid certification path to requested target
2026-04-16 15:43:33,435 [INFO] McuFinderGlobals:76 - Set McuFinderConnectedMode to false
2026-04-16 15:43:33,451 [INFO] MultiScanPanel:200 - Auto-refresh data requested => check proxy status ongoing
2026-04-16 15:43:33,452 [INFO] MultiScanPanel:204 - Proxy status is invalid
2026-04-16 15:43:33,459 [INFO] FinderPluginLoader:96 - Searching for filters in installed packs
2026-04-16 15:43:35,065 [WARN] DetailPanel:346 - Failed to get advertising image, set to default
2026-04-16 15:44:13,455 [INFO] MainUpdater:2872 - connection check result : 22
2026-04-16 15:44:13,996 [INFO] MicroXplorer:468 - Change Database Path : 
2026-04-16 15:44:13,997 [INFO] MicroXplorer:498 - Change Database Version : DB.6.0.150
2026-04-16 15:44:14,083 [ERROR] ProjectManagerView:395 - 
java.lang.NullPointerException: Cannot invoke "javax.swing.JTextField.getText()" because the return value of "java.util.List.get(int)" is null
	at com.st.microxplorer.plugins.projectmanager.gui.ProjectChoiceTab$9.caretUpdate(ProjectChoiceTab.java:2706) ~[filemanager.jar:?]
	at javax.swing.text.JTextComponent.fireCaretUpdate(JTextComponent.java:408) ~[?:?]
	at javax.swing.text.JTextComponent$MutableCaretEvent.fire(JTextComponent.java:4484) ~[?:?]
	at javax.swing.text.JTextComponent$MutableCaretEvent.stateChanged(JTextComponent.java:4506) ~[?:?]
	at javax.swing.text.DefaultCaret.fireStateChanged(DefaultCaret.java:857) ~[?:?]
	at javax.swing.text.DefaultCaret.changeCaretPosition(DefaultCaret.java:1343) ~[?:?]
	at javax.swing.text.DefaultCaret.handleSetDot(DefaultCaret.java:1242) ~[?:?]
	at javax.swing.text.DefaultCaret.setDot(DefaultCaret.java:1223) ~[?:?]
	at javax.swing.text.DefaultCaret$Handler.insertUpdate(DefaultCaret.java:1819) ~[?:?]
	at javax.swing.text.AbstractDocument.fireInsertUpdate(AbstractDocument.java:227) ~[?:?]
	at javax.swing.text.AbstractDocument.handleInsertString(AbstractDocument.java:781) ~[?:?]
	at javax.swing.text.AbstractDocument.insertString(AbstractDocument.java:740) ~[?:?]
	at javax.swing.text.PlainDocument.insertString(PlainDocument.java:131) ~[?:?]
	at javax.swing.text.AbstractDocument.replace(AbstractDocument.java:699) ~[?:?]
	at javax.swing.text.JTextComponent.setText(JTextComponent.java:1725) ~[?:?]
	at com.st.microxplorer.plugins.projectmanager.gui.ProjectChoiceTab.createHeapStackFields(ProjectChoiceTab.java:993) ~[filemanager.jar:?]
	at com.st.microxplorer.plugins.projectmanager.gui.ProjectChoiceTab.buildLinkSettingsPanel(ProjectChoiceTab.java:3813) ~[filemanager.jar:?]
	at com.st.microxplorer.plugins.projectmanager.gui.ProjectChoiceTab.defineWindowsFields(ProjectChoiceTab.java:1987) ~[filemanager.jar:?]
	at com.st.microxplorer.plugins.projectmanager.gui.ProjectChoiceTab.updateSettings(ProjectChoiceTab.java:558) ~[filemanager.jar:?]
	at com.st.microxplorer.plugins.projectmanager.gui.ProjectSettingsPanel.UpdateDialog(ProjectSettingsPanel.java:247) ~[filemanager.jar:?]
	at com.st.microxplorer.plugins.projectmanager.ProjectManagerView.propertyChange(ProjectManagerView.java:392) ~[filemanager.jar:?]
	at java.beans.PropertyChangeSupport.fire(PropertyChangeSupport.java:343) ~[?:?]
	at java.beans.PropertyChangeSupport.firePropertyChange(PropertyChangeSupport.java:335) ~[?:?]
	at java.beans.PropertyChangeSupport.firePropertyChange(PropertyChangeSupport.java:268) ~[?:?]
	at com.st.microxplorer.util.MXPropertyChangeSupport.firePropertyChange(MXPropertyChangeSupport.java:54) ~[STM32CubeMX.jar:?]
	at com.st.microxplorer.mxsystem.MxSystem.closeConfig(MxSystem.java:899) ~[STM32CubeMX.jar:?]
	at com.st.microxplorer.maingui.MainPanel.closeConfig(MainPanel.java:792) ~[STM32CubeMX.jar:?]
	at com.st.microxplorer.plugins.filemanager.engine.OpenFileManager.loadConfigurationFile(OpenFileManager.java:288) ~[filemanager.jar:?]
	at com.st.microxplorer.plugins.filemanager.engine.MainFileManager.userLoadConfig(MainFileManager.java:364) ~[filemanager.jar:?]
	at com.st.microxplorer.plugins.filemanager.engine.MainFileManager.userLoadConfig(MainFileManager.java:342) ~[filemanager.jar:?]
	at com.st.microxplorer.plugins.filemanager.FileManagerView.getSpecificTask(FileManagerView.java:264) ~[filemanager.jar:?]
	at com.st.stm32cube.common.mx.editor.CubeMxEditor.getMxTabbedPaneInstance(CubeMxEditor.java:1198) ~[com.st.stm32cube.common.mx_6.15.0.202507011659/:?]
	at com.st.stm32cube.common.mx.editor.CubeMxEditor$12$1.createSwingComponent(CubeMxEditor.java:1068) ~[com.st.stm32cube.common.mx_6.15.0.202507011659/:?]
	at com.st.stm32cube.common.mx.oss.core.awtswtbridge.EmbeddedSwingComposite.doComponentCreation(EmbeddedSwingComposite.java:492) ~[com.st.stm32cube.common.mx.oss_6.15.0.202507011659/:?]
	at com.st.stm32cube.common.mx.oss.core.awtswtbridge.EmbeddedSwingComposite$4.run(EmbeddedSwingComposite.java:291) ~[com.st.stm32cube.common.mx.oss_6.15.0.202507011659/:?]
	at com.st.stm32cube.common.mx.oss.core.awtswtbridge.AwtEnvironment$2.run(AwtEnvironment.java:166) ~[com.st.stm32cube.common.mx.oss_6.15.0.202507011659/:?]
	at java.awt.event.InvocationEvent.dispatch(InvocationEvent.java:318) ~[?:?]
	at java.awt.EventQueue.dispatchEventImpl(EventQueue.java:773) ~[?:?]
	at java.awt.EventQueue$4.run(EventQueue.java:720) ~[?:?]
	at java.awt.EventQueue$4.run(EventQueue.java:714) ~[?:?]
	at java.security.AccessController.doPrivileged(AccessController.java:400) ~[?:?]
	at java.security.ProtectionDomain$JavaSecurityAccessImpl.doIntersectionPrivilege(ProtectionDomain.java:87) ~[?:?]
	at java.awt.EventQueue.dispatchEvent(EventQueue.java:742) ~[?:?]
	at java.awt.EventDispatchThread.pumpOneEventForFilters(EventDispatchThread.java:203) ~[?:?]
	at java.awt.EventDispatchThread.pumpEventsForFilter(EventDispatchThread.java:124) ~[?:?]
	at java.awt.EventDispatchThread.pumpEventsForHierarchy(EventDispatchThread.java:113) ~[?:?]
	at java.awt.EventDispatchThread.pumpEvents(EventDispatchThread.java:109) ~[?:?]
	at java.awt.EventDispatchThread.pumpEvents(EventDispatchThread.java:101) ~[?:?]
	at java.awt.EventDispatchThread.run(EventDispatchThread.java:90) ~[?:?]
2026-04-16 15:44:14,095 [WARN] ThirdParty:871 - waiting for thirdparty lock release [close project]
2026-04-16 15:44:14,095 [INFO] ThirdParty:873 - entering critical section [close project]
2026-04-16 15:44:14,096 [INFO] ThirdParty:883 - exiting critical section [close project]
2026-04-16 15:44:14,103 [INFO] PinOutPanel:1589 - setPackage(No Configuration,No Configuration)
2026-04-16 15:44:14,155 [WARN] IpParametersView:155 - Warning: This peripheral hasn't parameters
2026-04-16 15:44:14,188 [WARN] MainPanel:289 - <html><b><center>Warning: This peripheral has no parameters to be configured<br></b></html>
2026-04-16 15:44:14,198 [INFO] UtilMem:75 - Begin LoadConfig() Used Memory: 314954136 Bytes (628097024)
2026-04-16 15:44:14,199 [INFO] MicroXplorer:468 - Change Database Path : 
2026-04-16 15:44:14,199 [INFO] MicroXplorer:498 - Change Database Version : DB.6.0.150
2026-04-16 15:44:14,199 [INFO] OpenFileManager:355 - Change cursor
2026-04-16 15:44:14,289 [INFO] RulesReader:64 - Compatibility file has been processed (317 Rules)
2026-04-16 15:44:14,338 [INFO] Mcu:2029 - Initializing MCU STM32F446RETx STM32F446RETx STM32F446RET6
2026-04-16 15:44:15,934 [INFO] Context:786 - Trying to add GPIOservice into a context  which must be forbidden
2026-04-16 15:44:16,555 [INFO] ImportTextPane:234 - (OptionalMessage_ERROR) Unable to find key (Mcu.ThirdPartyNb) in loaded IOC file
2026-04-16 15:44:16,556 [INFO] ImportTextPane:234 - (OptionalMessage_ERROR) Unable to find key (Mcu.PinsNb) in loaded IOC file
2026-04-16 15:44:16,557 [INFO] ImportTextPane:234 - (OptionalMessage_ERROR) Pin0 (VP_RIF_VS_RIF1) cannot be retrieved for this MCU
2026-04-16 15:44:16,557 [INFO] ImportTextPane:234 - (OptionalMessage_ERROR) Unable to find key (Mcu.IPNb) in loaded IOC file
2026-04-16 15:44:16,604 [INFO] RtosManager:558 - Registered RTOS mode: class=CMSIS, group=RTOS, mode=CMSIS_V1, owner=FREERTOS
2026-04-16 15:44:16,604 [INFO] RtosManager:558 - Registered RTOS mode: class=CMSIS, group=RTOS2, mode=CMSIS_V2, owner=FREERTOS
2026-04-16 15:44:16,604 [INFO] RtosManager:558 - Registered RTOS mode: class=RTOS, group=Core, mode=CMSIS_V1, owner=FREERTOS
2026-04-16 15:44:16,604 [INFO] RtosManager:558 - Registered RTOS mode: class=RTOS, group=Core, mode=CMSIS_V2, owner=FREERTOS
2026-04-16 15:44:16,604 [WARN] ModelIntegratedComponent:184 - Missing modes for component STMicroelectronics:FreeRTOS:0.0.1:STMicroelectronics:RTOS:FreeRTOS:Core:::10.2.0:
2026-04-16 15:44:16,606 [WARN] ModelIntegratedComponent:63 - No mode defined for component null
2026-04-16 15:44:16,607 [WARN] ModelIntegratedComponent:63 - No mode defined for component null
2026-04-16 15:44:16,607 [WARN] ModelIntegratedComponent:63 - No mode defined for component null
2026-04-16 15:44:16,607 [WARN] ModelIntegratedComponent:63 - No mode defined for component null
2026-04-16 15:44:16,607 [WARN] ModelIntegratedComponent:63 - No mode defined for component null
2026-04-16 15:44:16,607 [WARN] ModelIntegratedComponent:63 - No mode defined for component null
2026-04-16 15:44:16,607 [WARN] ModelIntegratedComponent:63 - No mode defined for component null
2026-04-16 15:44:16,608 [WARN] ModelIntegratedComponent:63 - No mode defined for component null
2026-04-16 15:44:16,608 [WARN] ModelIntegratedComponent:63 - No mode defined for component null
2026-04-16 15:44:16,608 [WARN] ModelIntegratedComponent:63 - No mode defined for component null
2026-04-16 15:44:16,608 [WARN] ModelIntegratedComponent:63 - No mode defined for component null
2026-04-16 15:44:16,608 [WARN] ModelIntegratedComponent:63 - No mode defined for component null
2026-04-16 15:44:16,608 [WARN] ModelIntegratedComponent:63 - No mode defined for component null
2026-04-16 15:44:16,608 [WARN] ModelIntegratedComponent:63 - No mode defined for component null
2026-04-16 15:44:16,608 [WARN] ModelIntegratedComponent:63 - No mode defined for component null
2026-04-16 15:44:16,608 [WARN] ModelIntegratedComponent:63 - No mode defined for component null
2026-04-16 15:44:16,608 [WARN] ModelIntegratedComponent:63 - No mode defined for component null
2026-04-16 15:44:16,608 [WARN] ModelIntegratedComponent:63 - No mode defined for component null
2026-04-16 15:44:16,608 [WARN] ModelIntegratedComponent:63 - No mode defined for component null
2026-04-16 15:44:16,608 [WARN] ModelIntegratedComponent:63 - No mode defined for component null
2026-04-16 15:44:16,608 [WARN] ModelIntegratedComponent:63 - No mode defined for component null
2026-04-16 15:44:16,608 [WARN] ModelIntegratedComponent:63 - No mode defined for component null
2026-04-16 15:44:16,608 [WARN] ModelIntegratedComponent:63 - No mode defined for component null
2026-04-16 15:44:16,608 [WARN] ModelIntegratedComponent:63 - No mode defined for component null
2026-04-16 15:44:16,608 [WARN] ModelIntegratedComponent:63 - No mode defined for component null
2026-04-16 15:44:16,608 [WARN] ModelIntegratedComponent:63 - No mode defined for component null
2026-04-16 15:44:16,608 [WARN] ModelIntegratedComponent:63 - No mode defined for component null
2026-04-16 15:44:16,608 [WARN] ModelIntegratedComponent:63 - No mode defined for component null
2026-04-16 15:44:16,608 [WARN] ModelIntegratedComponent:63 - No mode defined for component null
2026-04-16 15:44:16,608 [WARN] ModelIntegratedComponent:63 - No mode defined for component null
2026-04-16 15:44:16,608 [WARN] ModelIntegratedComponent:63 - No mode defined for component null
2026-04-16 15:44:16,608 [WARN] ModelIntegratedComponent:63 - No mode defined for component null
2026-04-16 15:44:16,609 [WARN] ModelIntegratedComponent:63 - No mode defined for component null
2026-04-16 15:44:16,609 [WARN] ModelIntegratedComponent:63 - No mode defined for component null
2026-04-16 15:44:16,609 [WARN] ModelIntegratedComponent:63 - No mode defined for component null
2026-04-16 15:44:16,609 [WARN] ModelPack:524 - Component already loaded: STMicroelectronics:HAL Drivers:0.0.0:STMicroelectronics:Device:STMicro_Driver:XSPI:HAL::0.0.1:HAL_XSPI
2026-04-16 15:44:16,614 [INFO] ThirdPartyModel:298 - Start build external matchings
2026-04-16 15:44:16,616 [INFO] ThirdPartyModel:316 - End build external matchings
2026-04-16 15:44:16,836 [INFO] UtilMem:75 - End LoadConfig() Used Memory: 497165296 Bytes (628097024)
2026-04-16 15:44:17,030 [WARN] ThirdParty:833 - waiting for thirdparty lock release [change project]
2026-04-16 15:44:17,038 [INFO] ThirdParty:835 - entering critical section [change project]
2026-04-16 15:44:17,038 [INFO] ThirdParty:1030 - CMSIS Pack Vendor :STMicroelectronics USBPD 4.1
2026-04-16 15:44:17,040 [INFO] ThirdParty:1030 - CMSIS Pack Vendor :STMicroelectronics ThreadX 1.0.0
2026-04-16 15:44:17,047 [INFO] ThirdParty:1030 - CMSIS Pack Vendor :STMicroelectronics USB_HOST 2.0.0
2026-04-16 15:44:17,050 [INFO] ThirdParty:1030 - CMSIS Pack Vendor :STMicroelectronics LIBJPEG 8.0.0
2026-04-16 15:44:17,053 [INFO] ThirdParty:1030 - CMSIS Pack Vendor :STMicroelectronics FreeRTOS 0.0.1
2026-04-16 15:44:17,054 [INFO] ThirdParty:1030 - CMSIS Pack Vendor :STMicroelectronics USB_DEVICE 1.0.0
2026-04-16 15:44:17,054 [INFO] ThirdParty:1030 - CMSIS Pack Vendor :STMicroelectronics STM32_WPAN 1.0.0
2026-04-16 15:44:17,054 [INFO] ThirdParty:1030 - CMSIS Pack Vendor :STMicroelectronics USB_DEVICE 3.0.0
2026-04-16 15:44:17,054 [INFO] ThirdParty:1030 - CMSIS Pack Vendor :STMicroelectronics HAL Drivers 0.0.0
2026-04-16 15:44:17,054 [INFO] ThirdParty:1030 - CMSIS Pack Vendor :STMicroelectronics MBEDTLS 2.16.2
2026-04-16 15:44:17,054 [INFO] ThirdParty:1030 - CMSIS Pack Vendor :STMicroelectronics ThreadX 0.0.2
2026-04-16 15:44:17,054 [INFO] ThirdParty:1030 - CMSIS Pack Vendor :STMicroelectronics lwIP 2.0.3
2026-04-16 15:44:17,054 [INFO] ThirdParty:1030 - CMSIS Pack Vendor :STMicroelectronics lwIP 2.1.2
2026-04-16 15:44:17,054 [INFO] ThirdParty:1030 - CMSIS Pack Vendor :STMicroelectronics MBEDTLS 2.14.1
2026-04-16 15:44:17,054 [INFO] ThirdParty:1030 - CMSIS Pack Vendor :STMicroelectronics USB_HOST 1.0.0
2026-04-16 15:44:17,054 [INFO] ThirdParty:1030 - CMSIS Pack Vendor :STMicroelectronics PDM2PCM 3.1.0
2026-04-16 15:44:17,054 [INFO] ThirdParty:1030 - CMSIS Pack Vendor :STMicroelectronics USB_DEVICE 2.0.0
2026-04-16 15:44:17,055 [INFO] ThirdParty:1030 - CMSIS Pack Vendor :STMicroelectronics PDM2PCM 3.2.0
2026-04-16 15:44:17,055 [INFO] ThirdParty:1030 - CMSIS Pack Vendor :STMicroelectronics PDM2PCM 3.3.0
2026-04-16 15:44:17,056 [INFO] ThirdParty:841 - exiting critical section [change project]
2026-04-16 15:44:17,589 [INFO] PinOutPanel:1589 - setPackage(No Configuration,No Configuration)
2026-04-16 15:44:17,591 [INFO] PinOutPanel:1589 - setPackage(STM32F446RETx,LQFP64)
2026-04-16 15:44:18,236 [INFO] UtilMem:75 - Before build in PCC Used Memory: 424707432 Bytes (628097024)
2026-04-16 15:44:18,607 [INFO] UtilMem:75 - After build in PCC Used Memory: 475561320 Bytes (628097024)
2026-04-16 15:44:18,640 [INFO] IPUIPlugin:80 - create IPUIPlugin
2026-04-16 15:44:18,641 [INFO] IPUIPlugin:80 - create IPUIPlugin
2026-04-16 15:44:18,641 [INFO] IPUIPlugin:80 - create IPUIPlugin
2026-04-16 15:44:18,642 [INFO] IPUIPlugin:80 - create IPUIPlugin
2026-04-16 15:44:18,642 [INFO] IPUIPlugin:80 - create IPUIPlugin
2026-04-16 15:44:18,642 [INFO] IPUIPlugin:80 - create IPUIPlugin
2026-04-16 15:44:18,642 [INFO] IPUIPlugin:80 - create IPUIPlugin
2026-04-16 15:44:18,642 [INFO] IPUIPlugin:80 - create IPUIPlugin
2026-04-16 15:44:18,643 [INFO] IPUIPlugin:80 - create IPUIPlugin
2026-04-16 15:44:18,643 [INFO] IPUIPlugin:80 - create IPUIPlugin
2026-04-16 15:44:18,644 [INFO] IPUIPlugin:80 - create IPUIPlugin
2026-04-16 15:44:18,644 [INFO] IPUIPlugin:80 - create IPUIPlugin
2026-04-16 15:44:18,644 [INFO] IPUIPlugin:80 - create IPUIPlugin
2026-04-16 15:44:18,644 [INFO] IPUIPlugin:80 - create IPUIPlugin
2026-04-16 15:44:18,644 [INFO] IPUIPlugin:80 - create IPUIPlugin
2026-04-16 15:44:18,644 [INFO] IPUIPlugin:80 - create IPUIPlugin
2026-04-16 15:44:18,644 [INFO] IPUIPlugin:80 - create IPUIPlugin
2026-04-16 15:44:18,644 [INFO] IPUIPlugin:80 - create IPUIPlugin
2026-04-16 15:44:18,645 [INFO] IPUIPlugin:80 - create IPUIPlugin
2026-04-16 15:44:18,645 [INFO] IPUIPlugin:80 - create IPUIPlugin
2026-04-16 15:44:18,645 [INFO] IPUIPlugin:80 - create IPUIPlugin
2026-04-16 15:44:18,645 [INFO] IPUIPlugin:80 - create IPUIPlugin
2026-04-16 15:44:18,645 [INFO] IPUIPlugin:80 - create IPUIPlugin
2026-04-16 15:44:18,645 [INFO] IPUIPlugin:80 - create IPUIPlugin
2026-04-16 15:44:18,645 [INFO] IPUIPlugin:80 - create IPUIPlugin
2026-04-16 15:44:18,645 [INFO] IPUIPlugin:80 - create IPUIPlugin
2026-04-16 15:44:18,646 [INFO] IPUIPlugin:80 - create IPUIPlugin
2026-04-16 15:44:18,646 [INFO] IPUIPlugin:80 - create IPUIPlugin
2026-04-16 15:44:18,646 [INFO] IPUIPlugin:80 - create IPUIPlugin
2026-04-16 15:44:18,646 [INFO] IPUIPlugin:80 - create IPUIPlugin
2026-04-16 15:44:18,646 [INFO] IPUIPlugin:80 - create IPUIPlugin
2026-04-16 15:44:18,646 [INFO] IPUIPlugin:80 - create IPUIPlugin
2026-04-16 15:44:18,647 [INFO] IPUIPlugin:80 - create IPUIPlugin
2026-04-16 15:44:18,647 [INFO] IPUIPlugin:80 - create IPUIPlugin
2026-04-16 15:44:18,647 [INFO] IPUIPlugin:80 - create IPUIPlugin
2026-04-16 15:44:18,648 [INFO] IPUIPlugin:80 - create IPUIPlugin
2026-04-16 15:44:18,648 [INFO] IPUIPlugin:80 - create IPUIPlugin
2026-04-16 15:44:18,648 [INFO] IPUIPlugin:80 - create IPUIPlugin
2026-04-16 15:44:18,648 [INFO] IPUIPlugin:80 - create IPUIPlugin
2026-04-16 15:44:18,648 [INFO] IPUIPlugin:80 - create IPUIPlugin
2026-04-16 15:44:18,648 [INFO] IPUIPlugin:80 - create IPUIPlugin
2026-04-16 15:44:18,648 [INFO] IPUIPlugin:80 - create IPUIPlugin
2026-04-16 15:44:18,648 [INFO] IPUIPlugin:80 - create IPUIPlugin
2026-04-16 15:44:18,648 [INFO] IPUIPlugin:80 - create IPUIPlugin
2026-04-16 15:44:18,648 [INFO] IPUIPlugin:80 - create IPUIPlugin
2026-04-16 15:44:18,648 [INFO] IPUIPlugin:80 - create IPUIPlugin
2026-04-16 15:44:18,648 [INFO] IPUIPlugin:80 - create IPUIPlugin
2026-04-16 15:44:18,648 [INFO] IPUIPlugin:80 - create IPUIPlugin
2026-04-16 15:44:18,648 [INFO] IPUIPlugin:80 - create IPUIPlugin
2026-04-16 15:44:18,648 [INFO] IPUIPlugin:80 - create IPUIPlugin
2026-04-16 15:44:18,648 [INFO] IPUIPlugin:80 - create IPUIPlugin
2026-04-16 15:44:18,649 [INFO] IPUIPlugin:80 - create IPUIPlugin
2026-04-16 15:44:18,649 [INFO] IPUIPlugin:80 - create IPUIPlugin
2026-04-16 15:44:18,649 [INFO] IPUIPlugin:80 - create IPUIPlugin
2026-04-16 15:44:18,649 [INFO] IPUIPlugin:80 - create IPUIPlugin
2026-04-16 15:44:18,649 [INFO] IPUIPlugin:80 - create IPUIPlugin
2026-04-16 15:44:18,649 [INFO] IPUIPlugin:80 - create IPUIPlugin
2026-04-16 15:44:18,650 [INFO] IPUIPlugin:80 - create IPUIPlugin
2026-04-16 15:44:18,650 [INFO] IPUIPlugin:80 - create IPUIPlugin
2026-04-16 15:44:18,650 [INFO] IPUIPlugin:80 - create IPUIPlugin
2026-04-16 15:44:18,656 [INFO] ApiDbMcu:532 - Load IP Config File for PDM2PCM
2026-04-16 15:44:18,719 [INFO] CADModel:165 - CPN selected for project levelSTM32F446RET6
2026-04-16 15:44:18,719 [INFO] CADModel:114 - Register for checkConnection events
2026-04-16 15:44:18,760 [INFO] OpenFileManager:386 - Restore cursor
2026-04-16 15:44:19,550 [INFO] UtilMem:75 - End SaveConfig() Used Memory: 319411792 Bytes (628097024)
2026-04-16 15:44:19,627 [INFO] UtilMem:75 - End SaveConfig() Used Memory: 341954128 Bytes (628097024)
2026-04-16 15:44:19,660 [ERROR] ConfigurationRetriever:142 - IOException on connection: PKIX path building failed: sun.security.provider.certpath.SunCertPathBuilderException: unable to find valid certification path to requested target
2026-04-16 15:44:19,705 [ERROR] ConfigurationRetriever:142 - IOException on connection: PKIX path building failed: sun.security.provider.certpath.SunCertPathBuilderException: unable to find valid certification path to requested target
2026-04-16 15:44:19,746 [ERROR] ConfigurationRetriever:142 - IOException on connection: PKIX path building failed: sun.security.provider.certpath.SunCertPathBuilderException: unable to find valid certification path to requested target
2026-04-16 15:44:20,410 [INFO] BlockDiagram:2775 - set Specific Code input for plugin: RCC
2026-04-16 15:44:20,416 [INFO] BlockDiagram:2775 - set Specific Code input for plugin: NVIC
2026-04-16 15:44:20,419 [INFO] CodeGenerator:892 - code generatio: config db path: /Applications/STM32CubeIDE.app/Contents/Eclipse/plugins/com.st.stm32cube.common.mx_6.15.0.202507011659//db/
2026-04-16 15:44:20,547 [INFO] CodeEngine:265 - oldGeneratedFile, /Users/ggpai/Desktop/DMA/workspace/LED_TOOGLE_DMA_IT/MXTmpFiles/license.tmp_save
2026-04-16 15:44:20,876 [INFO] CodeEngine:289 - Generated code: /Users/ggpai/Desktop/DMA/workspace/LED_TOOGLE_DMA_IT/MXTmpFiles/license.tmp
2026-04-16 15:44:20,892 [INFO] CodeEngine:265 - oldGeneratedFile, /Users/ggpai/Desktop/DMA/workspace/LED_TOOGLE_DMA_IT/Core/Src/stm32f4xx_it.c_save
2026-04-16 15:44:21,108 [INFO] CodeEngine:289 - Generated code: /Users/ggpai/Desktop/DMA/workspace/LED_TOOGLE_DMA_IT/Core/Src/stm32f4xx_it.c
2026-04-16 15:44:21,112 [INFO] CodeEngine:265 - oldGeneratedFile, /Users/ggpai/Desktop/DMA/workspace/LED_TOOGLE_DMA_IT/Core/Inc/stm32f4xx_it.h_save
2026-04-16 15:44:21,214 [INFO] CodeEngine:289 - Generated code: /Users/ggpai/Desktop/DMA/workspace/LED_TOOGLE_DMA_IT/Core/Inc/stm32f4xx_it.h
2026-04-16 15:44:21,273 [INFO] CodeEngine:265 - oldGeneratedFile, /Users/ggpai/Desktop/DMA/workspace/LED_TOOGLE_DMA_IT/Core/Src/stm32f4xx_hal_msp.c_save
2026-04-16 15:44:21,457 [INFO] CodeEngine:289 - Generated code: /Users/ggpai/Desktop/DMA/workspace/LED_TOOGLE_DMA_IT/Core/Src/stm32f4xx_hal_msp.c
2026-04-16 15:44:21,460 [INFO] CodeEngine:265 - oldGeneratedFile, /Users/ggpai/Desktop/DMA/workspace/LED_TOOGLE_DMA_IT/MXTmpFiles/system.tmp_save
2026-04-16 15:44:21,518 [INFO] CodeEngine:289 - Generated code: /Users/ggpai/Desktop/DMA/workspace/LED_TOOGLE_DMA_IT/MXTmpFiles/system.tmp
2026-04-16 15:44:21,528 [INFO] CodeEngine:321 - oldGeneratedFile, /Users/ggpai/Desktop/DMA/workspace/LED_TOOGLE_DMA_IT/Core/Inc/stm32f4xx_hal_conf.h_save
2026-04-16 15:44:21,613 [INFO] CodeEngine:345 - Generated code: /Users/ggpai/Desktop/DMA/workspace/LED_TOOGLE_DMA_IT/Core/Inc/stm32f4xx_hal_conf.h
2026-04-16 15:44:21,667 [WARN] IPConfigManager:3238 - Warning: the RefConfig PLL2P_FOR_MCO is not available in your config.xml file
2026-04-16 15:44:21,675 [INFO] ApiDbMcu:532 - Load IP Config File for RCC
2026-04-16 15:44:21,683 [INFO] CodeEngine:265 - oldGeneratedFile, /Users/ggpai/Desktop/DMA/workspace/LED_TOOGLE_DMA_IT/Core/Inc/main.h_save
2026-04-16 15:44:21,829 [INFO] CodeEngine:289 - Generated code: /Users/ggpai/Desktop/DMA/workspace/LED_TOOGLE_DMA_IT/Core/Inc/main.h
2026-04-16 15:44:21,832 [INFO] CodeEngine:265 - oldGeneratedFile, /Users/ggpai/Desktop/DMA/workspace/LED_TOOGLE_DMA_IT/Core/Src/main.c_save
2026-04-16 15:44:21,945 [INFO] CodeEngine:289 - Generated code: /Users/ggpai/Desktop/DMA/workspace/LED_TOOGLE_DMA_IT/Core/Src/main.c
2026-04-16 15:44:22,173 [INFO] ProjectBuilder:3606 - Time for Copy HAL[1] : 96mS.
2026-04-16 15:44:22,178 [INFO] ProjectBuilder:5216 - Project Generator version: 4.7.0-B52
2026-04-16 15:44:22,253 [INFO] ConfigFileManager:1595 - The Die is : DIE421
2026-04-16 15:44:22,260 [INFO] ApiDbMcu:532 - Load IP Config File for FATFS
2026-04-16 15:44:22,266 [INFO] ApiDbMcu:532 - Load IP Config File for FREERTOS
2026-04-16 15:44:22,268 [INFO] ApiDbMcu:532 - Load IP Config File for LIBJPEG
2026-04-16 15:44:22,274 [INFO] ApiDbMcu:532 - Load IP Config File for MBEDTLS
2026-04-16 15:44:22,283 [INFO] ApiDbMcu:532 - Load IP Config File for USB_DEVICE
2026-04-16 15:44:22,295 [INFO] ApiDbMcu:532 - Load IP Config File for USB_HOST
2026-04-16 15:44:27,169 [INFO] ProjectBuilder:5496 - Time for Generating toolchain IDE Files: 4986mS.
2026-04-16 15:44:27,177 [INFO] ProjectBuilder:3463 - Time for Copy CMSIS : 1mS.
2026-04-16 15:44:27,183 [INFO] ProjectBuilder:3463 - Time for Copy CMSIS : 1mS.
2026-04-16 15:44:28,387 [ERROR] ConfigurationRetriever:142 - IOException on connection: PKIX path building failed: sun.security.provider.certpath.SunCertPathBuilderException: unable to find valid certification path to requested target
2026-04-16 15:44:28,450 [ERROR] ConfigurationRetriever:142 - IOException on connection: PKIX path building failed: sun.security.provider.certpath.SunCertPathBuilderException: unable to find valid certification path to requested target
2026-04-16 15:44:28,507 [ERROR] ConfigurationRetriever:142 - IOException on connection: PKIX path building failed: sun.security.provider.certpath.SunCertPathBuilderException: unable to find valid certification path to requested target
2026-04-16 15:44:28,614 [INFO] McuFinderGlobals:76 - Set McuFinderConnectedMode to true
2026-04-16 15:44:28,626 [INFO] ApiDb:448 - Save user favorites file /Users/ggpai/.stm32cubeide/favorites.mcus.txt: 0 item(s)
2026-04-16 15:44:28,627 [INFO] ApiDb:452 - User favorites MCUs=[]
2026-04-16 15:45:02,106 [INFO] McuFinderGlobals:76 - Set McuFinderConnectedMode to false
2026-04-16 15:45:02,114 [INFO] MultiScanPanel:200 - Auto-refresh data requested => check proxy status ongoing
2026-04-16 15:45:02,116 [INFO] MultiScanPanel:204 - Proxy status is invalid
2026-04-16 15:45:02,118 [INFO] FinderPluginLoader:96 - Searching for filters in installed packs
2026-04-16 15:45:03,194 [WARN] DetailPanel:346 - Failed to get advertising image, set to default
2026-04-16 15:45:06,553 [INFO] MultiScanPanel:200 - Auto-refresh data requested => check proxy status ongoing
2026-04-16 15:45:06,561 [INFO] MultiScanPanel:204 - Proxy status is invalid
2026-04-16 15:45:06,875 [WARN] DetailPanel:346 - Failed to get advertising image, set to default
2026-04-16 15:45:06,902 [INFO] DbBoards:642 - Loading board mini-images...
2026-04-16 15:45:08,472 [INFO] DbBoards:665 - Loaded 212 board mini-images
2026-04-16 15:45:36,323 [INFO] MainUpdater:2872 - connection check result : 22
2026-04-16 15:45:36,908 [INFO] MicroXplorer:468 - Change Database Path : 
2026-04-16 15:45:36,909 [INFO] MicroXplorer:498 - Change Database Version : DB.6.0.150
2026-04-16 15:45:37,010 [ERROR] ProjectManagerView:395 - 
java.lang.NullPointerException: Cannot invoke "javax.swing.JTextField.getText()" because the return value of "java.util.List.get(int)" is null
	at com.st.microxplorer.plugins.projectmanager.gui.ProjectChoiceTab$9.caretUpdate(ProjectChoiceTab.java:2706) ~[filemanager.jar:?]
	at javax.swing.text.JTextComponent.fireCaretUpdate(JTextComponent.java:408) ~[?:?]
	at javax.swing.text.JTextComponent$MutableCaretEvent.fire(JTextComponent.java:4484) ~[?:?]
	at javax.swing.text.JTextComponent$MutableCaretEvent.stateChanged(JTextComponent.java:4506) ~[?:?]
	at javax.swing.text.DefaultCaret.fireStateChanged(DefaultCaret.java:857) ~[?:?]
	at javax.swing.text.DefaultCaret.changeCaretPosition(DefaultCaret.java:1343) ~[?:?]
	at javax.swing.text.DefaultCaret.handleSetDot(DefaultCaret.java:1242) ~[?:?]
	at javax.swing.text.DefaultCaret.setDot(DefaultCaret.java:1223) ~[?:?]
	at javax.swing.text.DefaultCaret$Handler.insertUpdate(DefaultCaret.java:1819) ~[?:?]
	at javax.swing.text.AbstractDocument.fireInsertUpdate(AbstractDocument.java:227) ~[?:?]
	at javax.swing.text.AbstractDocument.handleInsertString(AbstractDocument.java:781) ~[?:?]
	at javax.swing.text.AbstractDocument.insertString(AbstractDocument.java:740) ~[?:?]
	at javax.swing.text.PlainDocument.insertString(PlainDocument.java:131) ~[?:?]
	at javax.swing.text.AbstractDocument.replace(AbstractDocument.java:699) ~[?:?]
	at javax.swing.text.JTextComponent.setText(JTextComponent.java:1725) ~[?:?]
	at com.st.microxplorer.plugins.projectmanager.gui.ProjectChoiceTab.createHeapStackFields(ProjectChoiceTab.java:993) ~[filemanager.jar:?]
	at com.st.microxplorer.plugins.projectmanager.gui.ProjectChoiceTab.buildLinkSettingsPanel(ProjectChoiceTab.java:3813) ~[filemanager.jar:?]
	at com.st.microxplorer.plugins.projectmanager.gui.ProjectChoiceTab.defineWindowsFields(ProjectChoiceTab.java:1987) ~[filemanager.jar:?]
	at com.st.microxplorer.plugins.projectmanager.gui.ProjectChoiceTab.updateSettings(ProjectChoiceTab.java:558) ~[filemanager.jar:?]
	at com.st.microxplorer.plugins.projectmanager.gui.ProjectSettingsPanel.UpdateDialog(ProjectSettingsPanel.java:247) ~[filemanager.jar:?]
	at com.st.microxplorer.plugins.projectmanager.ProjectManagerView.propertyChange(ProjectManagerView.java:392) ~[filemanager.jar:?]
	at java.beans.PropertyChangeSupport.fire(PropertyChangeSupport.java:343) ~[?:?]
	at java.beans.PropertyChangeSupport.firePropertyChange(PropertyChangeSupport.java:335) ~[?:?]
	at java.beans.PropertyChangeSupport.firePropertyChange(PropertyChangeSupport.java:268) ~[?:?]
	at com.st.microxplorer.util.MXPropertyChangeSupport.firePropertyChange(MXPropertyChangeSupport.java:54) ~[STM32CubeMX.jar:?]
	at com.st.microxplorer.mxsystem.MxSystem.closeConfig(MxSystem.java:899) ~[STM32CubeMX.jar:?]
	at com.st.microxplorer.maingui.MainPanel.closeConfig(MainPanel.java:792) ~[STM32CubeMX.jar:?]
	at com.st.microxplorer.plugins.filemanager.engine.OpenFileManager.loadConfigurationFile(OpenFileManager.java:288) ~[filemanager.jar:?]
	at com.st.microxplorer.plugins.filemanager.engine.MainFileManager.userLoadConfig(MainFileManager.java:364) ~[filemanager.jar:?]
	at com.st.microxplorer.plugins.filemanager.FileManagerView.getSpecificTask(FileManagerView.java:268) ~[filemanager.jar:?]
	at com.st.stm32cube.common.mx.editor.CubeMxEditor.getMxTabbedPaneInstance(CubeMxEditor.java:1191) ~[com.st.stm32cube.common.mx_6.15.0.202507011659/:?]
	at com.st.stm32cube.common.mx.editor.CubeMxEditor$12$1.createSwingComponent(CubeMxEditor.java:1068) ~[com.st.stm32cube.common.mx_6.15.0.202507011659/:?]
	at com.st.stm32cube.common.mx.oss.core.awtswtbridge.EmbeddedSwingComposite.doComponentCreation(EmbeddedSwingComposite.java:492) ~[com.st.stm32cube.common.mx.oss_6.15.0.202507011659/:?]
	at com.st.stm32cube.common.mx.oss.core.awtswtbridge.EmbeddedSwingComposite$4.run(EmbeddedSwingComposite.java:291) ~[com.st.stm32cube.common.mx.oss_6.15.0.202507011659/:?]
	at com.st.stm32cube.common.mx.oss.core.awtswtbridge.AwtEnvironment$2.run(AwtEnvironment.java:166) ~[com.st.stm32cube.common.mx.oss_6.15.0.202507011659/:?]
	at java.awt.event.InvocationEvent.dispatch(InvocationEvent.java:318) ~[?:?]
	at java.awt.EventQueue.dispatchEventImpl(EventQueue.java:773) ~[?:?]
	at java.awt.EventQueue$4.run(EventQueue.java:720) ~[?:?]
	at java.awt.EventQueue$4.run(EventQueue.java:714) ~[?:?]
	at java.security.AccessController.doPrivileged(AccessController.java:400) ~[?:?]
	at java.security.ProtectionDomain$JavaSecurityAccessImpl.doIntersectionPrivilege(ProtectionDomain.java:87) ~[?:?]
	at java.awt.EventQueue.dispatchEvent(EventQueue.java:742) ~[?:?]
	at java.awt.EventDispatchThread.pumpOneEventForFilters(EventDispatchThread.java:203) ~[?:?]
	at java.awt.EventDispatchThread.pumpEventsForFilter(EventDispatchThread.java:124) ~[?:?]
	at java.awt.EventDispatchThread.pumpEventsForHierarchy(EventDispatchThread.java:113) ~[?:?]
	at java.awt.EventDispatchThread.pumpEvents(EventDispatchThread.java:109) ~[?:?]
	at java.awt.EventDispatchThread.pumpEvents(EventDispatchThread.java:101) ~[?:?]
	at java.awt.EventDispatchThread.run(EventDispatchThread.java:90) ~[?:?]
2026-04-16 15:45:37,012 [WARN] ThirdParty:871 - waiting for thirdparty lock release [close project]
2026-04-16 15:45:37,013 [INFO] ThirdParty:873 - entering critical section [close project]
2026-04-16 15:45:37,013 [INFO] ThirdParty:883 - exiting critical section [close project]
2026-04-16 15:45:37,016 [INFO] PinOutPanel:1589 - setPackage(No Configuration,No Configuration)
2026-04-16 15:45:37,057 [WARN] IpParametersView:155 - Warning: This peripheral hasn't parameters
2026-04-16 15:45:37,093 [WARN] MainPanel:289 - <html><b><center>Warning: This peripheral has no parameters to be configured<br></b></html>
2026-04-16 15:45:37,098 [INFO] UtilMem:75 - Begin LoadConfig() Used Memory: 628762832 Bytes (968884224)
2026-04-16 15:45:37,099 [INFO] OpenFileManager:355 - Change cursor
2026-04-16 15:45:37,159 [INFO] RulesReader:64 - Compatibility file has been processed (317 Rules)
2026-04-16 15:45:37,177 [INFO] ProjectFactory:514 - No CPN specified for board NUCLEO-F446RE => set CPN to STM32F446RET6
2026-04-16 15:45:37,177 [INFO] Mcu:2029 - Initializing MCU STM32F446R(C-E)Tx STM32F446RETx STM32F446RET6
2026-04-16 15:45:38,591 [INFO] Context:786 - Trying to add GPIOservice into a context  which must be forbidden
2026-04-16 15:45:39,221 [INFO] Rule:233 - rule 117617 - U5Cobra4M][GTZC] default value MPCBB3 and MPCBB5 - Not Secured memory - MPCBB1 is applicable
2026-04-16 15:45:39,223 [INFO] Rule:233 - rule 117617 - U5Cobra4M][GTZC] default value MPCBB3 and MPCBB5 - Not Secured memory - MPCBB1 is applicable
2026-04-16 15:45:39,223 [INFO] Rule:233 - rule 117617 - U5Cobra4M][GTZC] default value MPCBB3 and MPCBB5 - Not Secured memory - MPCBB2 is applicable
2026-04-16 15:45:39,223 [INFO] Rule:233 - rule 117617 - U5Cobra4M][GTZC] default value MPCBB3 and MPCBB5 - Not Secured memory - MPCBB2 is applicable
2026-04-16 15:45:39,223 [INFO] Rule:233 - rule 117617 - U5Cobra4M][GTZC] default value MPCBB3 and MPCBB5 - Not Secured memory - MPCBB3 is applicable
2026-04-16 15:45:39,223 [INFO] Rule:233 - rule 117617 - U5Cobra4M][GTZC] default value MPCBB3 and MPCBB5 - Not Secured memory - MPCBB3 is applicable
2026-04-16 15:45:39,223 [INFO] Rule:233 - rule 117617 - U5Cobra4M][GTZC] default value MPCBB3 and MPCBB5 - Not Secured memory - MPCBB4 is applicable
2026-04-16 15:45:39,223 [INFO] Rule:233 - rule 117617 - U5Cobra4M][GTZC] default value MPCBB3 and MPCBB5 - Not Secured memory - MPCBB4 is applicable
2026-04-16 15:45:39,223 [INFO] Rule:233 - rule 117617 - U5Cobra4M][GTZC] default value MPCBB3 and MPCBB5 - Secured memory - MPCBB1 is applicable
2026-04-16 15:45:39,223 [INFO] Rule:233 - rule 117617 - U5Cobra4M][GTZC] default value MPCBB3 and MPCBB5 - Secured memory - MPCBB2 is applicable
2026-04-16 15:45:39,223 [INFO] Rule:233 - rule 117617 - U5Cobra4M][GTZC] default value MPCBB3 and MPCBB5 - Secured memory - MPCBB3 is applicable
2026-04-16 15:45:39,223 [INFO] Rule:233 - rule 117617 - U5Cobra4M][GTZC] default value MPCBB3 and MPCBB5 - Secured memory - MPCBB4 is applicable
2026-04-16 15:45:39,223 [INFO] Rule:233 - rule 117617 - U5Cobra4M][GTZC] default value MPCBB3 and MPCBB5 - Privileged memory - MPCBB1 is applicable
2026-04-16 15:45:39,223 [INFO] Rule:233 - rule 117617 - U5Cobra4M][GTZC] default value MPCBB3 and MPCBB5 - Privileged memory - MPCBB2 is applicable
2026-04-16 15:45:39,224 [INFO] Rule:233 - rule 117617 - U5Cobra4M][GTZC] default value MPCBB3 and MPCBB5 - Privileged memory - MPCBB3 is applicable
2026-04-16 15:45:39,224 [INFO] Rule:233 - rule 117617 - U5Cobra4M][GTZC] default value MPCBB3 and MPCBB5 - Privileged memory - MPCBB4 is applicable
2026-04-16 15:45:39,224 [INFO] Rule:233 - rule 117617 - U5Cobra4M][GTZC] default value MPCBB3 and MPCBB5 - Not Privileged memory - MPCBB1 is applicable
2026-04-16 15:45:39,224 [INFO] Rule:233 - rule 117617 - U5Cobra4M][GTZC] default value MPCBB3 and MPCBB5 - Not Privileged memory - MPCBB2 is applicable
2026-04-16 15:45:39,224 [INFO] Rule:233 - rule 117617 - U5Cobra4M][GTZC] default value MPCBB3 and MPCBB5 - Not Privileged memory - MPCBB3 is applicable
2026-04-16 15:45:39,224 [INFO] Rule:233 - rule 117617 - U5Cobra4M][GTZC] default value MPCBB3 and MPCBB5 - Not Privileged memory - MPCBB4 is applicable
2026-04-16 15:45:39,224 [INFO] Rule:233 - rule 117617 - U5Cobra4M][GTZC] default value MPCBB3 and MPCBB5 - Privileged memory - MPCBB1 is applicable
2026-04-16 15:45:39,224 [INFO] Rule:233 - rule 117617 - U5Cobra4M][GTZC] default value MPCBB3 and MPCBB5 - Privileged memory - MPCBB2 is applicable
2026-04-16 15:45:39,224 [INFO] Rule:233 - rule 117617 - U5Cobra4M][GTZC] default value MPCBB3 and MPCBB5 - Privileged memory - MPCBB3 is applicable
2026-04-16 15:45:39,224 [INFO] Rule:233 - rule 117617 - U5Cobra4M][GTZC] default value MPCBB3 and MPCBB5 - Privileged memory - MPCBB4 is applicable
2026-04-16 15:45:39,224 [INFO] Rule:233 - rule 117617 - U5Cobra4M][GTZC] default value MPCBB3 and MPCBB5 - Privileged memory - MPCBB1 is applicable
2026-04-16 15:45:39,224 [INFO] Rule:233 - rule 117617 - U5Cobra4M][GTZC] default value MPCBB3 and MPCBB5 - Privileged memory - MPCBB2 is applicable
2026-04-16 15:45:39,224 [INFO] Rule:233 - rule 117617 - U5Cobra4M][GTZC] default value MPCBB3 and MPCBB5 - Privileged memory - MPCBB3 is applicable
2026-04-16 15:45:39,224 [INFO] Rule:233 - rule 117617 - U5Cobra4M][GTZC] default value MPCBB3 and MPCBB5 - Privileged memory - MPCBB4 is applicable
2026-04-16 15:45:39,224 [INFO] Rule:233 - rule 117617 - U5Cobra4M][GTZC] default value MPCBB3 and MPCBB5 - Not Privileged memory - MPCBB1 is applicable
2026-04-16 15:45:39,224 [INFO] Rule:233 - rule 117617 - U5Cobra4M][GTZC] default value MPCBB3 and MPCBB5 - Not Privileged memory - MPCBB2 is applicable
2026-04-16 15:45:39,224 [INFO] Rule:233 - rule 117617 - U5Cobra4M][GTZC] default value MPCBB3 and MPCBB5 - Not Privileged memory - MPCBB3 is applicable
2026-04-16 15:45:39,224 [INFO] Rule:233 - rule 117617 - U5Cobra4M][GTZC] default value MPCBB3 and MPCBB5 - Not Privileged memory - MPCBB4 is applicable
2026-04-16 15:45:39,224 [INFO] Rule:233 - rule 117617 - U5Cobra4M][GTZC] default value MPCBB3 and MPCBB5 - Privileged memory - MPCBB1 is applicable
2026-04-16 15:45:39,224 [INFO] Rule:233 - rule 117617 - U5Cobra4M][GTZC] default value MPCBB3 and MPCBB5 - Privileged memory - MPCBB2 is applicable
2026-04-16 15:45:39,224 [INFO] Rule:233 - rule 117617 - U5Cobra4M][GTZC] default value MPCBB3 and MPCBB5 - Privileged memory - MPCBB3 is applicable
2026-04-16 15:45:39,224 [INFO] Rule:233 - rule 117617 - U5Cobra4M][GTZC] default value MPCBB3 and MPCBB5 - Privileged memory - MPCBB4 is applicable
2026-04-16 15:45:39,224 [INFO] Rule:233 - rule Rename SubGHz_Phy SUBGHZ_APPLICATION SUBGHZ_PINGPONG to SUBGHZ_ADV_APPLICATION is applicable
2026-04-16 15:45:39,224 [INFO] Rule:233 - rule Rename Enabled to IBEACON is applicable
2026-04-16 15:45:39,224 [INFO] Rule:233 - rule GTZC_S instance for project manager is applicable
2026-04-16 15:45:39,224 [INFO] Rule:233 - rule GTZC_S instance for context M33S is applicable
2026-04-16 15:45:39,224 [INFO] Rule:233 - rule GTZC_S instance value for IP GTZC is applicable
2026-04-16 15:45:39,224 [INFO] Rule:233 - rule GTZC_S instance for mcu.IP is applicable
2026-04-16 15:45:39,224 [INFO] Rule:233 - rule GTZC_S instance for VP is applicable
2026-04-16 15:45:39,224 [INFO] Rule:233 - rule GTZC_S instance for signal is applicable
2026-04-16 15:45:39,224 [INFO] Rule:233 - rule GTZC_S instance for mcu.Pin is applicable
2026-04-16 15:45:39,224 [INFO] Rule:233 - rule GTZC_S instance for VP is applicable
2026-04-16 15:45:39,224 [INFO] Rule:233 - rule GTZC_S instance for signal is applicable
2026-04-16 15:45:39,224 [INFO] Rule:233 - rule GTZC_S instance for mcu is applicable
2026-04-16 15:45:39,224 [INFO] Rule:233 - rule GTZC_S instance for mcu.Pin is applicable
2026-04-16 15:45:39,224 [INFO] Rule:233 - rule GTZC_S instance value for IP GTZC is applicable
2026-04-16 15:45:39,224 [INFO] Rule:233 - rule GTZC_S instance for project manager is applicable
2026-04-16 15:45:39,224 [INFO] Rule:233 - rule GTZC_S instance for context M33S is applicable
2026-04-16 15:45:39,224 [INFO] Rule:233 - rule GTZC_S instance for VP is applicable
2026-04-16 15:45:39,224 [INFO] Rule:233 - rule GTZC_S instance for signal is applicable
2026-04-16 15:45:39,224 [INFO] Rule:233 - rule SPDIFRX instance for mcu is applicable
2026-04-16 15:45:39,224 [INFO] Rule:233 - rule Rename Tracer Mode is applicable
2026-04-16 15:45:39,224 [INFO] Rule:233 - rule SPDIFRX instance value for IP SPDIFRX is applicable
2026-04-16 15:45:39,224 [INFO] Rule:233 - rule SPDIFRX instance for signal is applicable
2026-04-16 15:45:39,224 [INFO] Rule:233 - rule SPDIFRX instance for project manager is applicable
2026-04-16 15:45:39,225 [INFO] Rule:233 - rule SPDIFRX instance for project manager is applicable
2026-04-16 15:45:39,225 [INFO] Rule:233 - rule ADC Scan  fix with FW F7 is applicable
2026-04-16 15:45:39,225 [INFO] Rule:233 - rule ADC Scan  fix with FW F7 is applicable
2026-04-16 15:45:39,225 [INFO] Rule:233 - rule DFSDM instance value for IP DFSDM is applicable
2026-04-16 15:45:39,225 [INFO] Rule:233 - rule DFSDM instance for mcu is applicable
2026-04-16 15:45:39,225 [INFO] Rule:233 - rule DFSDM instance for VP is applicable
2026-04-16 15:45:39,225 [INFO] Rule:233 - rule DFSDM instance for signal is applicable
2026-04-16 15:45:39,225 [INFO] Rule:233 - rule DFSDM instance for shared is applicable
2026-04-16 15:45:39,225 [INFO] Rule:233 - rule BreakInputSource parameter for IP Timer is applicable
2026-04-16 15:45:39,225 [INFO] Rule:233 - rule Sourcebreak parameter for IP Timer is applicable
2026-04-16 15:45:39,225 [INFO] Rule:233 - rule Sourcebreak parameter for IP Timer is applicable
2026-04-16 15:45:39,225 [INFO] Rule:233 - rule DFSDM for PCC is applicable
2026-04-16 15:45:39,225 [INFO] Rule:233 - rule Serial_Wire Mode is applicable
2026-04-16 15:45:39,225 [INFO] Rule:233 - rule JTAG_4_pins Mode is applicable
2026-04-16 15:45:39,225 [INFO] Rule:233 - rule JTAG_5_pins Mode is applicable
2026-04-16 15:45:39,225 [INFO] Rule:233 - rule Trace_Asynchronous_SW Mode is applicable
2026-04-16 15:45:39,225 [INFO] Rule:233 - rule Trace_Synchro_1bit_JTAG Mode is applicable
2026-04-16 15:45:39,225 [INFO] Rule:233 - rule Trace_Synchro_2bits_JTAG Mode is applicable
2026-04-16 15:45:39,225 [INFO] Rule:233 - rule Trace_Synchro_4bits_JTAG Mode is applicable
2026-04-16 15:45:39,225 [INFO] Rule:233 - rule Trace_Synchro_1bit_SW Mode is applicable
2026-04-16 15:45:39,225 [INFO] Rule:233 - rule Trace_Synchro_2bits_SW Mode is applicable
2026-04-16 15:45:39,225 [INFO] Rule:233 - rule Trace_Synchro_4bits_SW Mode is applicable
2026-04-16 15:45:39,225 [INFO] Rule:233 - rule SYS_WakeUp0 Mode is applicable
2026-04-16 15:45:39,225 [INFO] Rule:233 - rule SYS_WakeUp0 Mode for STM32F446 is applicable
2026-04-16 15:45:39,225 [INFO] Rule:233 - rule SYS_WakeUp1 Mode is applicable
2026-04-16 15:45:39,225 [INFO] Rule:233 - rule SYS_WakeUp1 Mode for STM32F446 is applicable
2026-04-16 15:45:39,225 [INFO] Rule:233 - rule SYS_WakeUp2 Mode is applicable
2026-04-16 15:45:39,225 [INFO] Rule:233 - rule SYS_WakeUp3 Mode is applicable
2026-04-16 15:45:39,225 [INFO] Rule:233 - rule SYS_WakeUp4 Mode is applicable
2026-04-16 15:45:39,225 [INFO] Rule:233 - rule SYS_WakeUp5 Mode is applicable
2026-04-16 15:45:39,225 [INFO] Rule:233 - rule SYS_WakeUp6 Mode is applicable
2026-04-16 15:45:39,225 [INFO] Rule:233 - rule SYS_WakeUp7 Mode is applicable
2026-04-16 15:45:39,225 [INFO] Rule:233 - rule WakeUp0 Mode is applicable
2026-04-16 15:45:39,225 [INFO] Rule:233 - rule WakeUp0 SIGNAL is applicable
2026-04-16 15:45:39,225 [INFO] Rule:233 - rule WakeUp1 Mode is applicable
2026-04-16 15:45:39,225 [INFO] Rule:233 - rule WakeUp1 SIGNAL is applicable
2026-04-16 15:45:39,225 [INFO] Rule:233 - rule WakeUp2 Mode is applicable
2026-04-16 15:45:39,225 [INFO] Rule:233 - rule WakeUp2 SIGNAL is applicable
2026-04-16 15:45:39,225 [INFO] Rule:233 - rule WakeUp4 Mode is applicable
2026-04-16 15:45:39,225 [INFO] Rule:233 - rule WakeUp4 SIGNAL is applicable
2026-04-16 15:45:39,225 [INFO] Rule:233 - rule WakeUp5 Mode is applicable
2026-04-16 15:45:39,225 [INFO] Rule:233 - rule WakeUp5 SIGNAL is applicable
2026-04-16 15:45:39,225 [INFO] Rule:233 - rule Mode_PVD_Ext is applicable
2026-04-16 15:45:39,225 [INFO] Rule:233 - rule Mode_PVD_Int is applicable
2026-04-16 15:45:39,225 [INFO] Rule:233 - rule Add RTC Activate Clock Source is applicable
2026-04-16 15:45:39,225 [INFO] Rule:233 - rule Add RTC Activate Calendar 1 is applicable
2026-04-16 15:45:39,225 [INFO] Rule:233 - rule Add RTC Activate Calendar 2 is applicable
2026-04-16 15:45:39,226 [INFO] Rule:233 - rule Add RTC Activate Calendar 3 is applicable
2026-04-16 15:45:39,226 [INFO] Rule:233 - rule UART/USART TX Mode is applicable
2026-04-16 15:45:39,226 [INFO] Rule:233 - rule UART/USART RX Mode is applicable
2026-04-16 15:45:39,226 [INFO] Rule:233 - rule UART/USART RX TX Mode is applicable
2026-04-16 15:45:39,226 [INFO] Rule:233 - rule UART/USART PARITY NONE is applicable
2026-04-16 15:45:39,226 [INFO] Rule:233 - rule UART/USART PARITY EVEN is applicable
2026-04-16 15:45:39,226 [INFO] Rule:233 - rule UART/USART PARITY ODD is applicable
2026-04-16 15:45:39,226 [INFO] Rule:233 - rule USART StopBits 1 is applicable
2026-04-16 15:45:39,226 [INFO] Rule:233 - rule USART StopBits 2 is applicable
2026-04-16 15:45:39,227 [INFO] Rule:233 - rule USART StopBits 1.5 is applicable
2026-04-16 15:45:39,228 [INFO] Rule:233 - rule USART StopBits 0.5 is applicable
2026-04-16 15:45:39,229 [INFO] Rule:233 - rule UART/USART WORD LENGTH 7 is applicable
2026-04-16 15:45:39,229 [INFO] Rule:233 - rule UART/USART WORD LENGTH 8 is applicable
2026-04-16 15:45:39,229 [INFO] Rule:233 - rule UART/USART WORD LENGTH 9 is applicable
2026-04-16 15:45:39,229 [INFO] Rule:233 - rule Rename FMC NAND NCE signal is applicable
2026-04-16 15:45:39,229 [INFO] Rule:233 - rule Rename FMC NAND INT signal is applicable
2026-04-16 15:45:39,230 [INFO] Rule:233 - rule Change Default Value for LSE Drive Capability for WB family is applicable
2026-04-16 15:45:39,230 [INFO] Rule:233 - rule Change Default Value for ADC Clock Prescaler G0 family is applicable
2026-04-16 15:45:39,230 [INFO] Rule:233 - rule Change Default Value for ADC ExternalTrigConv L4 family is applicable
2026-04-16 15:45:39,230 [INFO] Rule:233 - rule Change Default Value for ADC ExternalTrigInjecConv L4 family is applicable
2026-04-16 15:45:39,230 [INFO] Rule:233 - rule Change Default Value for ADC ExternalTrigConv F3 family is applicable
2026-04-16 15:45:39,230 [INFO] Rule:233 - rule Change Default Value for ADC ExternalTrigInjecConv F3 family is applicable
2026-04-16 15:45:39,230 [INFO] Rule:233 - rule Change Default Value for ADC ExternalTrigConv Goldfish serie is applicable
2026-04-16 15:45:39,230 [INFO] Rule:233 - rule Change Default Value for ADC ExternalTrigInjecConv Goldfish serie is applicable
2026-04-16 15:45:39,230 [INFO] Rule:233 - rule Change Default Value for ADC ExternalTrigConv L0 family is applicable
2026-04-16 15:45:39,230 [INFO] Rule:233 - rule Change Default Value for ADC ExternalTrigConv F0 family is applicable
2026-04-16 15:45:39,230 [INFO] Rule:233 - rule Change Default Value for ADC ExternalTrigConvn L1 family is applicable
2026-04-16 15:45:39,230 [INFO] Rule:233 - rule Change Default Value for ADC ExternalTrigInjecConv L1 family is applicable
2026-04-16 15:45:39,230 [INFO] Rule:233 - rule Change Default Value for ADC ExternalTrigConv F1 family is applicable
2026-04-16 15:45:39,230 [INFO] Rule:233 - rule Change Default Value for ADC ExternalTrigInjecConv F1 family is applicable
2026-04-16 15:45:39,230 [INFO] Rule:233 - rule Change Default Value for ADC ExternalTrigConv F7 family is applicable
2026-04-16 15:45:39,230 [INFO] Rule:233 - rule Change Default Value for ADC ExternalTrigInjecConv F7 family is applicable
2026-04-16 15:45:39,230 [INFO] Rule:233 - rule Change Default Value for ADC ExternalTrigConv F4 and F2 family is applicable
2026-04-16 15:45:39,230 [INFO] Rule:233 - rule Change Default Value for ADC ExternalTrigInjecConv F4 and F2 family is applicable
2026-04-16 15:45:39,230 [INFO] Rule:233 - rule ADC SamplingTime fix with FW L0  is applicable
2026-04-16 15:45:39,230 [INFO] Rule:233 - rule ADC SamplingTime fix with FW L0  is applicable
2026-04-16 15:45:39,230 [INFO] Rule:233 - rule ADC SamplingTime fix with FW L0 is applicable
2026-04-16 15:45:39,230 [INFO] Rule:233 - rule ADC SamplingTime fix with FW L0 is applicable
2026-04-16 15:45:39,230 [INFO] Rule:233 - rule ADC SamplingTime fix with FW L0  is applicable
2026-04-16 15:45:39,230 [INFO] Rule:233 - rule ADC SamplingTime fix with FW L0 is applicable
2026-04-16 15:45:39,230 [INFO] Rule:233 - rule Rename USB_OE Signal is applicable
2026-04-16 15:45:39,230 [INFO] Rule:233 - rule Rename Activate_OE Mode is applicable
2026-04-16 15:45:39,230 [INFO] Rule:233 - rule Rename DIE462/DIE415 pin PC14/OSC32_IN -> PC14-OSC32_IN (PC14) is applicable
2026-04-16 15:45:39,230 [INFO] Rule:233 - rule Rename DIE462/DIE415 pin PC15/OSC32_OUT -> PC15-OSC32_OUT (PC15) is applicable
2026-04-16 15:45:39,230 [INFO] Rule:233 - rule Rename DIE462/DIE415 pin PH0/OSC_IN -> PH0-OSC_IN (PH0) is applicable
2026-04-16 15:45:39,230 [INFO] Rule:233 - rule Rename DIE462/DIE415 pin PH1/OSC_OUT -> PH1-OSC_OUT (PH1) is applicable
2026-04-16 15:45:39,230 [INFO] Rule:233 - rule Rename DIE462 pin PA13 -> PA13 (JTMS/SWDIO) is applicable
2026-04-16 15:45:39,230 [INFO] Rule:233 - rule Rename DIE415 pin PA13 -> PA13 (JTMS/SWDIO) is applicable
2026-04-16 15:45:39,230 [INFO] Rule:233 - rule Rename DIE462 pin PA14 -> PA14 (JTCK/SWCLK) is applicable
2026-04-16 15:45:39,230 [INFO] Rule:233 - rule Rename DIE415 pin PA14 -> PA14 (JTCK/SWCLK) is applicable
2026-04-16 15:45:39,230 [INFO] Rule:233 - rule Rename DIE462/DIE415 pin PA15 -> PA15 (JTDI) is applicable
2026-04-16 15:45:39,230 [INFO] Rule:233 - rule Rename DIE462 pin PB3 -> PB3 (JTD0/TRACESWO) is applicable
2026-04-16 15:45:39,231 [INFO] Rule:233 - rule Rename DIE415 pin PB3 -> PB3 (JTD0-TRACESWO) is applicable
2026-04-16 15:45:39,231 [INFO] Rule:233 - rule Rename DIE462/DIE415 pin PB4 -> PB4 (NJTRST) is applicable
2026-04-16 15:45:39,231 [INFO] Rule:233 - rule Rename DIE462 pin PH3/BOOT0 -> PH3-BOOT0 (BOOT0) is applicable
2026-04-16 15:45:39,231 [INFO] Rule:233 - rule Rename CRYP DataEncryptionTypesList to Algorithm is applicable
2026-04-16 15:45:39,231 [INFO] Rule:233 - rule Rename AES DataEncryptionTypesList to Algorithm is applicable
2026-04-16 15:45:39,231 [INFO] Rule:233 - rule Rename TDESECB to CRYP_TDES_ECB is applicable
2026-04-16 15:45:39,231 [INFO] Rule:233 - rule Rename TDESCBC to CRYP_TDES_CBC is applicable
2026-04-16 15:45:39,231 [INFO] Rule:233 - rule Rename DESECB to CRYP_DES_ECB is applicable
2026-04-16 15:45:39,231 [INFO] Rule:233 - rule Rename DESCBC to CRYP_DES_CBC is applicable
2026-04-16 15:45:39,231 [INFO] Rule:233 - rule Rename AESECB to CRYP_AES_ECB is applicable
2026-04-16 15:45:39,231 [INFO] Rule:233 - rule Rename AESCBC to CRYP_AES_CBC is applicable
2026-04-16 15:45:39,231 [INFO] Rule:233 - rule Rename AESCTR to CRYP_AES_CTR is applicable
2026-04-16 15:45:39,231 [INFO] Rule:233 - rule Rename AESGCM to CRYP_AES_GCM is applicable
2026-04-16 15:45:39,231 [INFO] Rule:233 - rule Rename AESCCM to CRYP_AES_CCM is applicable
2026-04-16 15:45:39,231 [INFO] Rule:233 - rule Rename CAN TimeSeg1 to BS1 is applicable
2026-04-16 15:45:39,231 [INFO] Rule:233 - rule Rename CAN TimeSeg2 to BS2 is applicable
2026-04-16 15:45:39,231 [INFO] Rule:233 - rule Rename CAN SyncJumpWidth to SJW is applicable
2026-04-16 15:45:39,231 [INFO] Rule:233 - rule TimeTriggeredMode to TTCM is applicable
2026-04-16 15:45:39,231 [INFO] Rule:233 - rule Rename CAN AutoBusOff to ABOM is applicable
2026-04-16 15:45:39,231 [INFO] Rule:233 - rule Rename CAN AutoWakeUp to AWUM is applicable
2026-04-16 15:45:39,231 [INFO] Rule:233 - rule Rename CAN AutoRetransmission to NART is applicable
2026-04-16 15:45:39,231 [INFO] Rule:233 - rule Rename CAN ReceiveFifoLocked to RFLM is applicable
2026-04-16 15:45:39,231 [INFO] Rule:233 - rule Rename CAN TransmitFifoPriority to TXFP is applicable
2026-04-16 15:45:39,231 [INFO] Rule:233 - rule Rename HRTIMER HRTIM_OUTPUTFAULTLEVEL_HIGH in HRTIMER HRTIM_OUTPUTFAULTLEVEL_HIGHZ is applicable
2026-04-16 15:45:39,231 [INFO] Rule:233 - rule Rename TIMER TIM_CLEARINPUTSOURCE_OCREFCLR in  TIMER TIM_CLEARINPUTSOURCE_NONE for F7 family is applicable
2026-04-16 15:45:39,231 [INFO] Rule:233 - rule FDCAN_R1 - Rename FDCAN mode Master into Classic is applicable
2026-04-16 15:45:39,231 [INFO] Rule:233 - rule FDCAN_R2 - Rename FDCAN mode Slave into Classic is applicable
2026-04-16 15:45:39,231 [INFO] Rule:233 - rule FDCAN1_R3 - if PA10.Mode=FullDuplex, add Pin PA12 is applicable
2026-04-16 15:45:39,231 [INFO] Rule:233 - rule FDCAN1_R3 - if PA9.Mode=FullDuplex, add Pin PA11 is applicable
2026-04-16 15:45:39,231 [INFO] Rule:233 - rule FDCAN1_R3 - Alternatepin_1 - if PE1.Mode=FullDuplex, add Pin PB9 is applicable
2026-04-16 15:45:39,231 [INFO] Rule:233 - rule FDCAN1_R3 - Alternatepin_1 - if PE0.Mode=FullDuplex, add Pin PB8 is applicable
2026-04-16 15:45:39,231 [INFO] Rule:233 - rule FDCAN1_R3 - Alternatepin_2 - if PD5.Mode=FullDuplex, add Pin PD1 is applicable
2026-04-16 15:45:39,231 [INFO] Rule:233 - rule FDCAN1_R3 - Alternatepin_2 - if PD4.Mode=FullDuplex, add Pin PD0 is applicable
2026-04-16 15:45:39,231 [INFO] Rule:233 - rule FDCAN1_R4 - Rename Mode FullDuplex into Enable FDCAN_TXFD for pin PA10 is applicable
2026-04-16 15:45:39,231 [INFO] Rule:233 - rule FDCAN1_R4 - Rename Mode FullDuplex into Enable FDCAN_TXFD for pin PA9 is applicable
2026-04-16 15:45:39,231 [INFO] Rule:233 - rule FDCAN1_R4 - Alternatepin_1 - Rename Mode FullDuplex into Enable FDCAN_TXFD for pin PE1 is applicable
2026-04-16 15:45:39,231 [INFO] Rule:233 - rule FDCAN1_R4 - Alternatepin_1 - Rename Mode FullDuplex into Enable FDCAN_TXFD for pin PE0 is applicable
2026-04-16 15:45:39,231 [INFO] Rule:233 - rule FDCAN1_R4 - Alternatepin_2 - Rename Mode FullDuplex into Enable FDCAN_TXFD for pin PD5 is applicable
2026-04-16 15:45:39,231 [INFO] Rule:233 - rule FDCAN1_R4 - Alternatepin_2 - Rename Mode FullDuplex into Enable FDCAN_TXFD for pin PD4 is applicable
2026-04-16 15:45:39,231 [INFO] Rule:233 - rule FDCAN2_R3 - if PD10.Mode=FullDuplex, add Pin PB13 is applicable
2026-04-16 15:45:39,231 [INFO] Rule:233 - rule FDCAN2_R3 - if PD9.Mode=FullDuplex, add Pin PB12 is applicable
2026-04-16 15:45:39,231 [INFO] Rule:233 - rule FDCAN2_R3 - Alternatepin_1 - if PB7.Mode=FullDuplex, add Pin PB6 is applicable
2026-04-16 15:45:39,231 [INFO] Rule:233 - rule FDCAN2_R3 - Alternatepin_1 - if PD9.Mode=FullDuplex, add Pin PB12 is applicable
2026-04-16 15:45:39,231 [INFO] Rule:233 - rule FDCAN2_R4 - Rename Mode FullDuplex into Enable FDCAN_TXFD for pin PD10 is applicable
2026-04-16 15:45:39,231 [INFO] Rule:233 - rule FDCAN2_R4 - Rename Mode FullDuplex into Enable FDCAN_TXFD for pin PD9 is applicable
2026-04-16 15:45:39,231 [INFO] Rule:233 - rule FDCAN2_R4 - Alternatepin_1 - Rename Mode FullDuplex into Enable FDCAN_TXFD for pin PB7 is applicable
2026-04-16 15:45:39,231 [INFO] Rule:233 - rule FDCAN2_R4 - Alternatepin_1 - Rename Mode FullDuplex into Enable FDCAN_TXFD for pin PD6 is applicable
2026-04-16 15:45:39,231 [INFO] Rule:233 - rule USART TxPinLevelInvertParam Mode is applicable
2026-04-16 15:45:39,232 [INFO] Rule:233 - rule USART RxPinLevelInvertParam Mode is applicable
2026-04-16 15:45:39,232 [INFO] Rule:233 - rule USART DataInvertParam Mode is applicable
2026-04-16 15:45:39,232 [INFO] Rule:233 - rule USART SwapParam Mode is applicable
2026-04-16 15:45:39,232 [INFO] Rule:233 - rule USART OverrunDisableParam Mode is applicable
2026-04-16 15:45:39,232 [INFO] Rule:233 - rule USART DMADisableonRxErrorParam Mode is applicable
2026-04-16 15:45:39,232 [INFO] Rule:233 - rule USART MSBFirstParam Mode is applicable
2026-04-16 15:45:39,232 [INFO] Rule:233 - rule Update MwName for USB_DEVICE is applicable
2026-04-16 15:45:39,232 [INFO] Rule:233 - rule Change PWR_Regulator_Voltage_Scale Default Value for RCC  H7 family is applicable
2026-04-16 15:45:39,232 [INFO] Rule:233 - rule UART/USART IPParameter rename Prescaler parameter to ClockPrescaler is applicable
2026-04-16 15:45:39,232 [INFO] Rule:233 - rule UART/USART Prescaler rename Prescaler parameter to ClockPrescaler is applicable
2026-04-16 15:45:39,232 [INFO] Rule:233 - rule TIM1CLockSelection is applicable
2026-04-16 15:45:39,232 [INFO] Rule:233 - rule TIM15CLockSelection is applicable
2026-04-16 15:45:39,232 [INFO] Rule:233 - rule align RCC SDMMC3CLockSelection default value on MP1 is applicable
2026-04-16 15:45:39,232 [INFO] Rule:233 - rule align RCC SDMMC12CLockSelection default value on MP1 is applicable
2026-04-16 15:45:39,232 [INFO] Rule:233 - rule align RCC QSPICLockSelection default value on MP1 is applicable
2026-04-16 15:45:39,232 [INFO] Rule:233 - rule align RCC QSPICLockSelection default value on MP1 is applicable
2026-04-16 15:45:39,232 [INFO] Rule:233 - rule align RCC SPI6CLockSelection default value on MP1 is applicable
2026-04-16 15:45:39,232 [INFO] Rule:233 - rule align RCC LPTIM23CLockSelection default value on MP1 is applicable
2026-04-16 15:45:39,232 [INFO] Rule:233 - rule align RCC LPTIM1CLockSelection default value on MP1 is applicable
2026-04-16 15:45:39,232 [INFO] Rule:233 - rule align RCC USART1CLockSelection default value on MP1 is applicable
2026-04-16 15:45:39,232 [INFO] Rule:233 - rule align RCC USART24CLockSelection default value on MP1 is applicable
2026-04-16 15:45:39,232 [INFO] Rule:233 - rule align RCC USART6CLockSelection default value on MP1 is applicable
2026-04-16 15:45:39,232 [INFO] Rule:233 - rule align RCC UART78CLockSelection default value on MP1 is applicable
2026-04-16 15:45:39,232 [INFO] Rule:233 - rule align RCC USART35CLockSelection default value on MP1 is applicable
2026-04-16 15:45:39,232 [INFO] Rule:233 - rule align RCC SPI45CLockSelection default value on MP1 is applicable
2026-04-16 15:45:39,232 [INFO] Rule:233 - rule align RCC I2C46CLockSelection BCLK value on MP1 is applicable
2026-04-16 15:45:39,232 [INFO] Rule:233 - rule align RCC SPI45CLockSelection default value on MP1 is applicable
2026-04-16 15:45:39,232 [INFO] Rule:233 - rule align RCC I2C12CLockSelection default value on MP1 is applicable
2026-04-16 15:45:39,232 [INFO] Rule:233 - rule align RCC I2C35CLockSelection default value on MP1 is applicable
2026-04-16 15:45:39,232 [INFO] Rule:233 - rule align RCC LPTIM45CLockSelection default value on MP1 is applicable
2026-04-16 15:45:39,232 [INFO] Rule:233 - rule Rename DCMI PIXCK signal is applicable
2026-04-16 15:45:39,232 [INFO] Rule:233 - rule Change Default Value for I2C46CLockSelection MP1 family is applicable
2026-04-16 15:45:39,232 [INFO] Rule:233 - rule Change Default Value for UART for G4, G0 and WB families is applicable
2026-04-16 15:45:39,232 [INFO] Rule:233 - rule Change Default Value for USART for G4, G0 and WB families is applicable
2026-04-16 15:45:39,232 [INFO] Rule:233 - rule Change Default Value for USART for G4 family is applicable
2026-04-16 15:45:39,233 [INFO] Rule:233 - rule Change USART1CLockSelection refparam name for MP1 is applicable
2026-04-16 15:45:39,233 [INFO] Rule:233 - rule Change USART2CLockSelection refparam name for MP1 is applicable
2026-04-16 15:45:39,234 [INFO] Rule:233 - rule Change USART3CLockSelection refparam name for MP1 is applicable
2026-04-16 15:45:39,235 [INFO] Rule:233 - rule Change UART4CLockSelection refparam name for MP1 is applicable
2026-04-16 15:45:39,236 [INFO] Rule:233 - rule Change UART5CLockSelection refparam name for MP1 is applicable
2026-04-16 15:45:39,236 [INFO] Rule:233 - rule Change LPUART1CLockSelection refparam name for MP1 is applicable
2026-04-16 15:45:39,236 [INFO] Rule:233 - rule Change LPTIM1CLockSelection refparam name for MP1 is applicable
2026-04-16 15:45:39,236 [INFO] Rule:233 - rule Change LPTIM2CLockSelection refparam name for MP1 is applicable
2026-04-16 15:45:39,236 [INFO] Rule:233 - rule Change RCC_MCO1Source refparam name for MP1 is applicable
2026-04-16 15:45:39,236 [INFO] Rule:233 - rule Change LSCOSource1 refparam name for MP1 is applicable
2026-04-16 15:45:39,236 [INFO] Rule:233 - rule Change SMPSCLockSelection refparam name for MP1 is applicable
2026-04-16 15:45:39,236 [INFO] Rule:233 - rule Change LPTIM3CLockSelection refparam name for MP1 is applicable
2026-04-16 15:45:39,236 [INFO] Rule:233 - rule Change MPCBB* Default Template Mode to Parameters is applicable
2026-04-16 15:45:39,236 [INFO] Rule:233 - rule Change MPCWM* or MPCBB* Secure Mode to Parameters is applicable
2026-04-16 15:45:39,236 [INFO] Rule:233 - rule Change MPCWM* or MPCBB* No Secure Mode to Parameters is applicable
2026-04-16 15:45:39,236 [INFO] Rule:233 - rule Change TZSC IP Secure Mode to Parameters is applicable
2026-04-16 15:45:39,236 [INFO] Rule:233 - rule Change TZSC IP No Secure Mode to Parameters is applicable
2026-04-16 15:45:39,236 [INFO] Rule:233 - rule Change TZSC IP Privilege Mode to Parameters is applicable
2026-04-16 15:45:39,236 [INFO] Rule:233 - rule Change TZSC IP No Privilege Mode to Parameters is applicable
2026-04-16 15:45:39,236 [INFO] Rule:233 - rule Change TZIC IT Secure Mode to Parameters is applicable
2026-04-16 15:45:39,236 [INFO] Rule:233 - rule Change TZIC IT No Secure Mode to Parameters is applicable
2026-04-16 15:45:39,236 [INFO] Rule:233 - rule Add MPCBB1_NonSecureArea_Start_Address value with referenced to MPCBB1_NonSecureArea_Start value is applicable
2026-04-16 15:45:39,236 [INFO] Rule:233 - rule Add MPCBB2_NonSecureArea_Start_Address value with referenced to MPCBB2_NonSecureArea_Start value is applicable
2026-04-16 15:45:39,236 [INFO] Rule:233 - rule Add MPCWM1_NonSecureArea*_Start_Address value with referenced to MPCWM1_NonSecureArea*_Start value is applicable
2026-04-16 15:45:39,236 [INFO] Rule:233 - rule Add MPCWM2_NonSecureArea*_Start_Address value with referenced to MPCWM2_NonSecureArea*_Start value is applicable
2026-04-16 15:45:39,236 [INFO] Rule:233 - rule Add MPCWM3_NonSecureArea_Start_Address value with referenced to MPCWM3_NonSecureArea_Start value is applicable
2026-04-16 15:45:39,236 [INFO] Rule:233 - rule Change Default Value for PLL1UserDefinedConfig is applicable
2026-04-16 15:45:39,236 [INFO] Rule:233 - rule Change GPIO_PuPd Default Value for USART in async mode is applicable
2026-04-16 15:45:39,236 [INFO] Rule:233 - rule Change SMPSDivider Default Value is applicable
2026-04-16 15:45:39,236 [INFO] Rule:233 - rule OPAMP is applicable
2026-04-16 15:45:39,236 [INFO] Rule:233 - rule LPUART IPParameter rename Prescaler parameter to ClockPrescaler for STM32H7 is applicable
2026-04-16 15:45:39,236 [INFO] Rule:233 - rule LPUART IPParameter rename Prescaler parameter to ClockPrescaler for STM32H7 is applicable
2026-04-16 15:45:39,236 [INFO] Rule:233 - rule LPUART IPParameter rename Prescaler parameter to ClockPrescaler for STM32WB is applicable
2026-04-16 15:45:39,236 [INFO] Rule:233 - rule LPUART IPParameter rename Prescaler parameter to ClockPrescaler for STM32WB is applicable
2026-04-16 15:45:39,236 [INFO] Rule:233 - rule LPUART IPParameter rename Prescaler parameter to ClockPrescaler for STM32G4 is applicable
2026-04-16 15:45:39,236 [INFO] Rule:233 - rule LPUART IPParameter rename Prescaler parameter to ClockPrescaler for STM32G4 is applicable
2026-04-16 15:45:39,237 [INFO] Rule:233 - rule LPUART IPParameter rename Prescaler parameter to ClockPrescaler for STM32L5 is applicable
2026-04-16 15:45:39,237 [INFO] Rule:233 - rule LPUART IPParameter rename Prescaler parameter to ClockPrescaler for STM32L5 is applicable
2026-04-16 15:45:39,237 [INFO] Rule:233 - rule LPUART IPParameter rename Prescaler parameter to ClockPrescaler for STM32G4 is applicable
2026-04-16 15:45:39,237 [INFO] Rule:233 - rule LPUART IPParameter rename Prescaler parameter to ClockPrescaler for STM32G4 is applicable
2026-04-16 15:45:39,237 [INFO] Rule:233 - rule USB device lib V2.5.3 for L0 rename USBD_SUPPORT_USER_STRING parameter to USBD_SUPPORT_USER_STRING_DESC4 is applicable
2026-04-16 15:45:39,237 [INFO] Rule:233 - rule I2SCLockSelection clock entry align is applicable
2026-04-16 15:45:39,237 [INFO] Rule:233 - rule Assign TIMx context if used as SYS timebase is applicable
2026-04-16 15:45:39,237 [INFO] Rule:233 - rule Change GPIO_Pu Default Value for I2C is applicable
2026-04-16 15:45:39,237 [INFO] Rule:233 - rule Change GPIO_Pu Default Value for SMBus is applicable
2026-04-16 15:45:39,237 [INFO] Rule:233 - rule change FDCAN default value is applicable
2026-04-16 15:45:39,237 [INFO] Rule:233 - rule Change mode sai is applicable
2026-04-16 15:45:39,237 [INFO] Rule:233 - rule **Change sai mode is applicable
2026-04-16 15:45:39,237 [INFO] Rule:233 - rule Rename STM32WPAN CFG_BLE_IRK to CFG_BLE_IR is applicable
2026-04-16 15:45:39,237 [INFO] Rule:233 - rule Rename STM32WPAN CFG_BLE_ERK to CFG_BLE_ER is applicable
2026-04-16 15:45:39,237 [INFO] Rule:233 - rule Rename STM32WPAN CFG_BLE_IRK_HEX to CFG_BLE_IR_HEX is applicable
2026-04-16 15:45:39,237 [INFO] Rule:233 - rule Rename STM32WPAN CFG_BLE_ERK_HEX to CFG_BLE_ER_HEX is applicable
2026-04-16 15:45:39,237 [INFO] Rule:233 - rule Adapt Old IOC before rework replace old CORTEX_M33/CORTEX_M55 attributes by the new one. is applicable
2026-04-16 15:45:39,237 [INFO] Rule:233 - rule Rename parametre of RCC RCC_APBDBG_DIV2 to RCC_TIMPRES_DIV2 is applicable
2026-04-16 15:45:39,237 [INFO] Rule:233 - rule Rename DIE493 pin PA10 [PA12] -> PA10 is applicable
2026-04-16 15:45:39,237 [INFO] Rule:233 - rule Rename DIE493 pin PA9 [PA11] -> PA9 is applicable
2026-04-16 15:45:39,237 [INFO] Rule:233 - rule Rename DIE492 PartNumber CPN STM32WBA5MJGHx -> STM32WBA5MMGHx is applicable
2026-04-16 15:45:39,237 [INFO] Rule:233 - rule Rename DIE492 PartNumber  Name STM32WBA5MJGHx -> STM32WBA5MMGHx is applicable
2026-04-16 15:45:39,237 [INFO] Rule:233 - rule Rename DIE492 PartNumber UserName STM32WBA5MJGHx -> STM32WBA5MMGHx is applicable
2026-04-16 15:45:39,237 [INFO] Rule:233 - rule Rename DIE492 PartNumber DeviceId STM32WBA5MJGHx -> STM32WBA5MMGHx is applicable
2026-04-16 15:45:39,237 [INFO] Rule:233 - rule Adapt Old IOC CSI. is applicable
2026-04-16 15:45:39,237 [INFO] Rule:233 - rule Adapt Old IOC DCMIPP. is applicable
2026-04-16 15:45:39,237 [INFO] Rule:233 - rule Adapt Old IOC DCMIPP Mode Parallel. is applicable
2026-04-16 15:45:39,237 [INFO] Rule:233 - rule Adapt Old IOC LTDC. is applicable
2026-04-16 15:45:39,237 [INFO] Rule:233 - rule Rename STM32MP2 RIF Peripheral LTDC RIF.RISUP.LTDC_L0L1.Privilege -> RIF.RISUP.LTDC_L1L2.Privilege is applicable
2026-04-16 15:45:39,237 [INFO] Rule:233 - rule Rename STM32MP2 RIF Peripheral LTDC RIF.RISUP.LTDC_L0L1.Privilege -> RIF.RISUP.LTDC_L1L2.Privilege is applicable
2026-04-16 15:45:39,237 [INFO] Rule:233 - rule Rename STM32MP2 RIF Peripheral LTDC RIF.RISUP.LTDC_L0L1.Lock -> RIF.RISUP.LTDC_L1L2.Lock is applicable
2026-04-16 15:45:39,237 [INFO] Rule:233 - rule Rename STM32MP2 RIF Peripheral LTDC RIF.RISUP.LTDC_L2.Lock -> RIF.RISUP.LTDC_L3.Lock is applicable
2026-04-16 15:45:39,237 [INFO] Rule:233 - rule Adapt the old IOC example for updating the SYS when it is misconfigured. is applicable
2026-04-16 15:45:39,237 [INFO] Rule:233 - rule Rename STM32C09 Mcu.Package LQFP64 -> LQFP48 is applicable
2026-04-16 15:45:39,237 [INFO] Rule:233 - rule Adapt the old IOC example for updating the SYS when it is misconfigured. is applicable
2026-04-16 15:45:39,237 [INFO] Rule:233 - rule Adapt the old IOC example for updating the SYS when it is misconfigured. is applicable
2026-04-16 15:45:39,270 [INFO] DbConfProperties:307 - Apply Compatibility (82/313 Rules)
2026-04-16 15:45:39,283 [INFO] ImportTextPane:234 - (OptionalMessage_ERROR) Unable to find key (Mcu.ThirdPartyNb) in loaded IOC file
2026-04-16 15:45:39,289 [INFO] ImportTextPane:234 - (OptionalMessage_ERROR) Pin11 (VP_RIF_VS_RIF1) cannot be retrieved for this MCU
2026-04-16 15:45:39,332 [INFO] RtosManager:558 - Registered RTOS mode: class=CMSIS, group=RTOS, mode=CMSIS_V1, owner=FREERTOS
2026-04-16 15:45:39,333 [INFO] RtosManager:558 - Registered RTOS mode: class=CMSIS, group=RTOS2, mode=CMSIS_V2, owner=FREERTOS
2026-04-16 15:45:39,333 [INFO] RtosManager:558 - Registered RTOS mode: class=RTOS, group=Core, mode=CMSIS_V1, owner=FREERTOS
2026-04-16 15:45:39,333 [INFO] RtosManager:558 - Registered RTOS mode: class=RTOS, group=Core, mode=CMSIS_V2, owner=FREERTOS
2026-04-16 15:45:39,333 [WARN] ModelIntegratedComponent:184 - Missing modes for component STMicroelectronics:FreeRTOS:0.0.1:STMicroelectronics:RTOS:FreeRTOS:Core:::10.2.0:
2026-04-16 15:45:39,334 [WARN] ModelIntegratedComponent:63 - No mode defined for component null
2026-04-16 15:45:39,335 [WARN] ModelIntegratedComponent:63 - No mode defined for component null
2026-04-16 15:45:39,335 [WARN] ModelIntegratedComponent:63 - No mode defined for component null
2026-04-16 15:45:39,335 [WARN] ModelIntegratedComponent:63 - No mode defined for component null
2026-04-16 15:45:39,335 [WARN] ModelIntegratedComponent:63 - No mode defined for component null
2026-04-16 15:45:39,335 [WARN] ModelIntegratedComponent:63 - No mode defined for component null
2026-04-16 15:45:39,335 [WARN] ModelIntegratedComponent:63 - No mode defined for component null
2026-04-16 15:45:39,335 [WARN] ModelIntegratedComponent:63 - No mode defined for component null
2026-04-16 15:45:39,335 [WARN] ModelIntegratedComponent:63 - No mode defined for component null
2026-04-16 15:45:39,335 [WARN] ModelIntegratedComponent:63 - No mode defined for component null
2026-04-16 15:45:39,335 [WARN] ModelIntegratedComponent:63 - No mode defined for component null
2026-04-16 15:45:39,335 [WARN] ModelIntegratedComponent:63 - No mode defined for component null
2026-04-16 15:45:39,335 [WARN] ModelIntegratedComponent:63 - No mode defined for component null
2026-04-16 15:45:39,335 [WARN] ModelIntegratedComponent:63 - No mode defined for component null
2026-04-16 15:45:39,335 [WARN] ModelIntegratedComponent:63 - No mode defined for component null
2026-04-16 15:45:39,335 [WARN] ModelIntegratedComponent:63 - No mode defined for component null
2026-04-16 15:45:39,335 [WARN] ModelIntegratedComponent:63 - No mode defined for component null
2026-04-16 15:45:39,335 [WARN] ModelIntegratedComponent:63 - No mode defined for component null
2026-04-16 15:45:39,335 [WARN] ModelIntegratedComponent:63 - No mode defined for component null
2026-04-16 15:45:39,335 [WARN] ModelIntegratedComponent:63 - No mode defined for component null
2026-04-16 15:45:39,335 [WARN] ModelIntegratedComponent:63 - No mode defined for component null
2026-04-16 15:45:39,335 [WARN] ModelIntegratedComponent:63 - No mode defined for component null
2026-04-16 15:45:39,335 [WARN] ModelIntegratedComponent:63 - No mode defined for component null
2026-04-16 15:45:39,335 [WARN] ModelIntegratedComponent:63 - No mode defined for component null
2026-04-16 15:45:39,335 [WARN] ModelIntegratedComponent:63 - No mode defined for component null
2026-04-16 15:45:39,335 [WARN] ModelIntegratedComponent:63 - No mode defined for component null
2026-04-16 15:45:39,335 [WARN] ModelIntegratedComponent:63 - No mode defined for component null
2026-04-16 15:45:39,335 [WARN] ModelIntegratedComponent:63 - No mode defined for component null
2026-04-16 15:45:39,335 [WARN] ModelIntegratedComponent:63 - No mode defined for component null
2026-04-16 15:45:39,335 [WARN] ModelIntegratedComponent:63 - No mode defined for component null
2026-04-16 15:45:39,335 [WARN] ModelIntegratedComponent:63 - No mode defined for component null
2026-04-16 15:45:39,335 [WARN] ModelIntegratedComponent:63 - No mode defined for component null
2026-04-16 15:45:39,335 [WARN] ModelIntegratedComponent:63 - No mode defined for component null
2026-04-16 15:45:39,335 [WARN] ModelIntegratedComponent:63 - No mode defined for component null
2026-04-16 15:45:39,335 [WARN] ModelIntegratedComponent:63 - No mode defined for component null
2026-04-16 15:45:39,336 [WARN] ModelPack:524 - Component already loaded: STMicroelectronics:HAL Drivers:0.0.0:STMicroelectronics:Device:STMicro_Driver:XSPI:HAL::0.0.1:HAL_XSPI
2026-04-16 15:45:39,345 [INFO] ThirdPartyModel:298 - Start build external matchings
2026-04-16 15:45:39,349 [INFO] ThirdPartyModel:316 - End build external matchings
2026-04-16 15:45:39,561 [INFO] UtilMem:75 - End LoadConfig() Used Memory: 577950800 Bytes (1037041664)
2026-04-16 15:45:39,827 [WARN] ThirdParty:833 - waiting for thirdparty lock release [change project]
2026-04-16 15:45:39,851 [INFO] ThirdParty:835 - entering critical section [change project]
2026-04-16 15:45:39,852 [INFO] ThirdParty:1030 - CMSIS Pack Vendor :STMicroelectronics USBPD 4.1
2026-04-16 15:45:39,852 [INFO] ThirdParty:1030 - CMSIS Pack Vendor :STMicroelectronics ThreadX 1.0.0
2026-04-16 15:45:39,852 [INFO] ThirdParty:1030 - CMSIS Pack Vendor :STMicroelectronics USB_HOST 2.0.0
2026-04-16 15:45:39,852 [INFO] ThirdParty:1030 - CMSIS Pack Vendor :STMicroelectronics LIBJPEG 8.0.0
2026-04-16 15:45:39,852 [INFO] ThirdParty:1030 - CMSIS Pack Vendor :STMicroelectronics FreeRTOS 0.0.1
2026-04-16 15:45:39,852 [INFO] ThirdParty:1030 - CMSIS Pack Vendor :STMicroelectronics USB_DEVICE 1.0.0
2026-04-16 15:45:39,852 [INFO] ThirdParty:1030 - CMSIS Pack Vendor :STMicroelectronics STM32_WPAN 1.0.0
2026-04-16 15:45:39,852 [INFO] ThirdParty:1030 - CMSIS Pack Vendor :STMicroelectronics USB_DEVICE 3.0.0
2026-04-16 15:45:39,852 [INFO] ThirdParty:1030 - CMSIS Pack Vendor :STMicroelectronics HAL Drivers 0.0.0
2026-04-16 15:45:39,852 [INFO] ThirdParty:1030 - CMSIS Pack Vendor :STMicroelectronics MBEDTLS 2.16.2
2026-04-16 15:45:39,852 [INFO] ThirdParty:1030 - CMSIS Pack Vendor :STMicroelectronics ThreadX 0.0.2
2026-04-16 15:45:39,852 [INFO] ThirdParty:1030 - CMSIS Pack Vendor :STMicroelectronics lwIP 2.0.3
2026-04-16 15:45:39,852 [INFO] ThirdParty:1030 - CMSIS Pack Vendor :STMicroelectronics lwIP 2.1.2
2026-04-16 15:45:39,852 [INFO] ThirdParty:1030 - CMSIS Pack Vendor :STMicroelectronics MBEDTLS 2.14.1
2026-04-16 15:45:39,852 [INFO] ThirdParty:1030 - CMSIS Pack Vendor :STMicroelectronics USB_HOST 1.0.0
2026-04-16 15:45:39,852 [INFO] ThirdParty:1030 - CMSIS Pack Vendor :STMicroelectronics PDM2PCM 3.1.0
2026-04-16 15:45:39,852 [INFO] ThirdParty:1030 - CMSIS Pack Vendor :STMicroelectronics USB_DEVICE 2.0.0
2026-04-16 15:45:39,852 [INFO] ThirdParty:1030 - CMSIS Pack Vendor :STMicroelectronics PDM2PCM 3.2.0
2026-04-16 15:45:39,852 [INFO] ThirdParty:1030 - CMSIS Pack Vendor :STMicroelectronics PDM2PCM 3.3.0
2026-04-16 15:45:39,853 [INFO] ThirdParty:841 - exiting critical section [change project]
2026-04-16 15:45:40,340 [INFO] PinOutPanel:1589 - setPackage(No Configuration,No Configuration)
2026-04-16 15:45:40,342 [INFO] PinOutPanel:1589 - setPackage(STM32F446RETx,LQFP64)
2026-04-16 15:45:41,044 [INFO] UtilMem:75 - Before build in PCC Used Memory: 596483344 Bytes (1037041664)
2026-04-16 15:45:41,650 [INFO] UtilMem:75 - After build in PCC Used Memory: 645766424 Bytes (1037041664)
2026-04-16 15:45:41,710 [INFO] IPUIPlugin:80 - create IPUIPlugin
2026-04-16 15:45:41,711 [INFO] IPUIPlugin:80 - create IPUIPlugin
2026-04-16 15:45:41,711 [INFO] IPUIPlugin:80 - create IPUIPlugin
2026-04-16 15:45:41,711 [INFO] IPUIPlugin:80 - create IPUIPlugin
2026-04-16 15:45:41,712 [INFO] IPUIPlugin:80 - create IPUIPlugin
2026-04-16 15:45:41,713 [INFO] IPUIPlugin:80 - create IPUIPlugin
2026-04-16 15:45:41,713 [INFO] IPUIPlugin:80 - create IPUIPlugin
2026-04-16 15:45:41,715 [INFO] IPUIPlugin:80 - create IPUIPlugin
2026-04-16 15:45:41,715 [INFO] IPUIPlugin:80 - create IPUIPlugin
2026-04-16 15:45:41,715 [INFO] IPUIPlugin:80 - create IPUIPlugin
2026-04-16 15:45:41,715 [INFO] IPUIPlugin:80 - create IPUIPlugin
2026-04-16 15:45:41,715 [INFO] IPUIPlugin:80 - create IPUIPlugin
2026-04-16 15:45:41,716 [INFO] IPUIPlugin:80 - create IPUIPlugin
2026-04-16 15:45:41,716 [INFO] IPUIPlugin:80 - create IPUIPlugin
2026-04-16 15:45:41,716 [INFO] IPUIPlugin:80 - create IPUIPlugin
2026-04-16 15:45:41,716 [INFO] IPUIPlugin:80 - create IPUIPlugin
2026-04-16 15:45:41,716 [INFO] IPUIPlugin:80 - create IPUIPlugin
2026-04-16 15:45:41,717 [INFO] IPUIPlugin:80 - create IPUIPlugin
2026-04-16 15:45:41,717 [INFO] IPUIPlugin:80 - create IPUIPlugin
2026-04-16 15:45:41,717 [INFO] IPUIPlugin:80 - create IPUIPlugin
2026-04-16 15:45:41,717 [INFO] IPUIPlugin:80 - create IPUIPlugin
2026-04-16 15:45:41,717 [INFO] IPUIPlugin:80 - create IPUIPlugin
2026-04-16 15:45:41,717 [INFO] IPUIPlugin:80 - create IPUIPlugin
2026-04-16 15:45:41,717 [INFO] IPUIPlugin:80 - create IPUIPlugin
2026-04-16 15:45:41,717 [INFO] IPUIPlugin:80 - create IPUIPlugin
2026-04-16 15:45:41,717 [INFO] IPUIPlugin:80 - create IPUIPlugin
2026-04-16 15:45:41,717 [INFO] IPUIPlugin:80 - create IPUIPlugin
2026-04-16 15:45:41,717 [INFO] IPUIPlugin:80 - create IPUIPlugin
2026-04-16 15:45:41,718 [INFO] IPUIPlugin:80 - create IPUIPlugin
2026-04-16 15:45:41,718 [INFO] IPUIPlugin:80 - create IPUIPlugin
2026-04-16 15:45:41,718 [INFO] IPUIPlugin:80 - create IPUIPlugin
2026-04-16 15:45:41,718 [INFO] IPUIPlugin:80 - create IPUIPlugin
2026-04-16 15:45:41,718 [INFO] IPUIPlugin:80 - create IPUIPlugin
2026-04-16 15:45:41,718 [INFO] IPUIPlugin:80 - create IPUIPlugin
2026-04-16 15:45:41,718 [INFO] IPUIPlugin:80 - create IPUIPlugin
2026-04-16 15:45:41,718 [INFO] IPUIPlugin:80 - create IPUIPlugin
2026-04-16 15:45:41,718 [INFO] IPUIPlugin:80 - create IPUIPlugin
2026-04-16 15:45:41,718 [INFO] IPUIPlugin:80 - create IPUIPlugin
2026-04-16 15:45:41,718 [INFO] IPUIPlugin:80 - create IPUIPlugin
2026-04-16 15:45:41,718 [INFO] IPUIPlugin:80 - create IPUIPlugin
2026-04-16 15:45:41,718 [INFO] IPUIPlugin:80 - create IPUIPlugin
2026-04-16 15:45:41,719 [INFO] IPUIPlugin:80 - create IPUIPlugin
2026-04-16 15:45:41,720 [INFO] IPUIPlugin:80 - create IPUIPlugin
2026-04-16 15:45:41,721 [INFO] IPUIPlugin:80 - create IPUIPlugin
2026-04-16 15:45:41,721 [INFO] IPUIPlugin:80 - create IPUIPlugin
2026-04-16 15:45:41,721 [INFO] IPUIPlugin:80 - create IPUIPlugin
2026-04-16 15:45:41,721 [INFO] IPUIPlugin:80 - create IPUIPlugin
2026-04-16 15:45:41,721 [INFO] IPUIPlugin:80 - create IPUIPlugin
2026-04-16 15:45:41,721 [INFO] IPUIPlugin:80 - create IPUIPlugin
2026-04-16 15:45:41,721 [INFO] IPUIPlugin:80 - create IPUIPlugin
2026-04-16 15:45:41,721 [INFO] IPUIPlugin:80 - create IPUIPlugin
2026-04-16 15:45:41,721 [INFO] IPUIPlugin:80 - create IPUIPlugin
2026-04-16 15:45:41,721 [INFO] IPUIPlugin:80 - create IPUIPlugin
2026-04-16 15:45:41,721 [INFO] IPUIPlugin:80 - create IPUIPlugin
2026-04-16 15:45:41,721 [INFO] IPUIPlugin:80 - create IPUIPlugin
2026-04-16 15:45:41,722 [INFO] IPUIPlugin:80 - create IPUIPlugin
2026-04-16 15:45:41,722 [INFO] IPUIPlugin:80 - create IPUIPlugin
2026-04-16 15:45:41,722 [INFO] IPUIPlugin:80 - create IPUIPlugin
2026-04-16 15:45:41,723 [INFO] IPUIPlugin:80 - create IPUIPlugin
2026-04-16 15:45:41,723 [INFO] IPUIPlugin:80 - create IPUIPlugin
2026-04-16 15:45:41,736 [INFO] ApiDbMcu:532 - Load IP Config File for PDM2PCM
2026-04-16 15:45:41,798 [INFO] CADModel:165 - CPN selected for project levelSTM32F446RET6
2026-04-16 15:45:41,799 [INFO] CADModel:114 - Register for checkConnection events
2026-04-16 15:45:41,850 [INFO] OpenFileManager:386 - Restore cursor
2026-04-16 15:45:42,787 [INFO] UtilMem:75 - End SaveConfig() Used Memory: 771602528 Bytes (1037041664)
2026-04-16 15:45:42,868 [INFO] UtilMem:75 - End SaveConfig() Used Memory: 793096288 Bytes (1037041664)
2026-04-16 15:45:42,896 [ERROR] ConfigurationRetriever:142 - IOException on connection: PKIX path building failed: sun.security.provider.certpath.SunCertPathBuilderException: unable to find valid certification path to requested target
2026-04-16 15:45:42,940 [ERROR] ConfigurationRetriever:142 - IOException on connection: PKIX path building failed: sun.security.provider.certpath.SunCertPathBuilderException: unable to find valid certification path to requested target
2026-04-16 15:45:42,980 [ERROR] ConfigurationRetriever:142 - IOException on connection: PKIX path building failed: sun.security.provider.certpath.SunCertPathBuilderException: unable to find valid certification path to requested target
2026-04-16 15:45:43,114 [INFO] BlockDiagram:2775 - set Specific Code input for plugin: RCC
2026-04-16 15:45:43,114 [INFO] BlockDiagram:2775 - set Specific Code input for plugin: NVIC
2026-04-16 15:45:43,115 [INFO] BlockDiagram:2775 - set Specific Code input for plugin: GPIO
2026-04-16 15:45:43,115 [INFO] CodeGenerator:892 - code generatio: config db path: /Applications/STM32CubeIDE.app/Contents/Eclipse/plugins/com.st.stm32cube.common.mx_6.15.0.202507011659//db/
2026-04-16 15:45:43,226 [INFO] CodeEngine:265 - oldGeneratedFile, /Users/ggpai/Desktop/DMA/workspace/LED_TOOGLE_DMA_IT/MXTmpFiles/license.tmp_save
2026-04-16 15:45:43,473 [INFO] CodeEngine:289 - Generated code: /Users/ggpai/Desktop/DMA/workspace/LED_TOOGLE_DMA_IT/MXTmpFiles/license.tmp
2026-04-16 15:45:43,518 [INFO] CodeEngine:265 - oldGeneratedFile, /Users/ggpai/Desktop/DMA/workspace/LED_TOOGLE_DMA_IT/MXTmpFiles/gpio.tmp_save
2026-04-16 15:45:43,705 [INFO] CodeEngine:289 - Generated code: /Users/ggpai/Desktop/DMA/workspace/LED_TOOGLE_DMA_IT/MXTmpFiles/gpio.tmp
2026-04-16 15:45:43,715 [INFO] CodeEngine:265 - oldGeneratedFile, /Users/ggpai/Desktop/DMA/workspace/LED_TOOGLE_DMA_IT/Core/Src/stm32f4xx_it.c_save
2026-04-16 15:45:43,823 [INFO] CodeEngine:289 - Generated code: /Users/ggpai/Desktop/DMA/workspace/LED_TOOGLE_DMA_IT/Core/Src/stm32f4xx_it.c
2026-04-16 15:45:43,826 [INFO] CodeEngine:265 - oldGeneratedFile, /Users/ggpai/Desktop/DMA/workspace/LED_TOOGLE_DMA_IT/Core/Inc/stm32f4xx_it.h_save
2026-04-16 15:45:43,914 [INFO] CodeEngine:289 - Generated code: /Users/ggpai/Desktop/DMA/workspace/LED_TOOGLE_DMA_IT/Core/Inc/stm32f4xx_it.h
2026-04-16 15:45:43,945 [INFO] CodeEngine:265 - oldGeneratedFile, /Users/ggpai/Desktop/DMA/workspace/LED_TOOGLE_DMA_IT/Core/Src/stm32f4xx_hal_msp.c_save
2026-04-16 15:45:44,082 [INFO] CodeEngine:289 - Generated code: /Users/ggpai/Desktop/DMA/workspace/LED_TOOGLE_DMA_IT/Core/Src/stm32f4xx_hal_msp.c
2026-04-16 15:45:44,086 [INFO] CodeEngine:265 - oldGeneratedFile, /Users/ggpai/Desktop/DMA/workspace/LED_TOOGLE_DMA_IT/MXTmpFiles/system.tmp_save
2026-04-16 15:45:44,181 [INFO] CodeEngine:289 - Generated code: /Users/ggpai/Desktop/DMA/workspace/LED_TOOGLE_DMA_IT/MXTmpFiles/system.tmp
2026-04-16 15:45:44,191 [INFO] CodeEngine:321 - oldGeneratedFile, /Users/ggpai/Desktop/DMA/workspace/LED_TOOGLE_DMA_IT/Core/Inc/stm32f4xx_hal_conf.h_save
2026-04-16 15:45:44,278 [INFO] CodeEngine:345 - Generated code: /Users/ggpai/Desktop/DMA/workspace/LED_TOOGLE_DMA_IT/Core/Inc/stm32f4xx_hal_conf.h
2026-04-16 15:45:44,316 [WARN] IPConfigManager:3238 - Warning: the RefConfig PLL2P_FOR_MCO is not available in your config.xml file
2026-04-16 15:45:44,326 [INFO] ApiDbMcu:532 - Load IP Config File for RCC
2026-04-16 15:45:44,334 [INFO] CodeEngine:265 - oldGeneratedFile, /Users/ggpai/Desktop/DMA/workspace/LED_TOOGLE_DMA_IT/Core/Inc/main.h_save
2026-04-16 15:45:44,415 [INFO] CodeEngine:289 - Generated code: /Users/ggpai/Desktop/DMA/workspace/LED_TOOGLE_DMA_IT/Core/Inc/main.h
2026-04-16 15:45:44,418 [INFO] CodeEngine:265 - oldGeneratedFile, /Users/ggpai/Desktop/DMA/workspace/LED_TOOGLE_DMA_IT/Core/Src/main.c_save
2026-04-16 15:45:44,519 [INFO] CodeEngine:289 - Generated code: /Users/ggpai/Desktop/DMA/workspace/LED_TOOGLE_DMA_IT/Core/Src/main.c
2026-04-16 15:45:44,761 [INFO] ProjectBuilder:3606 - Time for Copy HAL[1] : 118mS.
2026-04-16 15:45:44,765 [INFO] ProjectBuilder:5216 - Project Generator version: 4.7.0-B52
2026-04-16 15:45:44,840 [INFO] ConfigFileManager:1595 - The Die is : DIE421
2026-04-16 15:45:44,844 [INFO] ApiDbMcu:532 - Load IP Config File for FATFS
2026-04-16 15:45:44,854 [INFO] ApiDbMcu:532 - Load IP Config File for FREERTOS
2026-04-16 15:45:44,857 [INFO] ApiDbMcu:532 - Load IP Config File for LIBJPEG
2026-04-16 15:45:44,864 [INFO] ApiDbMcu:532 - Load IP Config File for MBEDTLS
2026-04-16 15:45:44,875 [INFO] ApiDbMcu:532 - Load IP Config File for USB_DEVICE
2026-04-16 15:45:44,878 [INFO] ApiDbMcu:532 - Load IP Config File for USB_HOST
2026-04-16 15:45:47,559 [INFO] ProjectBuilder:5496 - Time for Generating toolchain IDE Files: 2793mS.
2026-04-16 15:45:47,561 [INFO] ProjectBuilder:3463 - Time for Copy CMSIS : 1mS.
2026-04-16 15:45:47,562 [INFO] ProjectBuilder:3463 - Time for Copy CMSIS : 0mS.
2026-04-16 15:45:48,194 [ERROR] ConfigurationRetriever:142 - IOException on connection: PKIX path building failed: sun.security.provider.certpath.SunCertPathBuilderException: unable to find valid certification path to requested target
2026-04-16 15:45:48,240 [ERROR] ConfigurationRetriever:142 - IOException on connection: PKIX path building failed: sun.security.provider.certpath.SunCertPathBuilderException: unable to find valid certification path to requested target
2026-04-16 15:45:48,255 [INFO] McuFinderGlobals:76 - Set McuFinderConnectedMode to true
2026-04-16 15:45:48,259 [INFO] ApiDb:448 - Save user favorites file /Users/ggpai/.stm32cubeide/favorites.mcus.txt: 0 item(s)
2026-04-16 15:45:48,259 [INFO] ApiDb:452 - User favorites MCUs=[]
2026-04-16 15:45:48,264 [INFO] ApiDb:448 - Save user favorites file /Users/ggpai/.stm32cubeide/favorites.boards.txt: 1 item(s)
2026-04-16 15:45:48,264 [INFO] ApiDb:452 - User favorites Boards=[STM32F407G-DISC1]
2026-04-16 15:45:48,900 [ERROR] ConfigurationRetriever:142 - IOException on connection: PKIX path building failed: sun.security.provider.certpath.SunCertPathBuilderException: unable to find valid certification path to requested target
2026-04-16 15:46:54,582 [INFO] Gpio:278 - dependency for GPIO []
2026-04-16 15:47:42,396 [INFO] Gpio:278 - dependency for GPIO []
2026-04-16 15:47:47,521 [INFO] UtilMem:75 - End SaveConfig() Used Memory: 903464840 Bytes (1073741824)
2026-04-16 15:47:47,883 [ERROR] ConfigurationRetriever:142 - IOException on connection: PKIX path building failed: sun.security.provider.certpath.SunCertPathBuilderException: unable to find valid certification path to requested target
2026-04-16 15:47:47,931 [ERROR] ConfigurationRetriever:142 - IOException on connection: PKIX path building failed: sun.security.provider.certpath.SunCertPathBuilderException: unable to find valid certification path to requested target
2026-04-16 15:47:47,969 [ERROR] ConfigurationRetriever:142 - IOException on connection: PKIX path building failed: sun.security.provider.certpath.SunCertPathBuilderException: unable to find valid certification path to requested target
2026-04-16 15:47:57,766 [INFO] UtilMem:75 - End SaveConfig() Used Memory: 992593800 Bytes (1073741824)
2026-04-16 15:47:57,893 [ERROR] ConfigurationRetriever:142 - IOException on connection: PKIX path building failed: sun.security.provider.certpath.SunCertPathBuilderException: unable to find valid certification path to requested target
2026-04-16 15:47:58,336 [ERROR] ConfigurationRetriever:142 - IOException on connection: PKIX path building failed: sun.security.provider.certpath.SunCertPathBuilderException: unable to find valid certification path to requested target
2026-04-16 15:47:58,616 [ERROR] ConfigurationRetriever:142 - IOException on connection: PKIX path building failed: sun.security.provider.certpath.SunCertPathBuilderException: unable to find valid certification path to requested target
2026-04-16 15:47:59,057 [INFO] BlockDiagram:2775 - set Specific Code input for plugin: RCC
2026-04-16 15:47:59,058 [INFO] BlockDiagram:2775 - set Specific Code input for plugin: NVIC
2026-04-16 15:47:59,058 [INFO] BlockDiagram:2775 - set Specific Code input for plugin: DMA
2026-04-16 15:47:59,058 [INFO] BlockDiagram:2775 - set Specific Code input for plugin: GPIO
2026-04-16 15:47:59,061 [INFO] CodeGenerator:892 - code generatio: config db path: /Applications/STM32CubeIDE.app/Contents/Eclipse/plugins/com.st.stm32cube.common.mx_6.15.0.202507011659//db/
2026-04-16 15:47:59,273 [INFO] CodeEngine:265 - oldGeneratedFile, /Users/ggpai/Desktop/DMA/workspace/LED_TOOGLE_DMA_IT/MXTmpFiles/license.tmp_save
2026-04-16 15:47:59,438 [INFO] CodeEngine:289 - Generated code: /Users/ggpai/Desktop/DMA/workspace/LED_TOOGLE_DMA_IT/MXTmpFiles/license.tmp
2026-04-16 15:47:59,481 [INFO] CodeEngine:265 - oldGeneratedFile, /Users/ggpai/Desktop/DMA/workspace/LED_TOOGLE_DMA_IT/MXTmpFiles/gpio.tmp_save
2026-04-16 15:47:59,566 [INFO] CodeEngine:289 - Generated code: /Users/ggpai/Desktop/DMA/workspace/LED_TOOGLE_DMA_IT/MXTmpFiles/gpio.tmp
2026-04-16 15:47:59,618 [INFO] CodeEngine:265 - oldGeneratedFile, /Users/ggpai/Desktop/DMA/workspace/LED_TOOGLE_DMA_IT/MXTmpFiles/dma.tmp_save
2026-04-16 15:47:59,673 [INFO] CodeEngine:289 - Generated code: /Users/ggpai/Desktop/DMA/workspace/LED_TOOGLE_DMA_IT/MXTmpFiles/dma.tmp
2026-04-16 15:47:59,676 [INFO] CodeEngine:265 - oldGeneratedFile, /Users/ggpai/Desktop/DMA/workspace/LED_TOOGLE_DMA_IT/MXTmpFiles/dma_GV.tmp_save
2026-04-16 15:47:59,718 [INFO] CodeEngine:289 - Generated code: /Users/ggpai/Desktop/DMA/workspace/LED_TOOGLE_DMA_IT/MXTmpFiles/dma_GV.tmp
2026-04-16 15:47:59,726 [INFO] CodeEngine:265 - oldGeneratedFile, /Users/ggpai/Desktop/DMA/workspace/LED_TOOGLE_DMA_IT/Core/Src/stm32f4xx_it.c_save
2026-04-16 15:47:59,806 [INFO] CodeEngine:289 - Generated code: /Users/ggpai/Desktop/DMA/workspace/LED_TOOGLE_DMA_IT/Core/Src/stm32f4xx_it.c
2026-04-16 15:47:59,810 [INFO] CodeEngine:265 - oldGeneratedFile, /Users/ggpai/Desktop/DMA/workspace/LED_TOOGLE_DMA_IT/Core/Inc/stm32f4xx_it.h_save
2026-04-16 15:47:59,859 [INFO] CodeEngine:289 - Generated code: /Users/ggpai/Desktop/DMA/workspace/LED_TOOGLE_DMA_IT/Core/Inc/stm32f4xx_it.h
2026-04-16 15:47:59,877 [INFO] CodeEngine:265 - oldGeneratedFile, /Users/ggpai/Desktop/DMA/workspace/LED_TOOGLE_DMA_IT/Core/Src/stm32f4xx_hal_msp.c_save
2026-04-16 15:47:59,958 [INFO] CodeEngine:289 - Generated code: /Users/ggpai/Desktop/DMA/workspace/LED_TOOGLE_DMA_IT/Core/Src/stm32f4xx_hal_msp.c
2026-04-16 15:47:59,959 [INFO] CodeEngine:265 - oldGeneratedFile, /Users/ggpai/Desktop/DMA/workspace/LED_TOOGLE_DMA_IT/MXTmpFiles/system.tmp_save
2026-04-16 15:48:00,000 [INFO] CodeEngine:289 - Generated code: /Users/ggpai/Desktop/DMA/workspace/LED_TOOGLE_DMA_IT/MXTmpFiles/system.tmp
2026-04-16 15:48:00,007 [INFO] CodeEngine:321 - oldGeneratedFile, /Users/ggpai/Desktop/DMA/workspace/LED_TOOGLE_DMA_IT/Core/Inc/stm32f4xx_hal_conf.h_save
2026-04-16 15:48:00,061 [INFO] CodeEngine:345 - Generated code: /Users/ggpai/Desktop/DMA/workspace/LED_TOOGLE_DMA_IT/Core/Inc/stm32f4xx_hal_conf.h
2026-04-16 15:48:00,081 [WARN] IPConfigManager:3238 - Warning: the RefConfig PLL2P_FOR_MCO is not available in your config.xml file
2026-04-16 15:48:00,090 [INFO] CodeEngine:265 - oldGeneratedFile, /Users/ggpai/Desktop/DMA/workspace/LED_TOOGLE_DMA_IT/Core/Inc/main.h_save
2026-04-16 15:48:00,151 [INFO] CodeEngine:289 - Generated code: /Users/ggpai/Desktop/DMA/workspace/LED_TOOGLE_DMA_IT/Core/Inc/main.h
2026-04-16 15:48:00,154 [INFO] CodeEngine:265 - oldGeneratedFile, /Users/ggpai/Desktop/DMA/workspace/LED_TOOGLE_DMA_IT/Core/Src/main.c_save
2026-04-16 15:48:00,233 [INFO] CodeEngine:289 - Generated code: /Users/ggpai/Desktop/DMA/workspace/LED_TOOGLE_DMA_IT/Core/Src/main.c
2026-04-16 15:48:00,437 [INFO] ProjectBuilder:3606 - Time for Copy HAL[1] : 90mS.
2026-04-16 15:48:00,439 [INFO] ProjectBuilder:5216 - Project Generator version: 4.7.0-B52
2026-04-16 15:48:00,496 [INFO] ConfigFileManager:1595 - The Die is : DIE421
2026-04-16 15:48:01,541 [INFO] ProjectBuilder:5496 - Time for Generating toolchain IDE Files: 1101mS.
2026-04-16 15:48:01,541 [INFO] ProjectBuilder:3463 - Time for Copy CMSIS : 0mS.
2026-04-16 15:48:01,543 [INFO] ProjectBuilder:3463 - Time for Copy CMSIS : 0mS.
2026-04-16 15:48:01,672 [ERROR] ConfigurationRetriever:142 - IOException on connection: PKIX path building failed: sun.security.provider.certpath.SunCertPathBuilderException: unable to find valid certification path to requested target
2026-04-16 15:48:01,742 [ERROR] ConfigurationRetriever:142 - IOException on connection: PKIX path building failed: sun.security.provider.certpath.SunCertPathBuilderException: unable to find valid certification path to requested target
2026-04-16 15:48:01,800 [ERROR] ConfigurationRetriever:142 - IOException on connection: PKIX path building failed: sun.security.provider.certpath.SunCertPathBuilderException: unable to find valid certification path to requested target
2026-04-16 16:21:08,924 [ERROR] ConfigurationRetriever:142 - IOException on connection: PKIX path building failed: sun.security.provider.certpath.SunCertPathBuilderException: unable to find valid certification path to requested target
2026-04-16 16:21:08,971 [ERROR] ConfigurationRetriever:142 - IOException on connection: PKIX path building failed: sun.security.provider.certpath.SunCertPathBuilderException: unable to find valid certification path to requested target
2026-04-16 16:21:09,018 [ERROR] ConfigurationRetriever:142 - IOException on connection: PKIX path building failed: sun.security.provider.certpath.SunCertPathBuilderException: unable to find valid certification path to requested target
2026-04-16 16:21:19,816 [ERROR] ConfigurationRetriever:142 - IOException on connection: PKIX path building failed: sun.security.provider.certpath.SunCertPathBuilderException: unable to find valid certification path to requested target
2026-04-16 16:21:19,873 [ERROR] ConfigurationRetriever:142 - IOException on connection: PKIX path building failed: sun.security.provider.certpath.SunCertPathBuilderException: unable to find valid certification path to requested target
2026-04-16 16:21:19,988 [ERROR] ConfigurationRetriever:142 - IOException on connection: PKIX path building failed: sun.security.provider.certpath.SunCertPathBuilderException: unable to find valid certification path to requested target
2026-04-16 16:33:57,965 [ERROR] ConfigurationRetriever:142 - IOException on connection: PKIX path building failed: sun.security.provider.certpath.SunCertPathBuilderException: unable to find valid certification path to requested target
2026-04-16 16:33:58,012 [ERROR] ConfigurationRetriever:142 - IOException on connection: PKIX path building failed: sun.security.provider.certpath.SunCertPathBuilderException: unable to find valid certification path to requested target
2026-04-16 16:33:58,061 [ERROR] ConfigurationRetriever:142 - IOException on connection: PKIX path building failed: sun.security.provider.certpath.SunCertPathBuilderException: unable to find valid certification path to requested target
2026-04-16 16:33:59,188 [INFO] LogOutputStream:77 - [STDOUT_REDIRECT] ***WARNING: Display must be created on main thread due to Cocoa restrictions. Use vmarg -XstartOnFirstThread
2026-04-16 16:33:59,209 [INFO] LogOutputStream:77 - [STDOUT_REDIRECT] ***WARNING: Display must be created on main thread due to Cocoa restrictions. Use vmarg -XstartOnFirstThread
2026-04-16 16:33:59,288 [INFO] LogOutputStream:77 - [STDOUT_REDIRECT] ***WARNING: Display must be created on main thread due to Cocoa restrictions. Use vmarg -XstartOnFirstThread
2026-04-16 18:38:19,610 [INFO] Activator:176 - 


2026-04-16 18:38:19,612 [INFO] Activator:177 - !SESSION log4j initialized
2026-04-16 18:38:26,766 [INFO] LogOutputStream:77 - [STDOUT_REDIRECT] 
2026-04-16 18:38:27,290 [ERROR] LogOutputStream:75 - [STDERR_REDIRECT] 
2026-04-16 18:38:28,573 [INFO] LogOutputStream:77 - [STDOUT_REDIRECT] 
2026-04-16 18:38:29,960 [ERROR] ConfigurationRetriever:142 - IOException on connection: PKIX path building failed: sun.security.provider.certpath.SunCertPathBuilderException: unable to find valid certification path to requested target
2026-04-16 18:38:30,003 [ERROR] ConfigurationRetriever:142 - IOException on connection: PKIX path building failed: sun.security.provider.certpath.SunCertPathBuilderException: unable to find valid certification path to requested target
2026-04-16 18:38:30,049 [ERROR] ConfigurationRetriever:142 - IOException on connection: PKIX path building failed: sun.security.provider.certpath.SunCertPathBuilderException: unable to find valid certification path to requested target
2026-04-16 18:38:30,311 [INFO] ApplicationProperties:184 - Using Application install path: /Applications/STM32CubeIDE.app/Contents/Eclipse/plugins/com.st.stm32cube.common.mx_6.15.0.202507011659
2026-04-16 18:38:30,325 [INFO] DbMcusXml:78 - Set database path to: /Applications/STM32CubeIDE.app/Contents/Eclipse/plugins/com.st.stm32cube.common.mx_6.15.0.202507011659//db//mcu/
2026-04-16 18:38:30,325 [INFO] ApiDb:274 - Set plugin database path to: /Applications/STM32CubeIDE.app/Contents/Eclipse/plugins/com.st.stm32cube.common.mx_6.15.0.202507011659//db//plugins/boardmanager/
2026-04-16 18:38:30,326 [WARN] ApiDb:259 - Overriding images path with different value:  => /Applications/STM32CubeIDE.app/Contents/Eclipse/plugins/com.st.stm32cube.common.mx_6.15.0.202507011659//db//plugins/mcufinder/images/
2026-04-16 18:38:30,332 [INFO] ApiDb:250 - Set database path to: /Users/ggpai/.stmcufinder/plugins/mcufinder//mcu/
2026-04-16 18:38:30,332 [INFO] DbMcusAds:125 - Set database path to: /Users/ggpai/.stmcufinder/plugins/mcufinder//mcu/
2026-04-16 18:38:30,334 [INFO] CrossReferenceDbSqlite:203 - Set database path to: /Users/ggpai/.stmcufinder/plugins/mcufinder//mcu/cs/
2026-04-16 18:38:30,466 [INFO] RulesReader:64 - Compatibility file has been processed (317 Rules)
2026-04-16 18:38:30,516 [INFO] DbMcusXml:78 - Set database path to: /Applications/STM32CubeIDE.app/Contents/Eclipse/plugins/com.st.stm32cube.common.mx_6.15.0.202507011659//db//mcu/
2026-04-16 18:38:30,517 [INFO] ApiDb:274 - Set plugin database path to: /Applications/STM32CubeIDE.app/Contents/Eclipse/plugins/com.st.stm32cube.common.mx_6.15.0.202507011659//db//plugins/boardmanager/
2026-04-16 18:38:30,517 [INFO] ApiDb:261 - Set plugin images path to: /Applications/STM32CubeIDE.app/Contents/Eclipse/plugins/com.st.stm32cube.common.mx_6.15.0.202507011659//db//plugins/mcufinder/images/
2026-04-16 18:38:30,517 [WARN] DbFile:41 - Overriding database path with different value: /Users/ggpai/.stmcufinder/plugins/mcufinder/ => /Users/ggpai/.stmcufinder/plugins/mcufinder
2026-04-16 18:38:30,517 [INFO] ApiDb:250 - Set database path to: /Users/ggpai/.stmcufinder/plugins/mcufinder//mcu/
2026-04-16 18:38:30,517 [WARN] DbFile:41 - Overriding database path with different value: /Users/ggpai/.stmcufinder/plugins/mcufinder/ => /Users/ggpai/.stmcufinder/plugins/mcufinder
2026-04-16 18:38:30,517 [INFO] DbMcusAds:125 - Set database path to: /Users/ggpai/.stmcufinder/plugins/mcufinder//mcu/
2026-04-16 18:38:30,517 [WARN] DbFile:41 - Overriding database path with different value: /Users/ggpai/.stmcufinder/plugins/mcufinder/ => /Users/ggpai/.stmcufinder/plugins/mcufinder
2026-04-16 18:38:30,517 [WARN] DbFile:41 - Overriding database path with different value: /Users/ggpai/.stmcufinder/plugins/mcufinder/ => /Users/ggpai/.stmcufinder/plugins/mcufinder
2026-04-16 18:38:30,517 [INFO] CrossReferenceDbSqlite:203 - Set database path to: /Users/ggpai/.stmcufinder/plugins/mcufinder//mcu/cs/
2026-04-16 18:38:30,574 [INFO] MainPanel:274 - HeapMemory: 268435456
2026-04-16 18:38:30,959 [INFO] DbMcusXml:78 - Set database path to: /Applications/STM32CubeIDE.app/Contents/Eclipse/plugins/com.st.stm32cube.common.mx_6.15.0.202507011659//db//mcu/
2026-04-16 18:38:30,960 [INFO] ApiDb:274 - Set plugin database path to: /Applications/STM32CubeIDE.app/Contents/Eclipse/plugins/com.st.stm32cube.common.mx_6.15.0.202507011659//db//plugins/boardmanager/
2026-04-16 18:38:30,960 [INFO] ApiDb:261 - Set plugin images path to: /Applications/STM32CubeIDE.app/Contents/Eclipse/plugins/com.st.stm32cube.common.mx_6.15.0.202507011659//db//plugins/mcufinder/images/
2026-04-16 18:38:30,960 [WARN] DbFile:41 - Overriding database path with different value: /Users/ggpai/.stmcufinder/plugins/mcufinder/ => /Users/ggpai/.stmcufinder/plugins/mcufinder
2026-04-16 18:38:30,960 [INFO] ApiDb:250 - Set database path to: /Users/ggpai/.stmcufinder/plugins/mcufinder//mcu/
2026-04-16 18:38:30,960 [WARN] DbFile:41 - Overriding database path with different value: /Users/ggpai/.stmcufinder/plugins/mcufinder/ => /Users/ggpai/.stmcufinder/plugins/mcufinder
2026-04-16 18:38:30,960 [INFO] DbMcusAds:125 - Set database path to: /Users/ggpai/.stmcufinder/plugins/mcufinder//mcu/
2026-04-16 18:38:30,960 [WARN] DbFile:41 - Overriding database path with different value: /Users/ggpai/.stmcufinder/plugins/mcufinder/ => /Users/ggpai/.stmcufinder/plugins/mcufinder
2026-04-16 18:38:30,961 [WARN] DbFile:41 - Overriding database path with different value: /Users/ggpai/.stmcufinder/plugins/mcufinder/ => /Users/ggpai/.stmcufinder/plugins/mcufinder
2026-04-16 18:38:30,961 [INFO] CrossReferenceDbSqlite:203 - Set database path to: /Users/ggpai/.stmcufinder/plugins/mcufinder//mcu/cs/
2026-04-16 18:38:30,976 [INFO] ApplicationProperties:184 - Using Application install path: /Applications/STM32CubeIDE.app/Contents/Eclipse/plugins/com.st.stm32cube.common.mx_6.15.0.202507011659
2026-04-16 18:38:30,977 [INFO] PluginManage:196 - Search for loadable plugins [exclusion list=, ]
2026-04-16 18:38:30,979 [INFO] PluginManage:310 - Check plugin analytics
2026-04-16 18:38:31,137 [INFO] AnalyticsPlugin:253 - Accepted Software Licenses: STM32CubeMX.6.17.0
2026-04-16 18:38:31,138 [INFO] AnalyticsPlugin:255 - Accepted CMSIS Pack Licenses: 
2026-04-16 18:38:31,138 [INFO] AnalyticsPlugin:257 - Accepted Firmware Licenses: 
2026-04-16 18:38:31,150 [INFO] PluginManage:359 - Loaded plugin analytics (category:tool,tabindex:-1)
2026-04-16 18:38:31,151 [INFO] PluginManage:310 - Check plugin cadmodel
2026-04-16 18:38:31,161 [INFO] CADModel:105 - Init CAD model plugin
2026-04-16 18:38:31,161 [INFO] PluginManage:359 - Loaded plugin cadmodel (category:power,tabindex:5)
2026-04-16 18:38:31,161 [INFO] PluginManage:310 - Check plugin clock
2026-04-16 18:38:31,169 [INFO] PluginManage:359 - Loaded plugin clock (category:base,tabindex:2)
2026-04-16 18:38:31,169 [INFO] PluginManage:310 - Check plugin ddr
2026-04-16 18:38:31,171 [INFO] PluginManage:359 - Loaded plugin ddr (category:tool,tabindex:6)
2026-04-16 18:38:31,171 [INFO] PluginManage:310 - Check plugin filemanager
2026-04-16 18:38:31,193 [ERROR] ConfigurationRetriever:142 - IOException on connection: PKIX path building failed: sun.security.provider.certpath.SunCertPathBuilderException: unable to find valid certification path to requested target
2026-04-16 18:38:31,234 [ERROR] ConfigurationRetriever:142 - IOException on connection: PKIX path building failed: sun.security.provider.certpath.SunCertPathBuilderException: unable to find valid certification path to requested target
2026-04-16 18:38:31,276 [ERROR] ConfigurationRetriever:142 - IOException on connection: PKIX path building failed: sun.security.provider.certpath.SunCertPathBuilderException: unable to find valid certification path to requested target
2026-04-16 18:38:31,316 [INFO] PluginManage:359 - Loaded plugin filemanager (category:base,tabindex:10)
2026-04-16 18:38:31,316 [INFO] PluginManage:310 - Check plugin ipmanager
2026-04-16 18:38:31,326 [INFO] PluginManage:359 - Loaded plugin ipmanager (category:base,tabindex:5)
2026-04-16 18:38:31,326 [INFO] PluginManage:310 - Check plugin lpbam
2026-04-16 18:38:31,334 [INFO] PluginManage:359 - Loaded plugin lpbam (category:base,tabindex:0)
2026-04-16 18:38:31,334 [INFO] PluginManage:310 - Check plugin memorymap
2026-04-16 18:38:31,341 [INFO] PluginManage:359 - Loaded plugin memorymap (category:base,tabindex:4)
2026-04-16 18:38:31,341 [INFO] PluginManage:310 - Check plugin pinoutandconfiguration
2026-04-16 18:38:31,347 [INFO] PluginManage:359 - Loaded plugin pinoutandconfiguration (category:base,tabindex:1)
2026-04-16 18:38:31,348 [INFO] PluginManage:310 - Check plugin pinoutconfig
2026-04-16 18:38:31,423 [WARN] SupportedApi:132 - Cannot load RTOS API schema: s4s-elt-must-match.1: The content of 'definitions' must match (annotation?, (simpleType | complexType)?, (unique | key | keyref)*)). A problem was found starting at: attribute.
2026-04-16 18:38:31,561 [INFO] PluginManage:359 - Loaded plugin pinoutconfig (category:base,tabindex:0)
2026-04-16 18:38:31,561 [INFO] PluginManage:310 - Check plugin power
2026-04-16 18:38:31,570 [INFO] PluginManage:359 - Loaded plugin power (category:power,tabindex:4)
2026-04-16 18:38:31,570 [INFO] PluginManage:310 - Check plugin projectmanager
2026-04-16 18:38:31,593 [INFO] PluginManage:359 - Loaded plugin projectmanager (category:projectmanager,tabindex:4)
2026-04-16 18:38:31,593 [INFO] PluginManage:310 - Check plugin rif
2026-04-16 18:38:31,599 [INFO] PluginManage:359 - Loaded plugin rif (category:base,tabindex:3)
2026-04-16 18:38:31,600 [INFO] PluginManage:310 - Check plugin thirdparty
2026-04-16 18:38:31,736 [INFO] PluginManage:359 - Loaded plugin thirdparty (category:base,tabindex:-1)
2026-04-16 18:38:31,736 [WARN] IntegrityCheckThread:84 - waiting for thirdparty lock release [integrity check]
2026-04-16 18:38:31,736 [INFO] IntegrityCheckThread:86 - entering critical section [integrity check]
2026-04-16 18:38:31,736 [INFO] PluginManage:310 - Check plugin tools
2026-04-16 18:38:31,737 [INFO] ThirdPartyUpdaterWithRetryManager:70 - Updater plugin not ready yet. [1/15]
2026-04-16 18:38:31,739 [INFO] PluginManage:359 - Loaded plugin tools (category:base,tabindex:7)
2026-04-16 18:38:31,739 [INFO] PluginManage:310 - Check plugin tutovideos
2026-04-16 18:38:31,914 [INFO] PluginManage:359 - Loaded plugin tutovideos (category:base,tabindex:-1)
2026-04-16 18:38:31,915 [INFO] PluginManage:310 - Check plugin updater
2026-04-16 18:38:31,940 [INFO] PluginManage:359 - Loaded plugin updater (category:base,tabindex:12)
2026-04-16 18:38:31,940 [INFO] PluginManage:310 - Check plugin userauth
2026-04-16 18:38:31,944 [INFO] UserAuth:118 - Init User Auth plugin
2026-04-16 18:38:31,944 [INFO] PluginManage:359 - Loaded plugin userauth (category:base,tabindex:14)
2026-04-16 18:38:31,945 [INFO] PluginManage:283 - PluginManage : Loaded plugins [18]
2026-04-16 18:38:32,144 [INFO] PinOutPanel:1589 - setPackage(No Configuration,No Configuration)
2026-04-16 18:38:32,216 [INFO] CADModel:165 - CPN selected for project level
2026-04-16 18:38:32,217 [INFO] CADModel:114 - Register for checkConnection events
2026-04-16 18:38:32,228 [INFO] IPUIPlugin:80 - create IPUIPlugin
2026-04-16 18:38:32,228 [INFO] PluginManager:220 - loadIPPluginJar : add mdma
2026-04-16 18:38:32,234 [INFO] IPUIPlugin:80 - create IPUIPlugin
2026-04-16 18:38:32,234 [INFO] PluginManager:220 - loadIPPluginJar : add freertos
2026-04-16 18:38:32,238 [INFO] IPUIPlugin:80 - create IPUIPlugin
2026-04-16 18:38:32,238 [INFO] PluginManager:220 - loadIPPluginJar : add gic
2026-04-16 18:38:32,245 [INFO] IPUIPlugin:80 - create IPUIPlugin
2026-04-16 18:38:32,245 [INFO] PluginManager:220 - loadIPPluginJar : add adc
2026-04-16 18:38:32,247 [INFO] IPUIPlugin:80 - create IPUIPlugin
2026-04-16 18:38:32,247 [INFO] PluginManager:220 - loadIPPluginJar : add gtzc
2026-04-16 18:38:32,248 [INFO] IPUIPlugin:80 - create IPUIPlugin
2026-04-16 18:38:32,248 [INFO] PluginManager:220 - loadIPPluginJar : add quadspi
2026-04-16 18:38:32,249 [INFO] IPUIPlugin:80 - create IPUIPlugin
2026-04-16 18:38:32,249 [INFO] PluginManager:220 - loadIPPluginJar : add aes
2026-04-16 18:38:32,250 [INFO] IPUIPlugin:80 - create IPUIPlugin
2026-04-16 18:38:32,251 [INFO] PluginManager:220 - loadIPPluginJar : add pdm2pcm
2026-04-16 18:38:32,252 [INFO] IPUIPlugin:80 - create IPUIPlugin
2026-04-16 18:38:32,252 [INFO] PluginManager:220 - loadIPPluginJar : add hash
2026-04-16 18:38:32,253 [INFO] IPUIPlugin:80 - create IPUIPlugin
2026-04-16 18:38:32,253 [INFO] PluginManager:220 - loadIPPluginJar : add tim
2026-04-16 18:38:32,254 [INFO] IPUIPlugin:80 - create IPUIPlugin
2026-04-16 18:38:32,254 [INFO] PluginManager:220 - loadIPPluginJar : add tsc
2026-04-16 18:38:32,256 [INFO] IPUIPlugin:80 - create IPUIPlugin
2026-04-16 18:38:32,256 [INFO] PluginManager:220 - loadIPPluginJar : add extmemmanager
2026-04-16 18:38:32,257 [INFO] IPUIPlugin:80 - create IPUIPlugin
2026-04-16 18:38:32,257 [INFO] PluginManager:220 - loadIPPluginJar : add ts
2026-04-16 18:38:32,257 [INFO] IPUIPlugin:80 - create IPUIPlugin
2026-04-16 18:38:32,258 [INFO] PluginManager:220 - loadIPPluginJar : add radio
2026-04-16 18:38:32,259 [INFO] IPUIPlugin:80 - create IPUIPlugin
2026-04-16 18:38:32,259 [INFO] PluginManager:220 - loadIPPluginJar : add can
2026-04-16 18:38:32,260 [INFO] IPUIPlugin:80 - create IPUIPlugin
2026-04-16 18:38:32,260 [INFO] PluginManager:220 - loadIPPluginJar : add dma3
2026-04-16 18:38:32,261 [INFO] IPUIPlugin:80 - create IPUIPlugin
2026-04-16 18:38:32,261 [INFO] PluginManager:220 - loadIPPluginJar : add dfsdm
2026-04-16 18:38:32,263 [INFO] IPUIPlugin:80 - create IPUIPlugin
2026-04-16 18:38:32,263 [INFO] PluginManager:220 - loadIPPluginJar : add spi
2026-04-16 18:38:32,264 [INFO] IPUIPlugin:80 - create IPUIPlugin
2026-04-16 18:38:32,264 [INFO] PluginManager:220 - loadIPPluginJar : add gfxmmu
2026-04-16 18:38:32,265 [INFO] IPUIPlugin:80 - create IPUIPlugin
2026-04-16 18:38:32,265 [INFO] PluginManager:220 - loadIPPluginJar : add genericplugin
2026-04-16 18:38:32,267 [INFO] IPUIPlugin:80 - create IPUIPlugin
2026-04-16 18:38:32,267 [INFO] PluginManager:220 - loadIPPluginJar : add cryp
2026-04-16 18:38:32,271 [INFO] IPUIPlugin:80 - create IPUIPlugin
2026-04-16 18:38:32,271 [INFO] PluginManager:220 - loadIPPluginJar : add gpio
2026-04-16 18:38:32,273 [INFO] IPUIPlugin:80 - create IPUIPlugin
2026-04-16 18:38:32,274 [INFO] PluginManager:220 - loadIPPluginJar : add ddr_ctrl_phy
2026-04-16 18:38:32,276 [INFO] IPUIPlugin:80 - create IPUIPlugin
2026-04-16 18:38:32,276 [INFO] PluginManager:220 - loadIPPluginJar : add comp
2026-04-16 18:38:32,277 [INFO] IPUIPlugin:80 - create IPUIPlugin
2026-04-16 18:38:32,277 [INFO] PluginManager:220 - loadIPPluginJar : add tracer_emb
2026-04-16 18:38:32,278 [INFO] IPUIPlugin:80 - create IPUIPlugin
2026-04-16 18:38:32,278 [INFO] PluginManager:220 - loadIPPluginJar : add openamp
2026-04-16 18:38:32,283 [INFO] IPUIPlugin:80 - create IPUIPlugin
2026-04-16 18:38:32,283 [INFO] PluginManager:220 - loadIPPluginJar : add stm32_wpan
2026-04-16 18:38:32,286 [INFO] IPUIPlugin:80 - create IPUIPlugin
2026-04-16 18:38:32,288 [INFO] PluginManager:220 - loadIPPluginJar : add plateformsettings
2026-04-16 18:38:32,289 [INFO] IPUIPlugin:80 - create IPUIPlugin
2026-04-16 18:38:32,289 [INFO] PluginManager:220 - loadIPPluginJar : add ipddr
2026-04-16 18:38:32,291 [INFO] IPUIPlugin:80 - create IPUIPlugin
2026-04-16 18:38:32,291 [INFO] PluginManager:220 - loadIPPluginJar : add usart
2026-04-16 18:38:32,291 [INFO] IPUIPlugin:80 - create IPUIPlugin
2026-04-16 18:38:32,291 [INFO] PluginManager:220 - loadIPPluginJar : add ltdc
2026-04-16 18:38:32,293 [INFO] IPUIPlugin:80 - create IPUIPlugin
2026-04-16 18:38:32,293 [INFO] PluginManager:220 - loadIPPluginJar : add nvic
2026-04-16 18:38:32,294 [INFO] IPUIPlugin:80 - create IPUIPlugin
2026-04-16 18:38:32,294 [INFO] PluginManager:220 - loadIPPluginJar : add fatfs
2026-04-16 18:38:32,298 [INFO] IPUIPlugin:80 - create IPUIPlugin
2026-04-16 18:38:32,298 [INFO] PluginManager:220 - loadIPPluginJar : add linkedlist
2026-04-16 18:38:32,300 [INFO] IPUIPlugin:80 - create IPUIPlugin
2026-04-16 18:38:32,301 [INFO] PluginManager:220 - loadIPPluginJar : add dma
2026-04-16 18:38:32,303 [INFO] IPUIPlugin:80 - create IPUIPlugin
2026-04-16 18:38:32,303 [INFO] PluginManager:220 - loadIPPluginJar : add fmc
2026-04-16 18:38:32,304 [INFO] IPUIPlugin:80 - create IPUIPlugin
2026-04-16 18:38:32,304 [INFO] PluginManager:220 - loadIPPluginJar : add i2s
2026-04-16 18:38:32,305 [INFO] IPUIPlugin:80 - create IPUIPlugin
2026-04-16 18:38:32,305 [INFO] PluginManager:220 - loadIPPluginJar : add ucpd
2026-04-16 18:38:32,307 [INFO] IPUIPlugin:80 - create IPUIPlugin
2026-04-16 18:38:32,307 [INFO] PluginManager:220 - loadIPPluginJar : add lorawan
2026-04-16 18:38:32,308 [INFO] IPUIPlugin:80 - create IPUIPlugin
2026-04-16 18:38:32,308 [INFO] PluginManager:220 - loadIPPluginJar : add opamp
2026-04-16 18:38:32,310 [INFO] IPUIPlugin:80 - create IPUIPlugin
2026-04-16 18:38:32,310 [INFO] PluginManager:220 - loadIPPluginJar : add i3c
2026-04-16 18:38:32,311 [INFO] IPUIPlugin:80 - create IPUIPlugin
2026-04-16 18:38:32,311 [INFO] PluginManager:220 - loadIPPluginJar : add touchsensing
2026-04-16 18:38:32,313 [INFO] IPUIPlugin:80 - create IPUIPlugin
2026-04-16 18:38:32,313 [INFO] PluginManager:220 - loadIPPluginJar : add i2c
2026-04-16 18:38:32,314 [INFO] IPUIPlugin:80 - create IPUIPlugin
2026-04-16 18:38:32,315 [INFO] PluginManager:220 - loadIPPluginJar : add resmgrutility
2026-04-16 18:38:32,316 [INFO] IPUIPlugin:80 - create IPUIPlugin
2026-04-16 18:38:32,316 [INFO] PluginManager:220 - loadIPPluginJar : add sai
2026-04-16 18:38:32,318 [INFO] IPUIPlugin:80 - create IPUIPlugin
2026-04-16 18:38:32,318 [INFO] PluginManager:220 - loadIPPluginJar : add usbx
2026-04-16 18:38:32,432 [FATAL] Updater:351 - Updater called before beeing initialized
2026-04-16 18:38:32,473 [INFO] RulesReader:64 - Compatibility file has been processed (317 Rules)
2026-04-16 18:38:32,485 [INFO] RulesReader:64 - Compatibility file has been processed (317 Rules)
2026-04-16 18:38:32,498 [INFO] CADModel:165 - CPN selected for project level
2026-04-16 18:38:32,498 [INFO] CADModel:114 - Register for checkConnection events
2026-04-16 18:38:32,499 [FATAL] Updater:351 - Updater called before beeing initialized
2026-04-16 18:38:32,499 [ERROR] CADModel:125 - Updater not yet initialized, retry later 
2026-04-16 18:38:32,711 [FATAL] Updater:351 - Updater called before beeing initialized
2026-04-16 18:38:32,713 [INFO] CADModel:165 - CPN selected for project level
2026-04-16 18:38:32,713 [INFO] CADModel:114 - Register for checkConnection events
2026-04-16 18:38:32,713 [FATAL] Updater:351 - Updater called before beeing initialized
2026-04-16 18:38:32,713 [ERROR] CADModel:125 - Updater not yet initialized, retry later 
2026-04-16 18:38:32,716 [FATAL] Updater:351 - Updater called before beeing initialized
2026-04-16 18:38:32,891 [FATAL] Updater:351 - Updater called before beeing initialized
2026-04-16 18:38:32,896 [INFO] DbMcusAds:53 - JSON generation date=Thu Sep 30 12:25:09 IST 2021 (1632984909247)
2026-04-16 18:38:32,897 [FATAL] Updater:351 - Updater called before beeing initialized
2026-04-16 18:38:32,945 [WARN] DetailPanel:346 - Failed to get advertising image, set to default
2026-04-16 18:38:33,011 [FATAL] Updater:351 - Updater called before beeing initialized
2026-04-16 18:38:33,013 [FATAL] Updater:351 - Updater called before beeing initialized
2026-04-16 18:38:33,013 [FATAL] Updater:351 - Updater called before beeing initialized
2026-04-16 18:38:33,013 [WARN] DetailPanel:346 - Failed to get advertising image, set to default
2026-04-16 18:38:33,014 [FATAL] Updater:351 - Updater called before beeing initialized
2026-04-16 18:38:33,059 [ERROR] Updater:1198 - MainUpdater not yet initialized. External WinMGr cannot be set.
2026-04-16 18:38:33,061 [INFO] Updater:1134 - Updater Version found : 6.15.0
2026-04-16 18:38:33,073 [INFO] ApplicationProperties:184 - Using Application install path: /Applications/STM32CubeIDE.app/Contents/Eclipse/plugins/com.st.stm32cube.common.mx_6.15.0.202507011659
2026-04-16 18:38:33,353 [INFO] MainUpdater:2872 - connection check result : 22
2026-04-16 18:38:33,353 [INFO] MainUpdater:289 - Updater Check For Update Now.
2026-04-16 18:38:33,354 [INFO] MicroXplorer:498 - Change Database Version : DB.6.0.150
2026-04-16 18:38:33,359 [INFO] McuFinderGlobals:63 - Set McuFinder mode to 2 (CubeIDE integrated)
2026-04-16 18:38:33,359 [INFO] UserAuth:171 - activating auth plugin
2026-04-16 18:38:33,368 [INFO] UserAuth:487 - Internet connection configuration mode: 2
2026-04-16 18:38:33,400 [INFO] UserAuth:487 - Internet connection configuration mode: 2
2026-04-16 18:38:33,611 [INFO] CheckServerUpdateThread:120 - End of CheckServer Thread
2026-04-16 18:38:34,868 [INFO] ThirdParty:978 - Integrity check success = true
2026-04-16 18:38:34,868 [INFO] IntegrityCheckThread:100 - exiting critical section [integrity check]
2026-04-16 18:38:34,868 [INFO] IntegrityCheckThread:103 - End integrity checks thread
2026-04-16 18:56:43,287 [INFO] McuFinderGlobals:63 - Set McuFinder mode to 2 (CubeIDE integrated)
2026-04-16 18:56:44,777 [INFO] ApiDb:581 - Connected to CubeFinder SQLite database (/Users/ggpai/.stmcufinder/plugins/mcufinder/mcu/cube-finder-db.db)
2026-04-16 18:56:44,848 [INFO] ApiDb:668 - CubeFinder database Data Model version=2.1
2026-04-16 18:56:44,849 [INFO] ApiDb:669 - CubeFinder database Configuration version=3.0.42
2026-04-16 18:56:44,856 [INFO] ApiDb:670 - CubeFinder database generation date=2026-02-13 (1770995876)
2026-04-16 18:56:44,856 [INFO] ApiDb:671 - CubeFinder database FW Pack versions=[FP-ATR-ASTRA1_V2.0.0, FP-SNS-FLIGHT1_V5.1.0, FP-SNS-MOTENV1_V5.1.0, FP-SNS-MOTENVWB1_V1.4.0, FP-SNS-SMARTAG2_V1.2.0, FP-SNS-STBOX1_V2.1.0, STM32Cube_FW_C0_V1.4.0, STM32Cube_FW_F4_V1.28.3, STM32Cube_FW_F7_V1.17.4, STM32Cube_FW_G0_V1.6.2, STM32Cube_FW_G4_V1.6.1, STM32Cube_FW_H5_V1.6.0, STM32Cube_FW_H7RS_V1.3.0, STM32Cube_FW_H7_V1.13.0, STM32Cube_FW_L0_V1.12.2, STM32Cube_FW_L4_V1.18.2, STM32Cube_FW_L5_V1.6.0, STM32Cube_FW_N6_V1.3.0, STM32Cube_FW_U0_V1.3.0, STM32Cube_FW_U3_V1.3.0, STM32Cube_FW_U5_V1.8.0, STM32Cube_FW_WB0_V1.4.0, STM32Cube_FW_WBA_V1.9.0, STM32Cube_FW_WB_V1.24.0, STM32Cube_FW_WL3_V1.4.0, STM32Cube_FW_WL_V1.5.0, X-CUBE-ALGOBUILD_V1.4.0, X-CUBE-ALS_V1.0.2, X-CUBE-AZRTOS-F4_V1.1.0, X-CUBE-AZRTOS-F7_V1.1.0, X-CUBE-AZRTOS-G0_V1.1.0, X-CUBE-AZRTOS-G4_V2.0.0, X-CUBE-AZRTOS-H7RS_V1.1.0, X-CUBE-AZRTOS-H7_V3.4.0, X-CUBE-AZRTOS-L4_V2.0.0, X-CUBE-AZRTOS-L5_V2.0.0, X-CUBE-AZRTOS-WB_V2.0.0, X-CUBE-AZRTOS-WL_V2.0.0, X-CUBE-BLE1_V7.1.0, X-CUBE-BLE2_V3.3.0, X-CUBE-BLEMGR_V4.1.0, X-CUBE-EEPRMA1_V5.2.0, X-CUBE-FREERTOS_V1.3.1, X-CUBE-GNSS1_V6.0.0, X-CUBE-MEMS1_V12.0.0, X-CUBE-NFC4_V3.0.0, X-CUBE-NFC7_V2.0.0, X-CUBE-SFXS2LP1_V4.0.0, X-CUBE-ST67W61_V1.1.0, X-CUBE-SUBG2_V5.0.0, X-CUBE-TOF1_V3.4.3]
2026-04-16 18:56:46,515 [INFO] ApiDb:240 - Found 880 in-development CPN: [B-G473E-ZEST1S, B-WB1M-WPAN1, B-WBA5M-WPAN, B-WL5M-SUBG1, NUCLEO-C031C6, NUCLEO-C051C8, NUCLEO-C071RB, NUCLEO-C092RC, NUCLEO-H503RB, NUCLEO-H533RE, NUCLEO-H563ZI, NUCLEO-H7S3L8, NUCLEO-N657X0-Q, NUCLEO-U031R8, NUCLEO-U083RC, NUCLEO-U385RG-Q, NUCLEO-U545RE-Q, NUCLEO-U5A5ZJ-Q, NUCLEO-WB05KZ, NUCLEO-WB07CC, NUCLEO-WB09KE, NUCLEO-WBA52CG, NUCLEO-WBA55CG, NUCLEO-WL33CC1, NUCLEO-WL33CC2, STEVAL-PROTEUS1, STEVAL-SMARTAG2, STEVAL-STWINBX1, STM320518-EVAL, STM32C0116-DK, STM32C011D6Y3TR, STM32C011D6Y6TR, STM32C011F4P3, STM32C011F4P6, STM32C011F4U3, STM32C011F4U6TR, STM32C011F6P3, STM32C011F6P6, STM32C011F6U3, STM32C011F6U6TR, STM32C011J4M3, STM32C011J4M6, STM32C011J6M3, STM32C011J6M6, STM32C0316-DK, STM32C031C4T3, STM32C031C4T6, STM32C031C4U3, STM32C031C4U6, STM32C031C6T3, STM32C031C6T6, STM32C031C6U3, STM32C031C6U6, STM32C031F4P3, STM32C031F4P6, STM32C031F6P3, STM32C031F6P6, STM32C031G4U3, STM32C031G4U6, STM32C031G6U3, STM32C031G6U6, STM32C031K4T3, STM32C031K4T6, STM32C031K4U3, STM32C031K4U6, STM32C031K6T3, STM32C031K6T6, STM32C031K6U3, STM32C031K6U6, STM32C051C6T6, STM32C051C6U6, STM32C051C8T6, STM32C051C8U6, STM32C051D8Y6TR, STM32C051F6P6, STM32C051F8P6, STM32C051G6U6, STM32C051G8U6, STM32C051K6T6, STM32C051K6U6, STM32C051K8T6, STM32C071C8T6, STM32C071C8T6N, STM32C071C8U6, STM32C071C8U6N, STM32C071CBT6, STM32C071CBT6N, STM32C071CBU6, STM32C071CBU6N, STM32C071F8P6, STM32C071F8P6N, STM32C071FBP6, STM32C071FBP6N, STM32C071FBY6TR, STM32C071G8U6, STM32C071G8U6N, STM32C071GBU6, STM32C071GBU6N, STM32C071K8T6, STM32C071K8T6N, STM32C071K8U6, STM32C071K8U6N, STM32C071KBT6, STM32C071KBT6N, STM32C071KBU6, STM32C071KBU6N, STM32C071R8T6, STM32C071R8T6N, STM32C071RBI6N, STM32C071RBT6, STM32C071RBT6N, STM32C091CBT6, STM32C091CBU6, STM32C091CCT6, STM32C091CCU6, STM32C091ECY6TR, STM32C091FBP6, STM32C091FCP6, STM32C091GBU6, STM32C091GCU6, STM32C091KBT6, STM32C091KBU6, STM32C091KCT6, STM32C091KCU6, STM32C091RBT6, STM32C091RCI6, STM32C091RCT6, STM32C092CBT6, STM32C092CBU6, STM32C092CCT6, STM32C092CCU6, STM32C092ECY6TR, STM32C092FBP6, STM32C092FCP6, STM32C092GBU6, STM32C092GCU6, STM32C092KBT6, STM32C092KBU6, STM32C092KCT6, STM32C092KCU6, STM32C092RBT6, STM32C092RCI6, STM32C092RCT6, STM32G071K8TXN, STM32G071K8UXN, STM32G081GBU6N, STM32G081KBT6N, STM32G081KBUXN, STM32G0B1CCT6N, STM32G0B1KCT6, STM32G0B1NEY6TR, STM32G0B1RCT6N, STM32G0C1CCT6, STM32G0C1CCT6N, STM32G0C1CCU6N, STM32G0C1CET6N, STM32G0C1CEU6N, STM32G0C1KCT6, STM32G0C1NEY6TR, STM32G0C1RCI6N, STM32G0C1RCT6N, STM32G0C1REI6N, STM32G0C1RET6N, STM32G0C1VCI6, STM32G0C1VEI6, STM32G411C6T3, STM32G411C6T6, STM32G411C6U3, STM32G411C6U6, STM32G411C8T3, STM32G411C8T6, STM32G411C8U3, STM32G411C8U6, STM32G411CBT3, STM32G411CBT6, STM32G411CBU3, STM32G411CBU6, STM32G411K6T3, STM32G411K6T6, STM32G411K6U3, STM32G411K6U6, STM32G411K8T3, STM32G411K8T6, STM32G411K8U3, STM32G411K8U6, STM32G411KBT3, STM32G411KBT6, STM32G411KBU3, STM32G411KBU6, STM32G411M6T3, STM32G411M6T6, STM32G411M8T3, STM32G411M8T6, STM32G411MBT3, STM32G411MBT6, STM32G411R6T3, STM32G411R6T6, STM32G411R8T3, STM32G411R8T6, STM32G411RBT3, STM32G411RBT6, STM32G414CBT3, STM32G414CBT6, STM32G414CBU3, STM32G414CBU6, STM32G414CCT3, STM32G414CCT6, STM32G414CCU3, STM32G414CCU6, STM32G414MBT3, STM32G414MBT6, STM32G414MCT3, STM32G414MCT6, STM32G414RBT3, STM32G414RBT6, STM32G414RCT3, STM32G414RCT6, STM32G414VBT3, STM32G414VBT6, STM32G414VCT3, STM32G414VCT6, STM32G431CBT3Z, STM32G431RBT3Z, STM32G471CCT6, STM32G471CCU6, STM32G471CET3, STM32G471CET6, STM32G471CEU3, STM32G471CEU6, STM32G471MCT6, STM32G471MET3, STM32G471MET6, STM32G471MEY6TR, STM32G471QCT6, STM32G471QET3, STM32G471RCT6, STM32G471RET3, STM32G471RET6, STM32G471VCH6, STM32G471VCI6, STM32G471VCT6, STM32G471VEH3, STM32G471VEH6, STM32G471VEI3, STM32G471VEI6, STM32G471VET3, STM32G471VET6, STM32G473QET3Z, STM32G473RET3Z, STM32G474CCT6, STM32G491RET3Z, STM32H503CBT6, STM32H503CBU6, STM32H503EBY6TR, STM32H503KBU6, STM32H503RBT6, STM32H523CCT6, STM32H523CCU6, STM32H523CET6, STM32H523CEU6, STM32H523HEY6TR, STM32H523RCT6, STM32H523RET6, STM32H523VCI6, STM32H523VCT6, STM32H523VEI6, STM32H523VET6, STM32H523ZCJ6, STM32H523ZCT6, STM32H523ZEJ6, STM32H523ZET6, STM32H533CET6, STM32H533CEU6, STM32H533HEY6TR, STM32H533RET6, STM32H533VEI6, STM32H533VET6, STM32H533ZEJ6, STM32H533ZET6, STM32H562AGI6, STM32H562AII6, STM32H562IGK6, STM32H562IGT6, STM32H562IIK6, STM32H562IIT6, STM32H562RGT6, STM32H562RGV6, STM32H562RIT6, STM32H562RIV6, STM32H562VGT6, STM32H562VIT6, STM32H562ZGT6, STM32H562ZIT6, STM32H563AGI6, STM32H563AII3Q, STM32H563AII6, STM32H563IGK6, STM32H563IGT6, STM32H563IIK3Q, STM32H563IIK6, STM32H563IIT3Q, STM32H563IIT6, STM32H563MIY3QTR, STM32H563RGT6, STM32H563RGV6, STM32H563RIT6, STM32H563RIV6, STM32H563VGT6, STM32H563VIT3Q, STM32H563VIT6, STM32H563ZGT6, STM32H563ZIT3Q, STM32H563ZIT6, STM32H573AII3Q, STM32H573AII6, STM32H573I-DK, STM32H573IIK3Q, STM32H573IIK6, STM32H573IIT3Q, STM32H573IIT6, STM32H573MIY3QTR, STM32H573RIT6, STM32H573RIV6, STM32H573VIT3Q, STM32H573VIT6, STM32H573ZIT3Q, STM32H573ZIT6, STM32H7R3A8I6, STM32H7R3I8K6, STM32H7R3I8T6, STM32H7R3L8H6, STM32H7R3L8H6H, STM32H7R3R8V6, STM32H7R3V8H6, STM32H7R3V8T6, STM32H7R3V8Y6TR, STM32H7R3Z8J6, STM32H7R3Z8T6, STM32H7R7A8I6, STM32H7R7I8K6, STM32H7R7I8T6, STM32H7R7L8H6, STM32H7R7L8H6H, STM32H7R7Z8J6, STM32H7S3A8I6, STM32H7S3I8K6, STM32H7S3I8T6, STM32H7S3L8H6, STM32H7S3L8H6H, STM32H7S3R8V6, STM32H7S3V8H6, STM32H7S3V8T6, STM32H7S3V8Y6TR, STM32H7S3Z8J6, STM32H7S3Z8T6, STM32H7S78-DK, STM32H7S7A8I6, STM32H7S7I8K6, STM32H7S7I8T6, STM32H7S7L8H6, STM32H7S7L8H6H, STM32H7S7Z8J6, STM32L4R5QGI6STR, STM32MP131AAE3, STM32MP131AAF3, STM32MP131AAG3, STM32MP131CAE3, STM32MP131CAF3, STM32MP131CAG3, STM32MP131DAE7, STM32MP131DAF7, STM32MP131DAG7, STM32MP131FAE7, STM32MP131FAF7, STM32MP131FAG7, STM32MP133AAE3, STM32MP133AAF3, STM32MP133AAG3, STM32MP133CAE3, STM32MP133CAF3, STM32MP133CAG3, STM32MP133DAE7, STM32MP133DAF7, STM32MP133DAG7, STM32MP133FAE7, STM32MP133FAF7, STM32MP133FAG7, STM32MP135AAE3, STM32MP135AAF3, STM32MP135AAG3, STM32MP135CAE3, STM32MP135CAF3, STM32MP135CAG3, STM32MP135DAE7, STM32MP135DAF7, STM32MP135DAG7, STM32MP135F-DK, STM32MP135FAE7, STM32MP135FAF7, STM32MP135FAF7T, STM32MP135FAF7U, STM32MP135FAG7, STM32MP211AAL3, STM32MP211AAM3, STM32MP211AAN3, STM32MP211AAO3, STM32MP211CAL3, STM32MP211CAM3, STM32MP211CAN3, STM32MP211CAO3, STM32MP211DAL3, STM32MP211DAM3, STM32MP211DAN3, STM32MP211DAO3, STM32MP211FAL3, STM32MP211FAM3, STM32MP211FAN3, STM32MP211FAO3, STM32MP213AAL3, STM32MP213AAM3, STM32MP213AAN3, STM32MP213AAO3, STM32MP213CAL3, STM32MP213CAM3, STM32MP213CAN3, STM32MP213CAO3, STM32MP213DAL3, STM32MP213DAM3, STM32MP213DAN3, STM32MP213DAO3, STM32MP213FAL3, STM32MP213FAM3, STM32MP213FAN3, STM32MP213FAO3, STM32MP215AAL3, STM32MP215AAM3, STM32MP215AAN3, STM32MP215AAO3, STM32MP215CAL3, STM32MP215CAM3, STM32MP215CAN3, STM32MP215CAO3, STM32MP215DAL3, STM32MP215DAM3, STM32MP215DAN3, STM32MP215DAO3, STM32MP215F-DK, STM32MP215FAL3, STM32MP215FAM3, STM32MP215FAN3, STM32MP215FAO3, STM32MP231AAJ3, STM32MP231AAK3, STM32MP231AAL3, STM32MP231CAJ3, STM32MP231CAK3, STM32MP231CAL3, STM32MP231DAJ3, STM32MP231DAK3, STM32MP231DAL3, STM32MP231FAJ3, STM32MP231FAK3, STM32MP231FAL3, STM32MP233AAJ3, STM32MP233AAK3, STM32MP233AAL3, STM32MP233CAJ3, STM32MP233CAK3, STM32MP233CAL3, STM32MP233DAJ3, STM32MP233DAK3, STM32MP233DAL3, STM32MP233FAJ3, STM32MP233FAK3, STM32MP233FAL3, STM32MP235AAJ3, STM32MP235AAK3, STM32MP235AAL3, STM32MP235CAJ3, STM32MP235CAK3, STM32MP235CAL3, STM32MP235DAJ3, STM32MP235DAK3, STM32MP235DAL3, STM32MP235FAJ3, STM32MP235FAK3, STM32MP235FAL3, STM32MP251AAI3, STM32MP251AAK3, STM32MP251AAL3, STM32MP251CAI3, STM32MP251CAK3, STM32MP251CAL3, STM32MP251DAI3, STM32MP251DAK3, STM32MP251DAL3, STM32MP251FAI3, STM32MP251FAK3, STM32MP251FAL3, STM32MP253AAI3, STM32MP253AAK3, STM32MP253AAL3, STM32MP253CAI3, STM32MP253CAK3, STM32MP253CAL3, STM32MP253DAI3, STM32MP253DAK3, STM32MP253DAL3, STM32MP253FAI3, STM32MP253FAK3, STM32MP253FAL3, STM32MP255AAI3, STM32MP255AAK3, STM32MP255AAL3, STM32MP255CAI3, STM32MP255CAK3, STM32MP255CAL3, STM32MP255DAI3, STM32MP255DAK3, STM32MP255DAL3, STM32MP255FAI3, STM32MP255FAK3, STM32MP255FAL3, STM32MP257AAI3, STM32MP257AAK3, STM32MP257AAL3, STM32MP257CAI3, STM32MP257CAK3, STM32MP257CAL3, STM32MP257DAI3, STM32MP257DAK3, STM32MP257DAL3, STM32MP257F-DK, STM32MP257F-EV1, STM32MP257FAI3, STM32MP257FAK3, STM32MP257FAL3, STM32N645A0H3Q, STM32N645B0H3Q, STM32N645I0H3Q, STM32N645L0H3Q, STM32N645X0H3Q, STM32N645Z0H3Q, STM32N647A0H3Q, STM32N647B0H3Q, STM32N647I0H3Q, STM32N647L0H3Q, STM32N647X0H3Q, STM32N647Z0H3Q, STM32N655A0H3Q, STM32N655B0H3Q, STM32N655I0H3Q, STM32N655L0H3Q, STM32N655X0H3Q, STM32N655Z0H3Q, STM32N6570-DK, STM32N657A0H3Q, STM32N657B0H3Q, STM32N657I0H3Q, STM32N657L0H3Q, STM32N657X0H3Q, STM32N657Z0H3Q, STM32U031C6T6, STM32U031C6U6, STM32U031C8T6, STM32U031C8U6, STM32U031F4P6, STM32U031F6P6, STM32U031F8P6, STM32U031G6Y6TR, STM32U031G8Y6TR, STM32U031K4U6, STM32U031K6U6, STM32U031K8U6, STM32U031R6I6, STM32U031R6T6, STM32U031R8I6, STM32U031R8T6, STM32U073C8T6, STM32U073C8U6, STM32U073CBT6, STM32U073CBU6, STM32U073CCT6, STM32U073CCU6, STM32U073H8Y6TR, STM32U073HBY6TR, STM32U073HCY6TR, STM32U073K8U6, STM32U073KBU6, STM32U073KCU6, STM32U073M8I6, STM32U073M8T6, STM32U073MBI6, STM32U073MBT6, STM32U073MCI6, STM32U073MCT6, STM32U073R8I6, STM32U073R8T6, STM32U073RBI6, STM32U073RBT6, STM32U073RCI6, STM32U073RCT6, STM32U083C-DK, STM32U083CCT6, STM32U083CCU6, STM32U083HCY6TR, STM32U083KCU6, STM32U083MCI6, STM32U083MCT6, STM32U083RCI6, STM32U083RCT6, STM32U375CET6, STM32U375CET6Q, STM32U375CEU6, STM32U375CEU6Q, STM32U375CEY6QTR, STM32U375CGT6, STM32U375CGT6Q, STM32U375CGU6, STM32U375CGU6Q, STM32U375CGY6QTR, STM32U375KEU6, STM32U375KGU6, STM32U375REI6, STM32U375REI6Q, STM32U375RET6, STM32U375RET6Q, STM32U375REY6GTR, STM32U375REY6QTR, STM32U375RGI6, STM32U375RGI6Q, STM32U375RGT6, STM32U375RGT6Q, STM32U375RGY6GTR, STM32U375RGY6QTR, STM32U375VEI6, STM32U375VEI6Q, STM32U375VET6, STM32U375VET6Q, STM32U375VGI6, STM32U375VGI6Q, STM32U375VGT6, STM32U375VGT6Q, STM32U385CGT6, STM32U385CGT6Q, STM32U385CGU6, STM32U385CGU6Q, STM32U385CGY6QTR, STM32U385KGU6, STM32U385RGI6, STM32U385RGI6Q, STM32U385RGT6, STM32U385RGT6Q, STM32U385RGY6GTR, STM32U385RGY6QTR, STM32U385VGI6, STM32U385VGI6Q, STM32U385VGT6, STM32U385VGT6Q, STM32U535CBT6, STM32U535CBT6Q, STM32U535CBU6, STM32U535CBU6Q, STM32U535CCT6, STM32U535CCT6Q, STM32U535CCU6, STM32U535CCU6Q, STM32U535CET6, STM32U535CET6Q, STM32U535CEU6, STM32U535CEU6Q, STM32U535JEY6QTR, STM32U535NCY6QTR, STM32U535NEY6QTR, STM32U535RBI6, STM32U535RBI6Q, STM32U535RBT6, STM32U535RBT6Q, STM32U535RCI6, STM32U535RCI6Q, STM32U535RCT6, STM32U535RCT6Q, STM32U535REI6, STM32U535REI6Q, STM32U535RET6, STM32U535RET6Q, STM32U535VCI6, STM32U535VCI6Q, STM32U535VCT6, STM32U535VCT6Q, STM32U535VEI6, STM32U535VEI6Q, STM32U535VET6, STM32U535VET6Q, STM32U545CET6, STM32U545CET6Q, STM32U545CEU6, STM32U545CEU6Q, STM32U545JEY6QTR, STM32U545NEY6QTR, STM32U545REI6, STM32U545REI6Q, STM32U545RET6, STM32U545RET6Q, STM32U545VEI6, STM32U545VEI6Q, STM32U545VET6, STM32U545VET6Q, STM32U595AIH6, STM32U595AIH6Q, STM32U595AJH6, STM32U595AJH6Q, STM32U595QII6, STM32U595QII6Q, STM32U595QJI6, STM32U595QJI6Q, STM32U595RIT6, STM32U595RIT6Q, STM32U595RJT6, STM32U595RJT6Q, STM32U595VIT6, STM32U595VIT6Q, STM32U595VJT6, STM32U595VJT6Q, STM32U595ZIT6, STM32U595ZIT6Q, STM32U595ZIY6QTR, STM32U595ZJT6, STM32U595ZJT6Q, STM32U595ZJY6QTR, STM32U599BJY6QTR, STM32U599NIH6Q, STM32U599NJH6Q, STM32U599VIT6Q, STM32U599VJT6, STM32U599VJT6Q, STM32U599ZIT6Q, STM32U599ZIY6QTR, STM32U599ZJT6Q, STM32U599ZJY6QTR, STM32U5A5AJH6, STM32U5A5AJH6Q, STM32U5A5QII3Q , STM32U5A5QJI6, STM32U5A5QJI6Q, STM32U5A5RJT6, STM32U5A5RJT6Q, STM32U5A5VJT6, STM32U5A5VJT6Q, STM32U5A5ZJT6, STM32U5A5ZJT6Q, STM32U5A5ZJY6QTR, STM32U5A9BJY6QTR, STM32U5A9J-DK, STM32U5A9NJH6Q, STM32U5A9VJT6Q, STM32U5A9ZJT6Q, STM32U5A9ZJY6QTR, STM32U5F7VIT6, STM32U5F7VIT6Q, STM32U5F7VJT6, STM32U5F7VJT6Q, STM32U5F9BJY6QTR, STM32U5F9NJH6Q, STM32U5F9VIT6Q, STM32U5F9VJT6Q, STM32U5F9ZIJ6QTR, STM32U5F9ZIT6Q, STM32U5F9ZJJ6QTR, STM32U5F9ZJT6Q, STM32U5G7VJT6, STM32U5G7VJT6Q, STM32U5G9BJY6QTR, STM32U5G9J-DK1, STM32U5G9J-DK2, STM32U5G9NJH6Q, STM32U5G9VJT6Q, STM32U5G9ZJJ6QTR, STM32U5G9ZJT6Q, STM32WB05KZV6TR, STM32WB05KZV7TR, STM32WB05TZF6TR, STM32WB05TZF7TR, STM32WB06CCF6TR, STM32WB06CCF7TR, STM32WB06CCV6TR, STM32WB06CCV7TR, STM32WB06KCV6TR, STM32WB06KCV7TR, STM32WB07CCF6TR, STM32WB07CCF7TR, STM32WB07CCV6TR, STM32WB07CCV7TR, STM32WB07KCV6TR, STM32WB07KCV7TR, STM32WB09KEV6TR, STM32WB09KEV7TR, STM32WB09TEF6TR, STM32WB09TEF7TR, STM32WB1MMCH6, STM32WBA50KGU6, STM32WBA50KGU6TR, STM32WBA52CEU6, STM32WBA52CEU6TR, STM32WBA52CEU7, STM32WBA52CEU7TR, STM32WBA52CGU6, STM32WBA52CGU6TR, STM32WBA52CGU6U, STM32WBA52CGU7, STM32WBA52CGU7TR, STM32WBA52KEU6, STM32WBA52KEU6TR, STM32WBA52KGU6, STM32WBA52KGU6TR, STM32WBA54CEU6, STM32WBA54CEU6TR, STM32WBA54CEU7, STM32WBA54CEU7TR, STM32WBA54CGU6, STM32WBA54CGU6TR, STM32WBA54CGU7, STM32WBA54CGU7TR, STM32WBA54KEU6, STM32WBA54KEU6TR, STM32WBA54KEU7, STM32WBA54KEU7TR, STM32WBA54KGU6, STM32WBA54KGU6TR, STM32WBA54KGU7, STM32WBA54KGU7TR, STM32WBA55CEU6, STM32WBA55CEU6TR, STM32WBA55CEU7, STM32WBA55CEU7TR, STM32WBA55CGU6, STM32WBA55CGU6TR, STM32WBA55CGU6U, STM32WBA55CGU7, STM32WBA55CGU7TR, STM32WBA55G-DK1, STM32WBA55HEF6, STM32WBA55HEF7, STM32WBA55HGF6, STM32WBA55HGF7, STM32WBA55UEI6, STM32WBA55UEI6TR, STM32WBA55UEI7, STM32WBA55UEI7TR, STM32WBA55UGI6, STM32WBA55UGI6TR, STM32WBA55UGI7, STM32WBA55UGI7TR, STM32WBA5MMGH6TR, STM32WBA62MGF6, STM32WBA62MIF6, STM32WBA65MGF7, STM32WBA65MIF6, STM32WBA65MIF7, STM32WL30K8V6, STM32WL30KBV6, STM32WL31C8V6, STM32WL31CBV6, STM32WL31K8V6, STM32WL31KBV6, STM32WL33C8V6, STM32WL33C8V6X, STM32WL33CBV6, STM32WL33CBV6X, STM32WL33CCV6, STM32WL33CCV6A, STM32WL33CCV6X, STM32WL33K8V7, STM32WL33K8V7X, STM32WL33KBV7 , STM32WL33KBV7X, STM32WL33KCV7, STM32WL33KCV7X, STM32WL5MOCH6, STM32WL5MOCH6TR]
2026-04-16 18:56:46,536 [INFO] DbMcus:218 - Found 4922 MCUs, 4922 are supported
2026-04-16 18:56:46,542 [INFO] ApiDb:423 - Load user favorites file /Users/ggpai/.stm32cubeide/favorites.mcus.txt: 0 item(s)
2026-04-16 18:56:46,543 [INFO] ApiDb:427 - User favorites MCUs=[]
2026-04-16 18:56:46,543 [INFO] DbMcus:224 - Set 0 / 0 favorites MCUs
2026-04-16 18:56:46,840 [INFO] ApiDb:668 - CubeFinder database Data Model version=2.1
2026-04-16 18:56:46,840 [INFO] ApiDb:669 - CubeFinder database Configuration version=3.0.42
2026-04-16 18:56:46,840 [INFO] ApiDb:670 - CubeFinder database generation date=2026-02-13 (1770995876)
2026-04-16 18:56:46,841 [INFO] ApiDb:671 - CubeFinder database FW Pack versions=[FP-ATR-ASTRA1_V2.0.0, FP-SNS-FLIGHT1_V5.1.0, FP-SNS-MOTENV1_V5.1.0, FP-SNS-MOTENVWB1_V1.4.0, FP-SNS-SMARTAG2_V1.2.0, FP-SNS-STBOX1_V2.1.0, STM32Cube_FW_C0_V1.4.0, STM32Cube_FW_F4_V1.28.3, STM32Cube_FW_F7_V1.17.4, STM32Cube_FW_G0_V1.6.2, STM32Cube_FW_G4_V1.6.1, STM32Cube_FW_H5_V1.6.0, STM32Cube_FW_H7RS_V1.3.0, STM32Cube_FW_H7_V1.13.0, STM32Cube_FW_L0_V1.12.2, STM32Cube_FW_L4_V1.18.2, STM32Cube_FW_L5_V1.6.0, STM32Cube_FW_N6_V1.3.0, STM32Cube_FW_U0_V1.3.0, STM32Cube_FW_U3_V1.3.0, STM32Cube_FW_U5_V1.8.0, STM32Cube_FW_WB0_V1.4.0, STM32Cube_FW_WBA_V1.9.0, STM32Cube_FW_WB_V1.24.0, STM32Cube_FW_WL3_V1.4.0, STM32Cube_FW_WL_V1.5.0, X-CUBE-ALGOBUILD_V1.4.0, X-CUBE-ALS_V1.0.2, X-CUBE-AZRTOS-F4_V1.1.0, X-CUBE-AZRTOS-F7_V1.1.0, X-CUBE-AZRTOS-G0_V1.1.0, X-CUBE-AZRTOS-G4_V2.0.0, X-CUBE-AZRTOS-H7RS_V1.1.0, X-CUBE-AZRTOS-H7_V3.4.0, X-CUBE-AZRTOS-L4_V2.0.0, X-CUBE-AZRTOS-L5_V2.0.0, X-CUBE-AZRTOS-WB_V2.0.0, X-CUBE-AZRTOS-WL_V2.0.0, X-CUBE-BLE1_V7.1.0, X-CUBE-BLE2_V3.3.0, X-CUBE-BLEMGR_V4.1.0, X-CUBE-EEPRMA1_V5.2.0, X-CUBE-FREERTOS_V1.3.1, X-CUBE-GNSS1_V6.0.0, X-CUBE-MEMS1_V12.0.0, X-CUBE-NFC4_V3.0.0, X-CUBE-NFC7_V2.0.0, X-CUBE-SFXS2LP1_V4.0.0, X-CUBE-ST67W61_V1.1.0, X-CUBE-SUBG2_V5.0.0, X-CUBE-TOF1_V3.4.3]
2026-04-16 18:56:46,882 [INFO] DbBoardsSqlite:226 - include board P-NUCLEO-WB55-NUCLEO as a kit item of type 'Nucleo-64'
2026-04-16 18:56:46,882 [INFO] DbBoardsSqlite:226 - include board P-NUCLEO-WB55-USBDONGLE as a kit item of type 'Nucleo USB Dongle'
2026-04-16 18:56:46,882 [INFO] DbBoardsSqlite:226 - include board STEVAL-IDP005V1 as a kit item of type 'Evaluation Board'
2026-04-16 18:56:46,882 [INFO] DbBoardsSqlite:226 - include board STEVAL-IDP005V2 as a kit item of type 'Evaluation Board'
2026-04-16 18:56:46,918 [INFO] ApiDb:240 - Found 880 in-development CPN: [B-G473E-ZEST1S, B-WB1M-WPAN1, B-WBA5M-WPAN, B-WL5M-SUBG1, NUCLEO-C031C6, NUCLEO-C051C8, NUCLEO-C071RB, NUCLEO-C092RC, NUCLEO-H503RB, NUCLEO-H533RE, NUCLEO-H563ZI, NUCLEO-H7S3L8, NUCLEO-N657X0-Q, NUCLEO-U031R8, NUCLEO-U083RC, NUCLEO-U385RG-Q, NUCLEO-U545RE-Q, NUCLEO-U5A5ZJ-Q, NUCLEO-WB05KZ, NUCLEO-WB07CC, NUCLEO-WB09KE, NUCLEO-WBA52CG, NUCLEO-WBA55CG, NUCLEO-WL33CC1, NUCLEO-WL33CC2, STEVAL-PROTEUS1, STEVAL-SMARTAG2, STEVAL-STWINBX1, STM320518-EVAL, STM32C0116-DK, STM32C011D6Y3TR, STM32C011D6Y6TR, STM32C011F4P3, STM32C011F4P6, STM32C011F4U3, STM32C011F4U6TR, STM32C011F6P3, STM32C011F6P6, STM32C011F6U3, STM32C011F6U6TR, STM32C011J4M3, STM32C011J4M6, STM32C011J6M3, STM32C011J6M6, STM32C0316-DK, STM32C031C4T3, STM32C031C4T6, STM32C031C4U3, STM32C031C4U6, STM32C031C6T3, STM32C031C6T6, STM32C031C6U3, STM32C031C6U6, STM32C031F4P3, STM32C031F4P6, STM32C031F6P3, STM32C031F6P6, STM32C031G4U3, STM32C031G4U6, STM32C031G6U3, STM32C031G6U6, STM32C031K4T3, STM32C031K4T6, STM32C031K4U3, STM32C031K4U6, STM32C031K6T3, STM32C031K6T6, STM32C031K6U3, STM32C031K6U6, STM32C051C6T6, STM32C051C6U6, STM32C051C8T6, STM32C051C8U6, STM32C051D8Y6TR, STM32C051F6P6, STM32C051F8P6, STM32C051G6U6, STM32C051G8U6, STM32C051K6T6, STM32C051K6U6, STM32C051K8T6, STM32C071C8T6, STM32C071C8T6N, STM32C071C8U6, STM32C071C8U6N, STM32C071CBT6, STM32C071CBT6N, STM32C071CBU6, STM32C071CBU6N, STM32C071F8P6, STM32C071F8P6N, STM32C071FBP6, STM32C071FBP6N, STM32C071FBY6TR, STM32C071G8U6, STM32C071G8U6N, STM32C071GBU6, STM32C071GBU6N, STM32C071K8T6, STM32C071K8T6N, STM32C071K8U6, STM32C071K8U6N, STM32C071KBT6, STM32C071KBT6N, STM32C071KBU6, STM32C071KBU6N, STM32C071R8T6, STM32C071R8T6N, STM32C071RBI6N, STM32C071RBT6, STM32C071RBT6N, STM32C091CBT6, STM32C091CBU6, STM32C091CCT6, STM32C091CCU6, STM32C091ECY6TR, STM32C091FBP6, STM32C091FCP6, STM32C091GBU6, STM32C091GCU6, STM32C091KBT6, STM32C091KBU6, STM32C091KCT6, STM32C091KCU6, STM32C091RBT6, STM32C091RCI6, STM32C091RCT6, STM32C092CBT6, STM32C092CBU6, STM32C092CCT6, STM32C092CCU6, STM32C092ECY6TR, STM32C092FBP6, STM32C092FCP6, STM32C092GBU6, STM32C092GCU6, STM32C092KBT6, STM32C092KBU6, STM32C092KCT6, STM32C092KCU6, STM32C092RBT6, STM32C092RCI6, STM32C092RCT6, STM32G071K8TXN, STM32G071K8UXN, STM32G081GBU6N, STM32G081KBT6N, STM32G081KBUXN, STM32G0B1CCT6N, STM32G0B1KCT6, STM32G0B1NEY6TR, STM32G0B1RCT6N, STM32G0C1CCT6, STM32G0C1CCT6N, STM32G0C1CCU6N, STM32G0C1CET6N, STM32G0C1CEU6N, STM32G0C1KCT6, STM32G0C1NEY6TR, STM32G0C1RCI6N, STM32G0C1RCT6N, STM32G0C1REI6N, STM32G0C1RET6N, STM32G0C1VCI6, STM32G0C1VEI6, STM32G411C6T3, STM32G411C6T6, STM32G411C6U3, STM32G411C6U6, STM32G411C8T3, STM32G411C8T6, STM32G411C8U3, STM32G411C8U6, STM32G411CBT3, STM32G411CBT6, STM32G411CBU3, STM32G411CBU6, STM32G411K6T3, STM32G411K6T6, STM32G411K6U3, STM32G411K6U6, STM32G411K8T3, STM32G411K8T6, STM32G411K8U3, STM32G411K8U6, STM32G411KBT3, STM32G411KBT6, STM32G411KBU3, STM32G411KBU6, STM32G411M6T3, STM32G411M6T6, STM32G411M8T3, STM32G411M8T6, STM32G411MBT3, STM32G411MBT6, STM32G411R6T3, STM32G411R6T6, STM32G411R8T3, STM32G411R8T6, STM32G411RBT3, STM32G411RBT6, STM32G414CBT3, STM32G414CBT6, STM32G414CBU3, STM32G414CBU6, STM32G414CCT3, STM32G414CCT6, STM32G414CCU3, STM32G414CCU6, STM32G414MBT3, STM32G414MBT6, STM32G414MCT3, STM32G414MCT6, STM32G414RBT3, STM32G414RBT6, STM32G414RCT3, STM32G414RCT6, STM32G414VBT3, STM32G414VBT6, STM32G414VCT3, STM32G414VCT6, STM32G431CBT3Z, STM32G431RBT3Z, STM32G471CCT6, STM32G471CCU6, STM32G471CET3, STM32G471CET6, STM32G471CEU3, STM32G471CEU6, STM32G471MCT6, STM32G471MET3, STM32G471MET6, STM32G471MEY6TR, STM32G471QCT6, STM32G471QET3, STM32G471RCT6, STM32G471RET3, STM32G471RET6, STM32G471VCH6, STM32G471VCI6, STM32G471VCT6, STM32G471VEH3, STM32G471VEH6, STM32G471VEI3, STM32G471VEI6, STM32G471VET3, STM32G471VET6, STM32G473QET3Z, STM32G473RET3Z, STM32G474CCT6, STM32G491RET3Z, STM32H503CBT6, STM32H503CBU6, STM32H503EBY6TR, STM32H503KBU6, STM32H503RBT6, STM32H523CCT6, STM32H523CCU6, STM32H523CET6, STM32H523CEU6, STM32H523HEY6TR, STM32H523RCT6, STM32H523RET6, STM32H523VCI6, STM32H523VCT6, STM32H523VEI6, STM32H523VET6, STM32H523ZCJ6, STM32H523ZCT6, STM32H523ZEJ6, STM32H523ZET6, STM32H533CET6, STM32H533CEU6, STM32H533HEY6TR, STM32H533RET6, STM32H533VEI6, STM32H533VET6, STM32H533ZEJ6, STM32H533ZET6, STM32H562AGI6, STM32H562AII6, STM32H562IGK6, STM32H562IGT6, STM32H562IIK6, STM32H562IIT6, STM32H562RGT6, STM32H562RGV6, STM32H562RIT6, STM32H562RIV6, STM32H562VGT6, STM32H562VIT6, STM32H562ZGT6, STM32H562ZIT6, STM32H563AGI6, STM32H563AII3Q, STM32H563AII6, STM32H563IGK6, STM32H563IGT6, STM32H563IIK3Q, STM32H563IIK6, STM32H563IIT3Q, STM32H563IIT6, STM32H563MIY3QTR, STM32H563RGT6, STM32H563RGV6, STM32H563RIT6, STM32H563RIV6, STM32H563VGT6, STM32H563VIT3Q, STM32H563VIT6, STM32H563ZGT6, STM32H563ZIT3Q, STM32H563ZIT6, STM32H573AII3Q, STM32H573AII6, STM32H573I-DK, STM32H573IIK3Q, STM32H573IIK6, STM32H573IIT3Q, STM32H573IIT6, STM32H573MIY3QTR, STM32H573RIT6, STM32H573RIV6, STM32H573VIT3Q, STM32H573VIT6, STM32H573ZIT3Q, STM32H573ZIT6, STM32H7R3A8I6, STM32H7R3I8K6, STM32H7R3I8T6, STM32H7R3L8H6, STM32H7R3L8H6H, STM32H7R3R8V6, STM32H7R3V8H6, STM32H7R3V8T6, STM32H7R3V8Y6TR, STM32H7R3Z8J6, STM32H7R3Z8T6, STM32H7R7A8I6, STM32H7R7I8K6, STM32H7R7I8T6, STM32H7R7L8H6, STM32H7R7L8H6H, STM32H7R7Z8J6, STM32H7S3A8I6, STM32H7S3I8K6, STM32H7S3I8T6, STM32H7S3L8H6, STM32H7S3L8H6H, STM32H7S3R8V6, STM32H7S3V8H6, STM32H7S3V8T6, STM32H7S3V8Y6TR, STM32H7S3Z8J6, STM32H7S3Z8T6, STM32H7S78-DK, STM32H7S7A8I6, STM32H7S7I8K6, STM32H7S7I8T6, STM32H7S7L8H6, STM32H7S7L8H6H, STM32H7S7Z8J6, STM32L4R5QGI6STR, STM32MP131AAE3, STM32MP131AAF3, STM32MP131AAG3, STM32MP131CAE3, STM32MP131CAF3, STM32MP131CAG3, STM32MP131DAE7, STM32MP131DAF7, STM32MP131DAG7, STM32MP131FAE7, STM32MP131FAF7, STM32MP131FAG7, STM32MP133AAE3, STM32MP133AAF3, STM32MP133AAG3, STM32MP133CAE3, STM32MP133CAF3, STM32MP133CAG3, STM32MP133DAE7, STM32MP133DAF7, STM32MP133DAG7, STM32MP133FAE7, STM32MP133FAF7, STM32MP133FAG7, STM32MP135AAE3, STM32MP135AAF3, STM32MP135AAG3, STM32MP135CAE3, STM32MP135CAF3, STM32MP135CAG3, STM32MP135DAE7, STM32MP135DAF7, STM32MP135DAG7, STM32MP135F-DK, STM32MP135FAE7, STM32MP135FAF7, STM32MP135FAF7T, STM32MP135FAF7U, STM32MP135FAG7, STM32MP211AAL3, STM32MP211AAM3, STM32MP211AAN3, STM32MP211AAO3, STM32MP211CAL3, STM32MP211CAM3, STM32MP211CAN3, STM32MP211CAO3, STM32MP211DAL3, STM32MP211DAM3, STM32MP211DAN3, STM32MP211DAO3, STM32MP211FAL3, STM32MP211FAM3, STM32MP211FAN3, STM32MP211FAO3, STM32MP213AAL3, STM32MP213AAM3, STM32MP213AAN3, STM32MP213AAO3, STM32MP213CAL3, STM32MP213CAM3, STM32MP213CAN3, STM32MP213CAO3, STM32MP213DAL3, STM32MP213DAM3, STM32MP213DAN3, STM32MP213DAO3, STM32MP213FAL3, STM32MP213FAM3, STM32MP213FAN3, STM32MP213FAO3, STM32MP215AAL3, STM32MP215AAM3, STM32MP215AAN3, STM32MP215AAO3, STM32MP215CAL3, STM32MP215CAM3, STM32MP215CAN3, STM32MP215CAO3, STM32MP215DAL3, STM32MP215DAM3, STM32MP215DAN3, STM32MP215DAO3, STM32MP215F-DK, STM32MP215FAL3, STM32MP215FAM3, STM32MP215FAN3, STM32MP215FAO3, STM32MP231AAJ3, STM32MP231AAK3, STM32MP231AAL3, STM32MP231CAJ3, STM32MP231CAK3, STM32MP231CAL3, STM32MP231DAJ3, STM32MP231DAK3, STM32MP231DAL3, STM32MP231FAJ3, STM32MP231FAK3, STM32MP231FAL3, STM32MP233AAJ3, STM32MP233AAK3, STM32MP233AAL3, STM32MP233CAJ3, STM32MP233CAK3, STM32MP233CAL3, STM32MP233DAJ3, STM32MP233DAK3, STM32MP233DAL3, STM32MP233FAJ3, STM32MP233FAK3, STM32MP233FAL3, STM32MP235AAJ3, STM32MP235AAK3, STM32MP235AAL3, STM32MP235CAJ3, STM32MP235CAK3, STM32MP235CAL3, STM32MP235DAJ3, STM32MP235DAK3, STM32MP235DAL3, STM32MP235FAJ3, STM32MP235FAK3, STM32MP235FAL3, STM32MP251AAI3, STM32MP251AAK3, STM32MP251AAL3, STM32MP251CAI3, STM32MP251CAK3, STM32MP251CAL3, STM32MP251DAI3, STM32MP251DAK3, STM32MP251DAL3, STM32MP251FAI3, STM32MP251FAK3, STM32MP251FAL3, STM32MP253AAI3, STM32MP253AAK3, STM32MP253AAL3, STM32MP253CAI3, STM32MP253CAK3, STM32MP253CAL3, STM32MP253DAI3, STM32MP253DAK3, STM32MP253DAL3, STM32MP253FAI3, STM32MP253FAK3, STM32MP253FAL3, STM32MP255AAI3, STM32MP255AAK3, STM32MP255AAL3, STM32MP255CAI3, STM32MP255CAK3, STM32MP255CAL3, STM32MP255DAI3, STM32MP255DAK3, STM32MP255DAL3, STM32MP255FAI3, STM32MP255FAK3, STM32MP255FAL3, STM32MP257AAI3, STM32MP257AAK3, STM32MP257AAL3, STM32MP257CAI3, STM32MP257CAK3, STM32MP257CAL3, STM32MP257DAI3, STM32MP257DAK3, STM32MP257DAL3, STM32MP257F-DK, STM32MP257F-EV1, STM32MP257FAI3, STM32MP257FAK3, STM32MP257FAL3, STM32N645A0H3Q, STM32N645B0H3Q, STM32N645I0H3Q, STM32N645L0H3Q, STM32N645X0H3Q, STM32N645Z0H3Q, STM32N647A0H3Q, STM32N647B0H3Q, STM32N647I0H3Q, STM32N647L0H3Q, STM32N647X0H3Q, STM32N647Z0H3Q, STM32N655A0H3Q, STM32N655B0H3Q, STM32N655I0H3Q, STM32N655L0H3Q, STM32N655X0H3Q, STM32N655Z0H3Q, STM32N6570-DK, STM32N657A0H3Q, STM32N657B0H3Q, STM32N657I0H3Q, STM32N657L0H3Q, STM32N657X0H3Q, STM32N657Z0H3Q, STM32U031C6T6, STM32U031C6U6, STM32U031C8T6, STM32U031C8U6, STM32U031F4P6, STM32U031F6P6, STM32U031F8P6, STM32U031G6Y6TR, STM32U031G8Y6TR, STM32U031K4U6, STM32U031K6U6, STM32U031K8U6, STM32U031R6I6, STM32U031R6T6, STM32U031R8I6, STM32U031R8T6, STM32U073C8T6, STM32U073C8U6, STM32U073CBT6, STM32U073CBU6, STM32U073CCT6, STM32U073CCU6, STM32U073H8Y6TR, STM32U073HBY6TR, STM32U073HCY6TR, STM32U073K8U6, STM32U073KBU6, STM32U073KCU6, STM32U073M8I6, STM32U073M8T6, STM32U073MBI6, STM32U073MBT6, STM32U073MCI6, STM32U073MCT6, STM32U073R8I6, STM32U073R8T6, STM32U073RBI6, STM32U073RBT6, STM32U073RCI6, STM32U073RCT6, STM32U083C-DK, STM32U083CCT6, STM32U083CCU6, STM32U083HCY6TR, STM32U083KCU6, STM32U083MCI6, STM32U083MCT6, STM32U083RCI6, STM32U083RCT6, STM32U375CET6, STM32U375CET6Q, STM32U375CEU6, STM32U375CEU6Q, STM32U375CEY6QTR, STM32U375CGT6, STM32U375CGT6Q, STM32U375CGU6, STM32U375CGU6Q, STM32U375CGY6QTR, STM32U375KEU6, STM32U375KGU6, STM32U375REI6, STM32U375REI6Q, STM32U375RET6, STM32U375RET6Q, STM32U375REY6GTR, STM32U375REY6QTR, STM32U375RGI6, STM32U375RGI6Q, STM32U375RGT6, STM32U375RGT6Q, STM32U375RGY6GTR, STM32U375RGY6QTR, STM32U375VEI6, STM32U375VEI6Q, STM32U375VET6, STM32U375VET6Q, STM32U375VGI6, STM32U375VGI6Q, STM32U375VGT6, STM32U375VGT6Q, STM32U385CGT6, STM32U385CGT6Q, STM32U385CGU6, STM32U385CGU6Q, STM32U385CGY6QTR, STM32U385KGU6, STM32U385RGI6, STM32U385RGI6Q, STM32U385RGT6, STM32U385RGT6Q, STM32U385RGY6GTR, STM32U385RGY6QTR, STM32U385VGI6, STM32U385VGI6Q, STM32U385VGT6, STM32U385VGT6Q, STM32U535CBT6, STM32U535CBT6Q, STM32U535CBU6, STM32U535CBU6Q, STM32U535CCT6, STM32U535CCT6Q, STM32U535CCU6, STM32U535CCU6Q, STM32U535CET6, STM32U535CET6Q, STM32U535CEU6, STM32U535CEU6Q, STM32U535JEY6QTR, STM32U535NCY6QTR, STM32U535NEY6QTR, STM32U535RBI6, STM32U535RBI6Q, STM32U535RBT6, STM32U535RBT6Q, STM32U535RCI6, STM32U535RCI6Q, STM32U535RCT6, STM32U535RCT6Q, STM32U535REI6, STM32U535REI6Q, STM32U535RET6, STM32U535RET6Q, STM32U535VCI6, STM32U535VCI6Q, STM32U535VCT6, STM32U535VCT6Q, STM32U535VEI6, STM32U535VEI6Q, STM32U535VET6, STM32U535VET6Q, STM32U545CET6, STM32U545CET6Q, STM32U545CEU6, STM32U545CEU6Q, STM32U545JEY6QTR, STM32U545NEY6QTR, STM32U545REI6, STM32U545REI6Q, STM32U545RET6, STM32U545RET6Q, STM32U545VEI6, STM32U545VEI6Q, STM32U545VET6, STM32U545VET6Q, STM32U595AIH6, STM32U595AIH6Q, STM32U595AJH6, STM32U595AJH6Q, STM32U595QII6, STM32U595QII6Q, STM32U595QJI6, STM32U595QJI6Q, STM32U595RIT6, STM32U595RIT6Q, STM32U595RJT6, STM32U595RJT6Q, STM32U595VIT6, STM32U595VIT6Q, STM32U595VJT6, STM32U595VJT6Q, STM32U595ZIT6, STM32U595ZIT6Q, STM32U595ZIY6QTR, STM32U595ZJT6, STM32U595ZJT6Q, STM32U595ZJY6QTR, STM32U599BJY6QTR, STM32U599NIH6Q, STM32U599NJH6Q, STM32U599VIT6Q, STM32U599VJT6, STM32U599VJT6Q, STM32U599ZIT6Q, STM32U599ZIY6QTR, STM32U599ZJT6Q, STM32U599ZJY6QTR, STM32U5A5AJH6, STM32U5A5AJH6Q, STM32U5A5QII3Q , STM32U5A5QJI6, STM32U5A5QJI6Q, STM32U5A5RJT6, STM32U5A5RJT6Q, STM32U5A5VJT6, STM32U5A5VJT6Q, STM32U5A5ZJT6, STM32U5A5ZJT6Q, STM32U5A5ZJY6QTR, STM32U5A9BJY6QTR, STM32U5A9J-DK, STM32U5A9NJH6Q, STM32U5A9VJT6Q, STM32U5A9ZJT6Q, STM32U5A9ZJY6QTR, STM32U5F7VIT6, STM32U5F7VIT6Q, STM32U5F7VJT6, STM32U5F7VJT6Q, STM32U5F9BJY6QTR, STM32U5F9NJH6Q, STM32U5F9VIT6Q, STM32U5F9VJT6Q, STM32U5F9ZIJ6QTR, STM32U5F9ZIT6Q, STM32U5F9ZJJ6QTR, STM32U5F9ZJT6Q, STM32U5G7VJT6, STM32U5G7VJT6Q, STM32U5G9BJY6QTR, STM32U5G9J-DK1, STM32U5G9J-DK2, STM32U5G9NJH6Q, STM32U5G9VJT6Q, STM32U5G9ZJJ6QTR, STM32U5G9ZJT6Q, STM32WB05KZV6TR, STM32WB05KZV7TR, STM32WB05TZF6TR, STM32WB05TZF7TR, STM32WB06CCF6TR, STM32WB06CCF7TR, STM32WB06CCV6TR, STM32WB06CCV7TR, STM32WB06KCV6TR, STM32WB06KCV7TR, STM32WB07CCF6TR, STM32WB07CCF7TR, STM32WB07CCV6TR, STM32WB07CCV7TR, STM32WB07KCV6TR, STM32WB07KCV7TR, STM32WB09KEV6TR, STM32WB09KEV7TR, STM32WB09TEF6TR, STM32WB09TEF7TR, STM32WB1MMCH6, STM32WBA50KGU6, STM32WBA50KGU6TR, STM32WBA52CEU6, STM32WBA52CEU6TR, STM32WBA52CEU7, STM32WBA52CEU7TR, STM32WBA52CGU6, STM32WBA52CGU6TR, STM32WBA52CGU6U, STM32WBA52CGU7, STM32WBA52CGU7TR, STM32WBA52KEU6, STM32WBA52KEU6TR, STM32WBA52KGU6, STM32WBA52KGU6TR, STM32WBA54CEU6, STM32WBA54CEU6TR, STM32WBA54CEU7, STM32WBA54CEU7TR, STM32WBA54CGU6, STM32WBA54CGU6TR, STM32WBA54CGU7, STM32WBA54CGU7TR, STM32WBA54KEU6, STM32WBA54KEU6TR, STM32WBA54KEU7, STM32WBA54KEU7TR, STM32WBA54KGU6, STM32WBA54KGU6TR, STM32WBA54KGU7, STM32WBA54KGU7TR, STM32WBA55CEU6, STM32WBA55CEU6TR, STM32WBA55CEU7, STM32WBA55CEU7TR, STM32WBA55CGU6, STM32WBA55CGU6TR, STM32WBA55CGU6U, STM32WBA55CGU7, STM32WBA55CGU7TR, STM32WBA55G-DK1, STM32WBA55HEF6, STM32WBA55HEF7, STM32WBA55HGF6, STM32WBA55HGF7, STM32WBA55UEI6, STM32WBA55UEI6TR, STM32WBA55UEI7, STM32WBA55UEI7TR, STM32WBA55UGI6, STM32WBA55UGI6TR, STM32WBA55UGI7, STM32WBA55UGI7TR, STM32WBA5MMGH6TR, STM32WBA62MGF6, STM32WBA62MIF6, STM32WBA65MGF7, STM32WBA65MIF6, STM32WBA65MIF7, STM32WL30K8V6, STM32WL30KBV6, STM32WL31C8V6, STM32WL31CBV6, STM32WL31K8V6, STM32WL31KBV6, STM32WL33C8V6, STM32WL33C8V6X, STM32WL33CBV6, STM32WL33CBV6X, STM32WL33CCV6, STM32WL33CCV6A, STM32WL33CCV6X, STM32WL33K8V7, STM32WL33K8V7X, STM32WL33KBV7 , STM32WL33KBV7X, STM32WL33KCV7, STM32WL33KCV7X, STM32WL5MOCH6, STM32WL5MOCH6TR]
2026-04-16 18:56:47,061 [INFO] BoardInfo:889 - No configuration file found for board P-NUCLEO-WB55
2026-04-16 18:56:47,063 [INFO] DbBoards:161 - Kit is not supported: P-NUCLEO-WB55
2026-04-16 18:56:47,067 [INFO] BoardInfo:889 - No configuration file found for board STEVAL-BFA001V1B
2026-04-16 18:56:47,068 [INFO] DbBoards:161 - Kit is not supported: STEVAL-BFA001V1B
2026-04-16 18:56:47,068 [INFO] BoardInfo:889 - No configuration file found for board STEVAL-BFA001V2B
2026-04-16 18:56:47,069 [INFO] DbBoards:161 - Kit is not supported: STEVAL-BFA001V2B
2026-04-16 18:56:47,192 [INFO] DbBoards:168 - Found 212 boards, 209 are supported
2026-04-16 18:56:47,193 [INFO] DbBoards:169 - Found 212 boards, 43 of them is supported for  Bsp
2026-04-16 18:56:47,197 [INFO] ApiDb:423 - Load user favorites file /Users/ggpai/.stm32cubeide/favorites.boards.txt: 1 item(s)
2026-04-16 18:56:47,197 [INFO] ApiDb:427 - User favorites Boards=[STM32F407G-DISC1]
2026-04-16 18:56:47,199 [INFO] DbBoards:198 - Set 1 / 1 favorites Boards
2026-04-16 18:56:47,201 [INFO] McuFinderGlobals:76 - Set McuFinderConnectedMode to false
2026-04-16 18:56:47,222 [INFO] MultiScanPanel:200 - Auto-refresh data requested => check proxy status ongoing
2026-04-16 18:56:47,222 [INFO] MultiScanPanel:204 - Proxy status is invalid
2026-04-16 18:56:47,226 [INFO] FinderPluginLoader:96 - Searching for filters in installed packs
2026-04-16 18:56:48,927 [WARN] DetailPanel:346 - Failed to get advertising image, set to default
2026-04-16 18:56:53,859 [INFO] MultiScanPanel:200 - Auto-refresh data requested => check proxy status ongoing
2026-04-16 18:56:53,864 [INFO] MultiScanPanel:204 - Proxy status is invalid
2026-04-16 18:56:54,063 [WARN] DetailPanel:346 - Failed to get advertising image, set to default
2026-04-16 18:56:54,090 [INFO] DbBoards:642 - Loading board mini-images...
2026-04-16 18:56:56,051 [INFO] DbBoards:665 - Loaded 212 board mini-images
2026-04-16 18:57:48,272 [INFO] MainUpdater:2872 - connection check result : 22
2026-04-16 18:57:48,866 [INFO] MicroXplorer:468 - Change Database Path : 
2026-04-16 18:57:48,866 [INFO] MicroXplorer:498 - Change Database Version : DB.6.0.150
2026-04-16 18:57:48,871 [WARN] ThirdParty:871 - waiting for thirdparty lock release [close project]
2026-04-16 18:57:48,871 [INFO] ThirdParty:873 - entering critical section [close project]
2026-04-16 18:57:48,875 [INFO] ThirdParty:883 - exiting critical section [close project]
2026-04-16 18:57:48,881 [INFO] PinOutPanel:1589 - setPackage(No Configuration,No Configuration)
2026-04-16 18:57:48,884 [INFO] UtilMem:75 - Begin LoadConfig() Used Memory: 467371512 Bytes (751828992)
2026-04-16 18:57:48,891 [INFO] OpenFileManager:355 - Change cursor
2026-04-16 18:57:49,029 [INFO] ProjectFactory:514 - No CPN specified for board NUCLEO-F446RE => set CPN to STM32F446RET6
2026-04-16 18:57:49,037 [INFO] Mcu:2029 - Initializing MCU STM32F446R(C-E)Tx STM32F446RETx STM32F446RET6
2026-04-16 18:57:51,034 [INFO] Context:786 - Trying to add GPIOservice into a context  which must be forbidden
2026-04-16 18:57:51,658 [INFO] Rule:233 - rule 117617 - U5Cobra4M][GTZC] default value MPCBB3 and MPCBB5 - Not Secured memory - MPCBB1 is applicable
2026-04-16 18:57:51,660 [INFO] Rule:233 - rule 117617 - U5Cobra4M][GTZC] default value MPCBB3 and MPCBB5 - Not Secured memory - MPCBB1 is applicable
2026-04-16 18:57:51,660 [INFO] Rule:233 - rule 117617 - U5Cobra4M][GTZC] default value MPCBB3 and MPCBB5 - Not Secured memory - MPCBB2 is applicable
2026-04-16 18:57:51,660 [INFO] Rule:233 - rule 117617 - U5Cobra4M][GTZC] default value MPCBB3 and MPCBB5 - Not Secured memory - MPCBB2 is applicable
2026-04-16 18:57:51,660 [INFO] Rule:233 - rule 117617 - U5Cobra4M][GTZC] default value MPCBB3 and MPCBB5 - Not Secured memory - MPCBB3 is applicable
2026-04-16 18:57:51,660 [INFO] Rule:233 - rule 117617 - U5Cobra4M][GTZC] default value MPCBB3 and MPCBB5 - Not Secured memory - MPCBB3 is applicable
2026-04-16 18:57:51,661 [INFO] Rule:233 - rule 117617 - U5Cobra4M][GTZC] default value MPCBB3 and MPCBB5 - Not Secured memory - MPCBB4 is applicable
2026-04-16 18:57:51,661 [INFO] Rule:233 - rule 117617 - U5Cobra4M][GTZC] default value MPCBB3 and MPCBB5 - Not Secured memory - MPCBB4 is applicable
2026-04-16 18:57:51,661 [INFO] Rule:233 - rule 117617 - U5Cobra4M][GTZC] default value MPCBB3 and MPCBB5 - Secured memory - MPCBB1 is applicable
2026-04-16 18:57:51,661 [INFO] Rule:233 - rule 117617 - U5Cobra4M][GTZC] default value MPCBB3 and MPCBB5 - Secured memory - MPCBB2 is applicable
2026-04-16 18:57:51,661 [INFO] Rule:233 - rule 117617 - U5Cobra4M][GTZC] default value MPCBB3 and MPCBB5 - Secured memory - MPCBB3 is applicable
2026-04-16 18:57:51,661 [INFO] Rule:233 - rule 117617 - U5Cobra4M][GTZC] default value MPCBB3 and MPCBB5 - Secured memory - MPCBB4 is applicable
2026-04-16 18:57:51,661 [INFO] Rule:233 - rule 117617 - U5Cobra4M][GTZC] default value MPCBB3 and MPCBB5 - Privileged memory - MPCBB1 is applicable
2026-04-16 18:57:51,661 [INFO] Rule:233 - rule 117617 - U5Cobra4M][GTZC] default value MPCBB3 and MPCBB5 - Privileged memory - MPCBB2 is applicable
2026-04-16 18:57:51,661 [INFO] Rule:233 - rule 117617 - U5Cobra4M][GTZC] default value MPCBB3 and MPCBB5 - Privileged memory - MPCBB3 is applicable
2026-04-16 18:57:51,661 [INFO] Rule:233 - rule 117617 - U5Cobra4M][GTZC] default value MPCBB3 and MPCBB5 - Privileged memory - MPCBB4 is applicable
2026-04-16 18:57:51,661 [INFO] Rule:233 - rule 117617 - U5Cobra4M][GTZC] default value MPCBB3 and MPCBB5 - Not Privileged memory - MPCBB1 is applicable
2026-04-16 18:57:51,661 [INFO] Rule:233 - rule 117617 - U5Cobra4M][GTZC] default value MPCBB3 and MPCBB5 - Not Privileged memory - MPCBB2 is applicable
2026-04-16 18:57:51,661 [INFO] Rule:233 - rule 117617 - U5Cobra4M][GTZC] default value MPCBB3 and MPCBB5 - Not Privileged memory - MPCBB3 is applicable
2026-04-16 18:57:51,661 [INFO] Rule:233 - rule 117617 - U5Cobra4M][GTZC] default value MPCBB3 and MPCBB5 - Not Privileged memory - MPCBB4 is applicable
2026-04-16 18:57:51,661 [INFO] Rule:233 - rule 117617 - U5Cobra4M][GTZC] default value MPCBB3 and MPCBB5 - Privileged memory - MPCBB1 is applicable
2026-04-16 18:57:51,661 [INFO] Rule:233 - rule 117617 - U5Cobra4M][GTZC] default value MPCBB3 and MPCBB5 - Privileged memory - MPCBB2 is applicable
2026-04-16 18:57:51,661 [INFO] Rule:233 - rule 117617 - U5Cobra4M][GTZC] default value MPCBB3 and MPCBB5 - Privileged memory - MPCBB3 is applicable
2026-04-16 18:57:51,661 [INFO] Rule:233 - rule 117617 - U5Cobra4M][GTZC] default value MPCBB3 and MPCBB5 - Privileged memory - MPCBB4 is applicable
2026-04-16 18:57:51,662 [INFO] Rule:233 - rule 117617 - U5Cobra4M][GTZC] default value MPCBB3 and MPCBB5 - Privileged memory - MPCBB1 is applicable
2026-04-16 18:57:51,662 [INFO] Rule:233 - rule 117617 - U5Cobra4M][GTZC] default value MPCBB3 and MPCBB5 - Privileged memory - MPCBB2 is applicable
2026-04-16 18:57:51,662 [INFO] Rule:233 - rule 117617 - U5Cobra4M][GTZC] default value MPCBB3 and MPCBB5 - Privileged memory - MPCBB3 is applicable
2026-04-16 18:57:51,662 [INFO] Rule:233 - rule 117617 - U5Cobra4M][GTZC] default value MPCBB3 and MPCBB5 - Privileged memory - MPCBB4 is applicable
2026-04-16 18:57:51,662 [INFO] Rule:233 - rule 117617 - U5Cobra4M][GTZC] default value MPCBB3 and MPCBB5 - Not Privileged memory - MPCBB1 is applicable
2026-04-16 18:57:51,662 [INFO] Rule:233 - rule 117617 - U5Cobra4M][GTZC] default value MPCBB3 and MPCBB5 - Not Privileged memory - MPCBB2 is applicable
2026-04-16 18:57:51,662 [INFO] Rule:233 - rule 117617 - U5Cobra4M][GTZC] default value MPCBB3 and MPCBB5 - Not Privileged memory - MPCBB3 is applicable
2026-04-16 18:57:51,662 [INFO] Rule:233 - rule 117617 - U5Cobra4M][GTZC] default value MPCBB3 and MPCBB5 - Not Privileged memory - MPCBB4 is applicable
2026-04-16 18:57:51,662 [INFO] Rule:233 - rule 117617 - U5Cobra4M][GTZC] default value MPCBB3 and MPCBB5 - Privileged memory - MPCBB1 is applicable
2026-04-16 18:57:51,662 [INFO] Rule:233 - rule 117617 - U5Cobra4M][GTZC] default value MPCBB3 and MPCBB5 - Privileged memory - MPCBB2 is applicable
2026-04-16 18:57:51,662 [INFO] Rule:233 - rule 117617 - U5Cobra4M][GTZC] default value MPCBB3 and MPCBB5 - Privileged memory - MPCBB3 is applicable
2026-04-16 18:57:51,662 [INFO] Rule:233 - rule 117617 - U5Cobra4M][GTZC] default value MPCBB3 and MPCBB5 - Privileged memory - MPCBB4 is applicable
2026-04-16 18:57:51,662 [INFO] Rule:233 - rule Rename SubGHz_Phy SUBGHZ_APPLICATION SUBGHZ_PINGPONG to SUBGHZ_ADV_APPLICATION is applicable
2026-04-16 18:57:51,662 [INFO] Rule:233 - rule Rename Enabled to IBEACON is applicable
2026-04-16 18:57:51,662 [INFO] Rule:233 - rule GTZC_S instance for project manager is applicable
2026-04-16 18:57:51,662 [INFO] Rule:233 - rule GTZC_S instance for context M33S is applicable
2026-04-16 18:57:51,662 [INFO] Rule:233 - rule GTZC_S instance value for IP GTZC is applicable
2026-04-16 18:57:51,662 [INFO] Rule:233 - rule GTZC_S instance for mcu.IP is applicable
2026-04-16 18:57:51,662 [INFO] Rule:233 - rule GTZC_S instance for VP is applicable
2026-04-16 18:57:51,662 [INFO] Rule:233 - rule GTZC_S instance for signal is applicable
2026-04-16 18:57:51,662 [INFO] Rule:233 - rule GTZC_S instance for mcu.Pin is applicable
2026-04-16 18:57:51,662 [INFO] Rule:233 - rule GTZC_S instance for VP is applicable
2026-04-16 18:57:51,662 [INFO] Rule:233 - rule GTZC_S instance for signal is applicable
2026-04-16 18:57:51,662 [INFO] Rule:233 - rule GTZC_S instance for mcu is applicable
2026-04-16 18:57:51,662 [INFO] Rule:233 - rule GTZC_S instance for mcu.Pin is applicable
2026-04-16 18:57:51,662 [INFO] Rule:233 - rule GTZC_S instance value for IP GTZC is applicable
2026-04-16 18:57:51,662 [INFO] Rule:233 - rule GTZC_S instance for project manager is applicable
2026-04-16 18:57:51,662 [INFO] Rule:233 - rule GTZC_S instance for context M33S is applicable
2026-04-16 18:57:51,662 [INFO] Rule:233 - rule GTZC_S instance for VP is applicable
2026-04-16 18:57:51,662 [INFO] Rule:233 - rule GTZC_S instance for signal is applicable
2026-04-16 18:57:51,663 [INFO] Rule:233 - rule SPDIFRX instance for mcu is applicable
2026-04-16 18:57:51,663 [INFO] Rule:233 - rule Rename Tracer Mode is applicable
2026-04-16 18:57:51,663 [INFO] Rule:233 - rule SPDIFRX instance value for IP SPDIFRX is applicable
2026-04-16 18:57:51,663 [INFO] Rule:233 - rule SPDIFRX instance for signal is applicable
2026-04-16 18:57:51,663 [INFO] Rule:233 - rule SPDIFRX instance for project manager is applicable
2026-04-16 18:57:51,663 [INFO] Rule:233 - rule SPDIFRX instance for project manager is applicable
2026-04-16 18:57:51,663 [INFO] Rule:233 - rule ADC Scan  fix with FW F7 is applicable
2026-04-16 18:57:51,663 [INFO] Rule:233 - rule ADC Scan  fix with FW F7 is applicable
2026-04-16 18:57:51,663 [INFO] Rule:233 - rule DFSDM instance value for IP DFSDM is applicable
2026-04-16 18:57:51,663 [INFO] Rule:233 - rule DFSDM instance for mcu is applicable
2026-04-16 18:57:51,663 [INFO] Rule:233 - rule DFSDM instance for VP is applicable
2026-04-16 18:57:51,663 [INFO] Rule:233 - rule DFSDM instance for signal is applicable
2026-04-16 18:57:51,663 [INFO] Rule:233 - rule DFSDM instance for shared is applicable
2026-04-16 18:57:51,663 [INFO] Rule:233 - rule BreakInputSource parameter for IP Timer is applicable
2026-04-16 18:57:51,663 [INFO] Rule:233 - rule Sourcebreak parameter for IP Timer is applicable
2026-04-16 18:57:51,663 [INFO] Rule:233 - rule Sourcebreak parameter for IP Timer is applicable
2026-04-16 18:57:51,663 [INFO] Rule:233 - rule DFSDM for PCC is applicable
2026-04-16 18:57:51,663 [INFO] Rule:233 - rule Serial_Wire Mode is applicable
2026-04-16 18:57:51,664 [INFO] Rule:233 - rule JTAG_4_pins Mode is applicable
2026-04-16 18:57:51,664 [INFO] Rule:233 - rule JTAG_5_pins Mode is applicable
2026-04-16 18:57:51,664 [INFO] Rule:233 - rule Trace_Asynchronous_SW Mode is applicable
2026-04-16 18:57:51,664 [INFO] Rule:233 - rule Trace_Synchro_1bit_JTAG Mode is applicable
2026-04-16 18:57:51,665 [INFO] Rule:233 - rule Trace_Synchro_2bits_JTAG Mode is applicable
2026-04-16 18:57:51,665 [INFO] Rule:233 - rule Trace_Synchro_4bits_JTAG Mode is applicable
2026-04-16 18:57:51,665 [INFO] Rule:233 - rule Trace_Synchro_1bit_SW Mode is applicable
2026-04-16 18:57:51,665 [INFO] Rule:233 - rule Trace_Synchro_2bits_SW Mode is applicable
2026-04-16 18:57:51,665 [INFO] Rule:233 - rule Trace_Synchro_4bits_SW Mode is applicable
2026-04-16 18:57:51,665 [INFO] Rule:233 - rule SYS_WakeUp0 Mode is applicable
2026-04-16 18:57:51,665 [INFO] Rule:233 - rule SYS_WakeUp0 Mode for STM32F446 is applicable
2026-04-16 18:57:51,665 [INFO] Rule:233 - rule SYS_WakeUp1 Mode is applicable
2026-04-16 18:57:51,665 [INFO] Rule:233 - rule SYS_WakeUp1 Mode for STM32F446 is applicable
2026-04-16 18:57:51,665 [INFO] Rule:233 - rule SYS_WakeUp2 Mode is applicable
2026-04-16 18:57:51,666 [INFO] Rule:233 - rule SYS_WakeUp3 Mode is applicable
2026-04-16 18:57:51,666 [INFO] Rule:233 - rule SYS_WakeUp4 Mode is applicable
2026-04-16 18:57:51,666 [INFO] Rule:233 - rule SYS_WakeUp5 Mode is applicable
2026-04-16 18:57:51,666 [INFO] Rule:233 - rule SYS_WakeUp6 Mode is applicable
2026-04-16 18:57:51,666 [INFO] Rule:233 - rule SYS_WakeUp7 Mode is applicable
2026-04-16 18:57:51,666 [INFO] Rule:233 - rule WakeUp0 Mode is applicable
2026-04-16 18:57:51,666 [INFO] Rule:233 - rule WakeUp0 SIGNAL is applicable
2026-04-16 18:57:51,666 [INFO] Rule:233 - rule WakeUp1 Mode is applicable
2026-04-16 18:57:51,666 [INFO] Rule:233 - rule WakeUp1 SIGNAL is applicable
2026-04-16 18:57:51,666 [INFO] Rule:233 - rule WakeUp2 Mode is applicable
2026-04-16 18:57:51,666 [INFO] Rule:233 - rule WakeUp2 SIGNAL is applicable
2026-04-16 18:57:51,666 [INFO] Rule:233 - rule WakeUp4 Mode is applicable
2026-04-16 18:57:51,666 [INFO] Rule:233 - rule WakeUp4 SIGNAL is applicable
2026-04-16 18:57:51,666 [INFO] Rule:233 - rule WakeUp5 Mode is applicable
2026-04-16 18:57:51,666 [INFO] Rule:233 - rule WakeUp5 SIGNAL is applicable
2026-04-16 18:57:51,666 [INFO] Rule:233 - rule Mode_PVD_Ext is applicable
2026-04-16 18:57:51,666 [INFO] Rule:233 - rule Mode_PVD_Int is applicable
2026-04-16 18:57:51,666 [INFO] Rule:233 - rule Add RTC Activate Clock Source is applicable
2026-04-16 18:57:51,666 [INFO] Rule:233 - rule Add RTC Activate Calendar 1 is applicable
2026-04-16 18:57:51,666 [INFO] Rule:233 - rule Add RTC Activate Calendar 2 is applicable
2026-04-16 18:57:51,666 [INFO] Rule:233 - rule Add RTC Activate Calendar 3 is applicable
2026-04-16 18:57:51,666 [INFO] Rule:233 - rule UART/USART TX Mode is applicable
2026-04-16 18:57:51,666 [INFO] Rule:233 - rule UART/USART RX Mode is applicable
2026-04-16 18:57:51,666 [INFO] Rule:233 - rule UART/USART RX TX Mode is applicable
2026-04-16 18:57:51,666 [INFO] Rule:233 - rule UART/USART PARITY NONE is applicable
2026-04-16 18:57:51,666 [INFO] Rule:233 - rule UART/USART PARITY EVEN is applicable
2026-04-16 18:57:51,666 [INFO] Rule:233 - rule UART/USART PARITY ODD is applicable
2026-04-16 18:57:51,667 [INFO] Rule:233 - rule USART StopBits 1 is applicable
2026-04-16 18:57:51,667 [INFO] Rule:233 - rule USART StopBits 2 is applicable
2026-04-16 18:57:51,667 [INFO] Rule:233 - rule USART StopBits 1.5 is applicable
2026-04-16 18:57:51,667 [INFO] Rule:233 - rule USART StopBits 0.5 is applicable
2026-04-16 18:57:51,667 [INFO] Rule:233 - rule UART/USART WORD LENGTH 7 is applicable
2026-04-16 18:57:51,667 [INFO] Rule:233 - rule UART/USART WORD LENGTH 8 is applicable
2026-04-16 18:57:51,667 [INFO] Rule:233 - rule UART/USART WORD LENGTH 9 is applicable
2026-04-16 18:57:51,667 [INFO] Rule:233 - rule Rename FMC NAND NCE signal is applicable
2026-04-16 18:57:51,667 [INFO] Rule:233 - rule Rename FMC NAND INT signal is applicable
2026-04-16 18:57:51,667 [INFO] Rule:233 - rule Change Default Value for LSE Drive Capability for WB family is applicable
2026-04-16 18:57:51,667 [INFO] Rule:233 - rule Change Default Value for ADC Clock Prescaler G0 family is applicable
2026-04-16 18:57:51,667 [INFO] Rule:233 - rule Change Default Value for ADC ExternalTrigConv L4 family is applicable
2026-04-16 18:57:51,667 [INFO] Rule:233 - rule Change Default Value for ADC ExternalTrigInjecConv L4 family is applicable
2026-04-16 18:57:51,667 [INFO] Rule:233 - rule Change Default Value for ADC ExternalTrigConv F3 family is applicable
2026-04-16 18:57:51,668 [INFO] Rule:233 - rule Change Default Value for ADC ExternalTrigInjecConv F3 family is applicable
2026-04-16 18:57:51,668 [INFO] Rule:233 - rule Change Default Value for ADC ExternalTrigConv Goldfish serie is applicable
2026-04-16 18:57:51,668 [INFO] Rule:233 - rule Change Default Value for ADC ExternalTrigInjecConv Goldfish serie is applicable
2026-04-16 18:57:51,669 [INFO] Rule:233 - rule Change Default Value for ADC ExternalTrigConv L0 family is applicable
2026-04-16 18:57:51,669 [INFO] Rule:233 - rule Change Default Value for ADC ExternalTrigConv F0 family is applicable
2026-04-16 18:57:51,669 [INFO] Rule:233 - rule Change Default Value for ADC ExternalTrigConvn L1 family is applicable
2026-04-16 18:57:51,669 [INFO] Rule:233 - rule Change Default Value for ADC ExternalTrigInjecConv L1 family is applicable
2026-04-16 18:57:51,669 [INFO] Rule:233 - rule Change Default Value for ADC ExternalTrigConv F1 family is applicable
2026-04-16 18:57:51,669 [INFO] Rule:233 - rule Change Default Value for ADC ExternalTrigInjecConv F1 family is applicable
2026-04-16 18:57:51,669 [INFO] Rule:233 - rule Change Default Value for ADC ExternalTrigConv F7 family is applicable
2026-04-16 18:57:51,669 [INFO] Rule:233 - rule Change Default Value for ADC ExternalTrigInjecConv F7 family is applicable
2026-04-16 18:57:51,669 [INFO] Rule:233 - rule Change Default Value for ADC ExternalTrigConv F4 and F2 family is applicable
2026-04-16 18:57:51,669 [INFO] Rule:233 - rule Change Default Value for ADC ExternalTrigInjecConv F4 and F2 family is applicable
2026-04-16 18:57:51,669 [INFO] Rule:233 - rule ADC SamplingTime fix with FW L0  is applicable
2026-04-16 18:57:51,669 [INFO] Rule:233 - rule ADC SamplingTime fix with FW L0  is applicable
2026-04-16 18:57:51,669 [INFO] Rule:233 - rule ADC SamplingTime fix with FW L0 is applicable
2026-04-16 18:57:51,669 [INFO] Rule:233 - rule ADC SamplingTime fix with FW L0 is applicable
2026-04-16 18:57:51,669 [INFO] Rule:233 - rule ADC SamplingTime fix with FW L0  is applicable
2026-04-16 18:57:51,669 [INFO] Rule:233 - rule ADC SamplingTime fix with FW L0 is applicable
2026-04-16 18:57:51,669 [INFO] Rule:233 - rule Rename USB_OE Signal is applicable
2026-04-16 18:57:51,669 [INFO] Rule:233 - rule Rename Activate_OE Mode is applicable
2026-04-16 18:57:51,669 [INFO] Rule:233 - rule Rename DIE462/DIE415 pin PC14/OSC32_IN -> PC14-OSC32_IN (PC14) is applicable
2026-04-16 18:57:51,669 [INFO] Rule:233 - rule Rename DIE462/DIE415 pin PC15/OSC32_OUT -> PC15-OSC32_OUT (PC15) is applicable
2026-04-16 18:57:51,669 [INFO] Rule:233 - rule Rename DIE462/DIE415 pin PH0/OSC_IN -> PH0-OSC_IN (PH0) is applicable
2026-04-16 18:57:51,669 [INFO] Rule:233 - rule Rename DIE462/DIE415 pin PH1/OSC_OUT -> PH1-OSC_OUT (PH1) is applicable
2026-04-16 18:57:51,669 [INFO] Rule:233 - rule Rename DIE462 pin PA13 -> PA13 (JTMS/SWDIO) is applicable
2026-04-16 18:57:51,669 [INFO] Rule:233 - rule Rename DIE415 pin PA13 -> PA13 (JTMS/SWDIO) is applicable
2026-04-16 18:57:51,669 [INFO] Rule:233 - rule Rename DIE462 pin PA14 -> PA14 (JTCK/SWCLK) is applicable
2026-04-16 18:57:51,669 [INFO] Rule:233 - rule Rename DIE415 pin PA14 -> PA14 (JTCK/SWCLK) is applicable
2026-04-16 18:57:51,669 [INFO] Rule:233 - rule Rename DIE462/DIE415 pin PA15 -> PA15 (JTDI) is applicable
2026-04-16 18:57:51,669 [INFO] Rule:233 - rule Rename DIE462 pin PB3 -> PB3 (JTD0/TRACESWO) is applicable
2026-04-16 18:57:51,669 [INFO] Rule:233 - rule Rename DIE415 pin PB3 -> PB3 (JTD0-TRACESWO) is applicable
2026-04-16 18:57:51,669 [INFO] Rule:233 - rule Rename DIE462/DIE415 pin PB4 -> PB4 (NJTRST) is applicable
2026-04-16 18:57:51,669 [INFO] Rule:233 - rule Rename DIE462 pin PH3/BOOT0 -> PH3-BOOT0 (BOOT0) is applicable
2026-04-16 18:57:51,669 [INFO] Rule:233 - rule Rename CRYP DataEncryptionTypesList to Algorithm is applicable
2026-04-16 18:57:51,669 [INFO] Rule:233 - rule Rename AES DataEncryptionTypesList to Algorithm is applicable
2026-04-16 18:57:51,669 [INFO] Rule:233 - rule Rename TDESECB to CRYP_TDES_ECB is applicable
2026-04-16 18:57:51,669 [INFO] Rule:233 - rule Rename TDESCBC to CRYP_TDES_CBC is applicable
2026-04-16 18:57:51,669 [INFO] Rule:233 - rule Rename DESECB to CRYP_DES_ECB is applicable
2026-04-16 18:57:51,669 [INFO] Rule:233 - rule Rename DESCBC to CRYP_DES_CBC is applicable
2026-04-16 18:57:51,669 [INFO] Rule:233 - rule Rename AESECB to CRYP_AES_ECB is applicable
2026-04-16 18:57:51,669 [INFO] Rule:233 - rule Rename AESCBC to CRYP_AES_CBC is applicable
2026-04-16 18:57:51,669 [INFO] Rule:233 - rule Rename AESCTR to CRYP_AES_CTR is applicable
2026-04-16 18:57:51,669 [INFO] Rule:233 - rule Rename AESGCM to CRYP_AES_GCM is applicable
2026-04-16 18:57:51,670 [INFO] Rule:233 - rule Rename AESCCM to CRYP_AES_CCM is applicable
2026-04-16 18:57:51,670 [INFO] Rule:233 - rule Rename CAN TimeSeg1 to BS1 is applicable
2026-04-16 18:57:51,670 [INFO] Rule:233 - rule Rename CAN TimeSeg2 to BS2 is applicable
2026-04-16 18:57:51,670 [INFO] Rule:233 - rule Rename CAN SyncJumpWidth to SJW is applicable
2026-04-16 18:57:51,670 [INFO] Rule:233 - rule TimeTriggeredMode to TTCM is applicable
2026-04-16 18:57:51,670 [INFO] Rule:233 - rule Rename CAN AutoBusOff to ABOM is applicable
2026-04-16 18:57:51,670 [INFO] Rule:233 - rule Rename CAN AutoWakeUp to AWUM is applicable
2026-04-16 18:57:51,670 [INFO] Rule:233 - rule Rename CAN AutoRetransmission to NART is applicable
2026-04-16 18:57:51,670 [INFO] Rule:233 - rule Rename CAN ReceiveFifoLocked to RFLM is applicable
2026-04-16 18:57:51,670 [INFO] Rule:233 - rule Rename CAN TransmitFifoPriority to TXFP is applicable
2026-04-16 18:57:51,670 [INFO] Rule:233 - rule Rename HRTIMER HRTIM_OUTPUTFAULTLEVEL_HIGH in HRTIMER HRTIM_OUTPUTFAULTLEVEL_HIGHZ is applicable
2026-04-16 18:57:51,670 [INFO] Rule:233 - rule Rename TIMER TIM_CLEARINPUTSOURCE_OCREFCLR in  TIMER TIM_CLEARINPUTSOURCE_NONE for F7 family is applicable
2026-04-16 18:57:51,670 [INFO] Rule:233 - rule FDCAN_R1 - Rename FDCAN mode Master into Classic is applicable
2026-04-16 18:57:51,670 [INFO] Rule:233 - rule FDCAN_R2 - Rename FDCAN mode Slave into Classic is applicable
2026-04-16 18:57:51,670 [INFO] Rule:233 - rule FDCAN1_R3 - if PA10.Mode=FullDuplex, add Pin PA12 is applicable
2026-04-16 18:57:51,670 [INFO] Rule:233 - rule FDCAN1_R3 - if PA9.Mode=FullDuplex, add Pin PA11 is applicable
2026-04-16 18:57:51,670 [INFO] Rule:233 - rule FDCAN1_R3 - Alternatepin_1 - if PE1.Mode=FullDuplex, add Pin PB9 is applicable
2026-04-16 18:57:51,670 [INFO] Rule:233 - rule FDCAN1_R3 - Alternatepin_1 - if PE0.Mode=FullDuplex, add Pin PB8 is applicable
2026-04-16 18:57:51,670 [INFO] Rule:233 - rule FDCAN1_R3 - Alternatepin_2 - if PD5.Mode=FullDuplex, add Pin PD1 is applicable
2026-04-16 18:57:51,670 [INFO] Rule:233 - rule FDCAN1_R3 - Alternatepin_2 - if PD4.Mode=FullDuplex, add Pin PD0 is applicable
2026-04-16 18:57:51,670 [INFO] Rule:233 - rule FDCAN1_R4 - Rename Mode FullDuplex into Enable FDCAN_TXFD for pin PA10 is applicable
2026-04-16 18:57:51,670 [INFO] Rule:233 - rule FDCAN1_R4 - Rename Mode FullDuplex into Enable FDCAN_TXFD for pin PA9 is applicable
2026-04-16 18:57:51,670 [INFO] Rule:233 - rule FDCAN1_R4 - Alternatepin_1 - Rename Mode FullDuplex into Enable FDCAN_TXFD for pin PE1 is applicable
2026-04-16 18:57:51,670 [INFO] Rule:233 - rule FDCAN1_R4 - Alternatepin_1 - Rename Mode FullDuplex into Enable FDCAN_TXFD for pin PE0 is applicable
2026-04-16 18:57:51,670 [INFO] Rule:233 - rule FDCAN1_R4 - Alternatepin_2 - Rename Mode FullDuplex into Enable FDCAN_TXFD for pin PD5 is applicable
2026-04-16 18:57:51,670 [INFO] Rule:233 - rule FDCAN1_R4 - Alternatepin_2 - Rename Mode FullDuplex into Enable FDCAN_TXFD for pin PD4 is applicable
2026-04-16 18:57:51,670 [INFO] Rule:233 - rule FDCAN2_R3 - if PD10.Mode=FullDuplex, add Pin PB13 is applicable
2026-04-16 18:57:51,670 [INFO] Rule:233 - rule FDCAN2_R3 - if PD9.Mode=FullDuplex, add Pin PB12 is applicable
2026-04-16 18:57:51,670 [INFO] Rule:233 - rule FDCAN2_R3 - Alternatepin_1 - if PB7.Mode=FullDuplex, add Pin PB6 is applicable
2026-04-16 18:57:51,670 [INFO] Rule:233 - rule FDCAN2_R3 - Alternatepin_1 - if PD9.Mode=FullDuplex, add Pin PB12 is applicable
2026-04-16 18:57:51,670 [INFO] Rule:233 - rule FDCAN2_R4 - Rename Mode FullDuplex into Enable FDCAN_TXFD for pin PD10 is applicable
2026-04-16 18:57:51,670 [INFO] Rule:233 - rule FDCAN2_R4 - Rename Mode FullDuplex into Enable FDCAN_TXFD for pin PD9 is applicable
2026-04-16 18:57:51,670 [INFO] Rule:233 - rule FDCAN2_R4 - Alternatepin_1 - Rename Mode FullDuplex into Enable FDCAN_TXFD for pin PB7 is applicable
2026-04-16 18:57:51,670 [INFO] Rule:233 - rule FDCAN2_R4 - Alternatepin_1 - Rename Mode FullDuplex into Enable FDCAN_TXFD for pin PD6 is applicable
2026-04-16 18:57:51,670 [INFO] Rule:233 - rule USART TxPinLevelInvertParam Mode is applicable
2026-04-16 18:57:51,670 [INFO] Rule:233 - rule USART RxPinLevelInvertParam Mode is applicable
2026-04-16 18:57:51,670 [INFO] Rule:233 - rule USART DataInvertParam Mode is applicable
2026-04-16 18:57:51,670 [INFO] Rule:233 - rule USART SwapParam Mode is applicable
2026-04-16 18:57:51,670 [INFO] Rule:233 - rule USART OverrunDisableParam Mode is applicable
2026-04-16 18:57:51,670 [INFO] Rule:233 - rule USART DMADisableonRxErrorParam Mode is applicable
2026-04-16 18:57:51,671 [INFO] Rule:233 - rule USART MSBFirstParam Mode is applicable
2026-04-16 18:57:51,671 [INFO] Rule:233 - rule Update MwName for USB_DEVICE is applicable
2026-04-16 18:57:51,671 [INFO] Rule:233 - rule Change PWR_Regulator_Voltage_Scale Default Value for RCC  H7 family is applicable
2026-04-16 18:57:51,671 [INFO] Rule:233 - rule UART/USART IPParameter rename Prescaler parameter to ClockPrescaler is applicable
2026-04-16 18:57:51,671 [INFO] Rule:233 - rule UART/USART Prescaler rename Prescaler parameter to ClockPrescaler is applicable
2026-04-16 18:57:51,671 [INFO] Rule:233 - rule TIM1CLockSelection is applicable
2026-04-16 18:57:51,671 [INFO] Rule:233 - rule TIM15CLockSelection is applicable
2026-04-16 18:57:51,671 [INFO] Rule:233 - rule align RCC SDMMC3CLockSelection default value on MP1 is applicable
2026-04-16 18:57:51,671 [INFO] Rule:233 - rule align RCC SDMMC12CLockSelection default value on MP1 is applicable
2026-04-16 18:57:51,671 [INFO] Rule:233 - rule align RCC QSPICLockSelection default value on MP1 is applicable
2026-04-16 18:57:51,671 [INFO] Rule:233 - rule align RCC QSPICLockSelection default value on MP1 is applicable
2026-04-16 18:57:51,671 [INFO] Rule:233 - rule align RCC SPI6CLockSelection default value on MP1 is applicable
2026-04-16 18:57:51,671 [INFO] Rule:233 - rule align RCC LPTIM23CLockSelection default value on MP1 is applicable
2026-04-16 18:57:51,671 [INFO] Rule:233 - rule align RCC LPTIM1CLockSelection default value on MP1 is applicable
2026-04-16 18:57:51,671 [INFO] Rule:233 - rule align RCC USART1CLockSelection default value on MP1 is applicable
2026-04-16 18:57:51,671 [INFO] Rule:233 - rule align RCC USART24CLockSelection default value on MP1 is applicable
2026-04-16 18:57:51,671 [INFO] Rule:233 - rule align RCC USART6CLockSelection default value on MP1 is applicable
2026-04-16 18:57:51,671 [INFO] Rule:233 - rule align RCC UART78CLockSelection default value on MP1 is applicable
2026-04-16 18:57:51,671 [INFO] Rule:233 - rule align RCC USART35CLockSelection default value on MP1 is applicable
2026-04-16 18:57:51,671 [INFO] Rule:233 - rule align RCC SPI45CLockSelection default value on MP1 is applicable
2026-04-16 18:57:51,671 [INFO] Rule:233 - rule align RCC I2C46CLockSelection BCLK value on MP1 is applicable
2026-04-16 18:57:51,671 [INFO] Rule:233 - rule align RCC SPI45CLockSelection default value on MP1 is applicable
2026-04-16 18:57:51,671 [INFO] Rule:233 - rule align RCC I2C12CLockSelection default value on MP1 is applicable
2026-04-16 18:57:51,671 [INFO] Rule:233 - rule align RCC I2C35CLockSelection default value on MP1 is applicable
2026-04-16 18:57:51,671 [INFO] Rule:233 - rule align RCC LPTIM45CLockSelection default value on MP1 is applicable
2026-04-16 18:57:51,671 [INFO] Rule:233 - rule Rename DCMI PIXCK signal is applicable
2026-04-16 18:57:51,672 [INFO] Rule:233 - rule Change Default Value for I2C46CLockSelection MP1 family is applicable
2026-04-16 18:57:51,672 [INFO] Rule:233 - rule Change Default Value for UART for G4, G0 and WB families is applicable
2026-04-16 18:57:51,672 [INFO] Rule:233 - rule Change Default Value for USART for G4, G0 and WB families is applicable
2026-04-16 18:57:51,672 [INFO] Rule:233 - rule Change Default Value for USART for G4 family is applicable
2026-04-16 18:57:51,672 [INFO] Rule:233 - rule Change USART1CLockSelection refparam name for MP1 is applicable
2026-04-16 18:57:51,672 [INFO] Rule:233 - rule Change USART2CLockSelection refparam name for MP1 is applicable
2026-04-16 18:57:51,672 [INFO] Rule:233 - rule Change USART3CLockSelection refparam name for MP1 is applicable
2026-04-16 18:57:51,672 [INFO] Rule:233 - rule Change UART4CLockSelection refparam name for MP1 is applicable
2026-04-16 18:57:51,672 [INFO] Rule:233 - rule Change UART5CLockSelection refparam name for MP1 is applicable
2026-04-16 18:57:51,672 [INFO] Rule:233 - rule Change LPUART1CLockSelection refparam name for MP1 is applicable
2026-04-16 18:57:51,672 [INFO] Rule:233 - rule Change LPTIM1CLockSelection refparam name for MP1 is applicable
2026-04-16 18:57:51,672 [INFO] Rule:233 - rule Change LPTIM2CLockSelection refparam name for MP1 is applicable
2026-04-16 18:57:51,672 [INFO] Rule:233 - rule Change RCC_MCO1Source refparam name for MP1 is applicable
2026-04-16 18:57:51,673 [INFO] Rule:233 - rule Change LSCOSource1 refparam name for MP1 is applicable
2026-04-16 18:57:51,673 [INFO] Rule:233 - rule Change SMPSCLockSelection refparam name for MP1 is applicable
2026-04-16 18:57:51,673 [INFO] Rule:233 - rule Change LPTIM3CLockSelection refparam name for MP1 is applicable
2026-04-16 18:57:51,674 [INFO] Rule:233 - rule Change MPCBB* Default Template Mode to Parameters is applicable
2026-04-16 18:57:51,675 [INFO] Rule:233 - rule Change MPCWM* or MPCBB* Secure Mode to Parameters is applicable
2026-04-16 18:57:51,675 [INFO] Rule:233 - rule Change MPCWM* or MPCBB* No Secure Mode to Parameters is applicable
2026-04-16 18:57:51,675 [INFO] Rule:233 - rule Change TZSC IP Secure Mode to Parameters is applicable
2026-04-16 18:57:51,675 [INFO] Rule:233 - rule Change TZSC IP No Secure Mode to Parameters is applicable
2026-04-16 18:57:51,675 [INFO] Rule:233 - rule Change TZSC IP Privilege Mode to Parameters is applicable
2026-04-16 18:57:51,675 [INFO] Rule:233 - rule Change TZSC IP No Privilege Mode to Parameters is applicable
2026-04-16 18:57:51,675 [INFO] Rule:233 - rule Change TZIC IT Secure Mode to Parameters is applicable
2026-04-16 18:57:51,675 [INFO] Rule:233 - rule Change TZIC IT No Secure Mode to Parameters is applicable
2026-04-16 18:57:51,675 [INFO] Rule:233 - rule Add MPCBB1_NonSecureArea_Start_Address value with referenced to MPCBB1_NonSecureArea_Start value is applicable
2026-04-16 18:57:51,675 [INFO] Rule:233 - rule Add MPCBB2_NonSecureArea_Start_Address value with referenced to MPCBB2_NonSecureArea_Start value is applicable
2026-04-16 18:57:51,675 [INFO] Rule:233 - rule Add MPCWM1_NonSecureArea*_Start_Address value with referenced to MPCWM1_NonSecureArea*_Start value is applicable
2026-04-16 18:57:51,675 [INFO] Rule:233 - rule Add MPCWM2_NonSecureArea*_Start_Address value with referenced to MPCWM2_NonSecureArea*_Start value is applicable
2026-04-16 18:57:51,675 [INFO] Rule:233 - rule Add MPCWM3_NonSecureArea_Start_Address value with referenced to MPCWM3_NonSecureArea_Start value is applicable
2026-04-16 18:57:51,675 [INFO] Rule:233 - rule Change Default Value for PLL1UserDefinedConfig is applicable
2026-04-16 18:57:51,675 [INFO] Rule:233 - rule Change GPIO_PuPd Default Value for USART in async mode is applicable
2026-04-16 18:57:51,675 [INFO] Rule:233 - rule Change SMPSDivider Default Value is applicable
2026-04-16 18:57:51,675 [INFO] Rule:233 - rule OPAMP is applicable
2026-04-16 18:57:51,675 [INFO] Rule:233 - rule LPUART IPParameter rename Prescaler parameter to ClockPrescaler for STM32H7 is applicable
2026-04-16 18:57:51,675 [INFO] Rule:233 - rule LPUART IPParameter rename Prescaler parameter to ClockPrescaler for STM32H7 is applicable
2026-04-16 18:57:51,676 [INFO] Rule:233 - rule LPUART IPParameter rename Prescaler parameter to ClockPrescaler for STM32WB is applicable
2026-04-16 18:57:51,676 [INFO] Rule:233 - rule LPUART IPParameter rename Prescaler parameter to ClockPrescaler for STM32WB is applicable
2026-04-16 18:57:51,676 [INFO] Rule:233 - rule LPUART IPParameter rename Prescaler parameter to ClockPrescaler for STM32G4 is applicable
2026-04-16 18:57:51,676 [INFO] Rule:233 - rule LPUART IPParameter rename Prescaler parameter to ClockPrescaler for STM32G4 is applicable
2026-04-16 18:57:51,676 [INFO] Rule:233 - rule LPUART IPParameter rename Prescaler parameter to ClockPrescaler for STM32L5 is applicable
2026-04-16 18:57:51,676 [INFO] Rule:233 - rule LPUART IPParameter rename Prescaler parameter to ClockPrescaler for STM32L5 is applicable
2026-04-16 18:57:51,676 [INFO] Rule:233 - rule LPUART IPParameter rename Prescaler parameter to ClockPrescaler for STM32G4 is applicable
2026-04-16 18:57:51,676 [INFO] Rule:233 - rule LPUART IPParameter rename Prescaler parameter to ClockPrescaler for STM32G4 is applicable
2026-04-16 18:57:51,676 [INFO] Rule:233 - rule USB device lib V2.5.3 for L0 rename USBD_SUPPORT_USER_STRING parameter to USBD_SUPPORT_USER_STRING_DESC4 is applicable
2026-04-16 18:57:51,676 [INFO] Rule:233 - rule I2SCLockSelection clock entry align is applicable
2026-04-16 18:57:51,676 [INFO] Rule:233 - rule Assign TIMx context if used as SYS timebase is applicable
2026-04-16 18:57:51,676 [INFO] Rule:233 - rule Change GPIO_Pu Default Value for I2C is applicable
2026-04-16 18:57:51,676 [INFO] Rule:233 - rule Change GPIO_Pu Default Value for SMBus is applicable
2026-04-16 18:57:51,676 [INFO] Rule:233 - rule change FDCAN default value is applicable
2026-04-16 18:57:51,676 [INFO] Rule:233 - rule Change mode sai is applicable
2026-04-16 18:57:51,676 [INFO] Rule:233 - rule **Change sai mode is applicable
2026-04-16 18:57:51,676 [INFO] Rule:233 - rule Rename STM32WPAN CFG_BLE_IRK to CFG_BLE_IR is applicable
2026-04-16 18:57:51,676 [INFO] Rule:233 - rule Rename STM32WPAN CFG_BLE_ERK to CFG_BLE_ER is applicable
2026-04-16 18:57:51,676 [INFO] Rule:233 - rule Rename STM32WPAN CFG_BLE_IRK_HEX to CFG_BLE_IR_HEX is applicable
2026-04-16 18:57:51,676 [INFO] Rule:233 - rule Rename STM32WPAN CFG_BLE_ERK_HEX to CFG_BLE_ER_HEX is applicable
2026-04-16 18:57:51,676 [INFO] Rule:233 - rule Adapt Old IOC before rework replace old CORTEX_M33/CORTEX_M55 attributes by the new one. is applicable
2026-04-16 18:57:51,676 [INFO] Rule:233 - rule Rename parametre of RCC RCC_APBDBG_DIV2 to RCC_TIMPRES_DIV2 is applicable
2026-04-16 18:57:51,676 [INFO] Rule:233 - rule Rename DIE493 pin PA10 [PA12] -> PA10 is applicable
2026-04-16 18:57:51,676 [INFO] Rule:233 - rule Rename DIE493 pin PA9 [PA11] -> PA9 is applicable
2026-04-16 18:57:51,676 [INFO] Rule:233 - rule Rename DIE492 PartNumber CPN STM32WBA5MJGHx -> STM32WBA5MMGHx is applicable
2026-04-16 18:57:51,676 [INFO] Rule:233 - rule Rename DIE492 PartNumber  Name STM32WBA5MJGHx -> STM32WBA5MMGHx is applicable
2026-04-16 18:57:51,676 [INFO] Rule:233 - rule Rename DIE492 PartNumber UserName STM32WBA5MJGHx -> STM32WBA5MMGHx is applicable
2026-04-16 18:57:51,676 [INFO] Rule:233 - rule Rename DIE492 PartNumber DeviceId STM32WBA5MJGHx -> STM32WBA5MMGHx is applicable
2026-04-16 18:57:51,676 [INFO] Rule:233 - rule Adapt Old IOC CSI. is applicable
2026-04-16 18:57:51,676 [INFO] Rule:233 - rule Adapt Old IOC DCMIPP. is applicable
2026-04-16 18:57:51,676 [INFO] Rule:233 - rule Adapt Old IOC DCMIPP Mode Parallel. is applicable
2026-04-16 18:57:51,676 [INFO] Rule:233 - rule Adapt Old IOC LTDC. is applicable
2026-04-16 18:57:51,676 [INFO] Rule:233 - rule Rename STM32MP2 RIF Peripheral LTDC RIF.RISUP.LTDC_L0L1.Privilege -> RIF.RISUP.LTDC_L1L2.Privilege is applicable
2026-04-16 18:57:51,676 [INFO] Rule:233 - rule Rename STM32MP2 RIF Peripheral LTDC RIF.RISUP.LTDC_L0L1.Privilege -> RIF.RISUP.LTDC_L1L2.Privilege is applicable
2026-04-16 18:57:51,676 [INFO] Rule:233 - rule Rename STM32MP2 RIF Peripheral LTDC RIF.RISUP.LTDC_L0L1.Lock -> RIF.RISUP.LTDC_L1L2.Lock is applicable
2026-04-16 18:57:51,676 [INFO] Rule:233 - rule Rename STM32MP2 RIF Peripheral LTDC RIF.RISUP.LTDC_L2.Lock -> RIF.RISUP.LTDC_L3.Lock is applicable
2026-04-16 18:57:51,676 [INFO] Rule:233 - rule Adapt the old IOC example for updating the SYS when it is misconfigured. is applicable
2026-04-16 18:57:51,676 [INFO] Rule:233 - rule Rename STM32C09 Mcu.Package LQFP64 -> LQFP48 is applicable
2026-04-16 18:57:51,676 [INFO] Rule:233 - rule Adapt the old IOC example for updating the SYS when it is misconfigured. is applicable
2026-04-16 18:57:51,676 [INFO] Rule:233 - rule Adapt the old IOC example for updating the SYS when it is misconfigured. is applicable
2026-04-16 18:57:51,705 [INFO] DbConfProperties:307 - Apply Compatibility (82/313 Rules)
2026-04-16 18:57:51,728 [INFO] ImportTextPane:234 - (OptionalMessage_ERROR) Unable to find key (Mcu.ThirdPartyNb) in loaded IOC file
2026-04-16 18:57:51,735 [INFO] ImportTextPane:234 - (OptionalMessage_ERROR) Pin11 (VP_RIF_VS_RIF1) cannot be retrieved for this MCU
2026-04-16 18:57:51,852 [INFO] RtosManager:558 - Registered RTOS mode: class=CMSIS, group=RTOS, mode=CMSIS_V1, owner=FREERTOS
2026-04-16 18:57:51,853 [INFO] RtosManager:558 - Registered RTOS mode: class=CMSIS, group=RTOS2, mode=CMSIS_V2, owner=FREERTOS
2026-04-16 18:57:51,853 [INFO] RtosManager:558 - Registered RTOS mode: class=RTOS, group=Core, mode=CMSIS_V1, owner=FREERTOS
2026-04-16 18:57:51,853 [INFO] RtosManager:558 - Registered RTOS mode: class=RTOS, group=Core, mode=CMSIS_V2, owner=FREERTOS
2026-04-16 18:57:51,853 [WARN] ModelIntegratedComponent:184 - Missing modes for component STMicroelectronics:FreeRTOS:0.0.1:STMicroelectronics:RTOS:FreeRTOS:Core:::10.2.0:
2026-04-16 18:57:51,856 [WARN] ModelIntegratedComponent:63 - No mode defined for component null
2026-04-16 18:57:51,856 [WARN] ModelIntegratedComponent:63 - No mode defined for component null
2026-04-16 18:57:51,857 [WARN] ModelIntegratedComponent:63 - No mode defined for component null
2026-04-16 18:57:51,857 [WARN] ModelIntegratedComponent:63 - No mode defined for component null
2026-04-16 18:57:51,857 [WARN] ModelIntegratedComponent:63 - No mode defined for component null
2026-04-16 18:57:51,857 [WARN] ModelIntegratedComponent:63 - No mode defined for component null
2026-04-16 18:57:51,857 [WARN] ModelIntegratedComponent:63 - No mode defined for component null
2026-04-16 18:57:51,857 [WARN] ModelIntegratedComponent:63 - No mode defined for component null
2026-04-16 18:57:51,858 [WARN] ModelIntegratedComponent:63 - No mode defined for component null
2026-04-16 18:57:51,858 [WARN] ModelIntegratedComponent:63 - No mode defined for component null
2026-04-16 18:57:51,858 [WARN] ModelIntegratedComponent:63 - No mode defined for component null
2026-04-16 18:57:51,858 [WARN] ModelIntegratedComponent:63 - No mode defined for component null
2026-04-16 18:57:51,858 [WARN] ModelIntegratedComponent:63 - No mode defined for component null
2026-04-16 18:57:51,858 [WARN] ModelIntegratedComponent:63 - No mode defined for component null
2026-04-16 18:57:51,858 [WARN] ModelIntegratedComponent:63 - No mode defined for component null
2026-04-16 18:57:51,859 [WARN] ModelIntegratedComponent:63 - No mode defined for component null
2026-04-16 18:57:51,859 [WARN] ModelIntegratedComponent:63 - No mode defined for component null
2026-04-16 18:57:51,860 [WARN] ModelIntegratedComponent:63 - No mode defined for component null
2026-04-16 18:57:51,860 [WARN] ModelIntegratedComponent:63 - No mode defined for component null
2026-04-16 18:57:51,860 [WARN] ModelIntegratedComponent:63 - No mode defined for component null
2026-04-16 18:57:51,860 [WARN] ModelIntegratedComponent:63 - No mode defined for component null
2026-04-16 18:57:51,860 [WARN] ModelIntegratedComponent:63 - No mode defined for component null
2026-04-16 18:57:51,860 [WARN] ModelIntegratedComponent:63 - No mode defined for component null
2026-04-16 18:57:51,860 [WARN] ModelIntegratedComponent:63 - No mode defined for component null
2026-04-16 18:57:51,860 [WARN] ModelIntegratedComponent:63 - No mode defined for component null
2026-04-16 18:57:51,860 [WARN] ModelIntegratedComponent:63 - No mode defined for component null
2026-04-16 18:57:51,860 [WARN] ModelIntegratedComponent:63 - No mode defined for component null
2026-04-16 18:57:51,860 [WARN] ModelIntegratedComponent:63 - No mode defined for component null
2026-04-16 18:57:51,860 [WARN] ModelIntegratedComponent:63 - No mode defined for component null
2026-04-16 18:57:51,860 [WARN] ModelIntegratedComponent:63 - No mode defined for component null
2026-04-16 18:57:51,860 [WARN] ModelIntegratedComponent:63 - No mode defined for component null
2026-04-16 18:57:51,860 [WARN] ModelIntegratedComponent:63 - No mode defined for component null
2026-04-16 18:57:51,860 [WARN] ModelIntegratedComponent:63 - No mode defined for component null
2026-04-16 18:57:51,860 [WARN] ModelIntegratedComponent:63 - No mode defined for component null
2026-04-16 18:57:51,860 [WARN] ModelIntegratedComponent:63 - No mode defined for component null
2026-04-16 18:57:51,860 [WARN] ModelPack:524 - Component already loaded: STMicroelectronics:HAL Drivers:0.0.0:STMicroelectronics:Device:STMicro_Driver:XSPI:HAL::0.0.1:HAL_XSPI
2026-04-16 18:57:51,870 [INFO] ThirdPartyModel:298 - Start build external matchings
2026-04-16 18:57:51,879 [INFO] ThirdPartyModel:316 - End build external matchings
2026-04-16 18:57:52,405 [INFO] UtilMem:75 - End LoadConfig() Used Memory: 530070808 Bytes (838860800)
2026-04-16 18:57:52,634 [WARN] ThirdParty:833 - waiting for thirdparty lock release [change project]
2026-04-16 18:57:52,640 [INFO] ThirdParty:835 - entering critical section [change project]
2026-04-16 18:57:52,642 [INFO] ThirdParty:1030 - CMSIS Pack Vendor :STMicroelectronics USBPD 4.1
2026-04-16 18:57:52,642 [INFO] ThirdParty:1030 - CMSIS Pack Vendor :STMicroelectronics ThreadX 1.0.0
2026-04-16 18:57:52,643 [INFO] ThirdParty:1030 - CMSIS Pack Vendor :STMicroelectronics USB_HOST 2.0.0
2026-04-16 18:57:52,643 [INFO] ThirdParty:1030 - CMSIS Pack Vendor :STMicroelectronics LIBJPEG 8.0.0
2026-04-16 18:57:52,643 [INFO] ThirdParty:1030 - CMSIS Pack Vendor :STMicroelectronics FreeRTOS 0.0.1
2026-04-16 18:57:52,643 [INFO] ThirdParty:1030 - CMSIS Pack Vendor :STMicroelectronics USB_DEVICE 1.0.0
2026-04-16 18:57:52,643 [INFO] ThirdParty:1030 - CMSIS Pack Vendor :STMicroelectronics STM32_WPAN 1.0.0
2026-04-16 18:57:52,643 [INFO] ThirdParty:1030 - CMSIS Pack Vendor :STMicroelectronics USB_DEVICE 3.0.0
2026-04-16 18:57:52,643 [INFO] ThirdParty:1030 - CMSIS Pack Vendor :STMicroelectronics HAL Drivers 0.0.0
2026-04-16 18:57:52,643 [INFO] ThirdParty:1030 - CMSIS Pack Vendor :STMicroelectronics MBEDTLS 2.16.2
2026-04-16 18:57:52,643 [INFO] ThirdParty:1030 - CMSIS Pack Vendor :STMicroelectronics ThreadX 0.0.2
2026-04-16 18:57:52,643 [INFO] ThirdParty:1030 - CMSIS Pack Vendor :STMicroelectronics lwIP 2.0.3
2026-04-16 18:57:52,643 [INFO] ThirdParty:1030 - CMSIS Pack Vendor :STMicroelectronics lwIP 2.1.2
2026-04-16 18:57:52,643 [INFO] ThirdParty:1030 - CMSIS Pack Vendor :STMicroelectronics MBEDTLS 2.14.1
2026-04-16 18:57:52,643 [INFO] ThirdParty:1030 - CMSIS Pack Vendor :STMicroelectronics USB_HOST 1.0.0
2026-04-16 18:57:52,643 [INFO] ThirdParty:1030 - CMSIS Pack Vendor :STMicroelectronics PDM2PCM 3.1.0
2026-04-16 18:57:52,643 [INFO] ThirdParty:1030 - CMSIS Pack Vendor :STMicroelectronics USB_DEVICE 2.0.0
2026-04-16 18:57:52,643 [INFO] ThirdParty:1030 - CMSIS Pack Vendor :STMicroelectronics PDM2PCM 3.2.0
2026-04-16 18:57:52,644 [INFO] ThirdParty:1030 - CMSIS Pack Vendor :STMicroelectronics PDM2PCM 3.3.0
2026-04-16 18:57:52,648 [INFO] ThirdParty:841 - exiting critical section [change project]
2026-04-16 18:57:53,346 [INFO] PinOutPanel:1589 - setPackage(No Configuration,No Configuration)
2026-04-16 18:57:53,355 [INFO] PinOutPanel:1589 - setPackage(STM32F446RETx,LQFP64)
2026-04-16 18:57:54,029 [INFO] UtilMem:75 - Before build in PCC Used Memory: 584078464 Bytes (838860800)
2026-04-16 18:57:54,790 [INFO] UtilMem:75 - After build in PCC Used Memory: 531548392 Bytes (838860800)
2026-04-16 18:57:54,826 [INFO] IPUIPlugin:80 - create IPUIPlugin
2026-04-16 18:57:54,827 [INFO] IPUIPlugin:80 - create IPUIPlugin
2026-04-16 18:57:54,827 [INFO] IPUIPlugin:80 - create IPUIPlugin
2026-04-16 18:57:54,827 [INFO] IPUIPlugin:80 - create IPUIPlugin
2026-04-16 18:57:54,827 [INFO] IPUIPlugin:80 - create IPUIPlugin
2026-04-16 18:57:54,828 [INFO] IPUIPlugin:80 - create IPUIPlugin
2026-04-16 18:57:54,828 [INFO] IPUIPlugin:80 - create IPUIPlugin
2026-04-16 18:57:54,829 [INFO] IPUIPlugin:80 - create IPUIPlugin
2026-04-16 18:57:54,829 [INFO] IPUIPlugin:80 - create IPUIPlugin
2026-04-16 18:57:54,829 [INFO] IPUIPlugin:80 - create IPUIPlugin
2026-04-16 18:57:54,829 [INFO] IPUIPlugin:80 - create IPUIPlugin
2026-04-16 18:57:54,829 [INFO] IPUIPlugin:80 - create IPUIPlugin
2026-04-16 18:57:54,829 [INFO] IPUIPlugin:80 - create IPUIPlugin
2026-04-16 18:57:54,829 [INFO] IPUIPlugin:80 - create IPUIPlugin
2026-04-16 18:57:54,829 [INFO] IPUIPlugin:80 - create IPUIPlugin
2026-04-16 18:57:54,831 [INFO] IPUIPlugin:80 - create IPUIPlugin
2026-04-16 18:57:54,831 [INFO] IPUIPlugin:80 - create IPUIPlugin
2026-04-16 18:57:54,831 [INFO] IPUIPlugin:80 - create IPUIPlugin
2026-04-16 18:57:54,831 [INFO] IPUIPlugin:80 - create IPUIPlugin
2026-04-16 18:57:54,831 [INFO] IPUIPlugin:80 - create IPUIPlugin
2026-04-16 18:57:54,831 [INFO] IPUIPlugin:80 - create IPUIPlugin
2026-04-16 18:57:54,831 [INFO] IPUIPlugin:80 - create IPUIPlugin
2026-04-16 18:57:54,832 [INFO] IPUIPlugin:80 - create IPUIPlugin
2026-04-16 18:57:54,832 [INFO] IPUIPlugin:80 - create IPUIPlugin
2026-04-16 18:57:54,832 [INFO] IPUIPlugin:80 - create IPUIPlugin
2026-04-16 18:57:54,832 [INFO] IPUIPlugin:80 - create IPUIPlugin
2026-04-16 18:57:54,832 [INFO] IPUIPlugin:80 - create IPUIPlugin
2026-04-16 18:57:54,832 [INFO] IPUIPlugin:80 - create IPUIPlugin
2026-04-16 18:57:54,832 [INFO] IPUIPlugin:80 - create IPUIPlugin
2026-04-16 18:57:54,832 [INFO] IPUIPlugin:80 - create IPUIPlugin
2026-04-16 18:57:54,833 [INFO] IPUIPlugin:80 - create IPUIPlugin
2026-04-16 18:57:54,833 [INFO] IPUIPlugin:80 - create IPUIPlugin
2026-04-16 18:57:54,833 [INFO] IPUIPlugin:80 - create IPUIPlugin
2026-04-16 18:57:54,833 [INFO] IPUIPlugin:80 - create IPUIPlugin
2026-04-16 18:57:54,833 [INFO] IPUIPlugin:80 - create IPUIPlugin
2026-04-16 18:57:54,833 [INFO] IPUIPlugin:80 - create IPUIPlugin
2026-04-16 18:57:54,833 [INFO] IPUIPlugin:80 - create IPUIPlugin
2026-04-16 18:57:54,833 [INFO] IPUIPlugin:80 - create IPUIPlugin
2026-04-16 18:57:54,833 [INFO] IPUIPlugin:80 - create IPUIPlugin
2026-04-16 18:57:54,833 [INFO] IPUIPlugin:80 - create IPUIPlugin
2026-04-16 18:57:54,833 [INFO] IPUIPlugin:80 - create IPUIPlugin
2026-04-16 18:57:54,833 [INFO] IPUIPlugin:80 - create IPUIPlugin
2026-04-16 18:57:54,833 [INFO] IPUIPlugin:80 - create IPUIPlugin
2026-04-16 18:57:54,833 [INFO] IPUIPlugin:80 - create IPUIPlugin
2026-04-16 18:57:54,834 [INFO] IPUIPlugin:80 - create IPUIPlugin
2026-04-16 18:57:54,834 [INFO] IPUIPlugin:80 - create IPUIPlugin
2026-04-16 18:57:54,834 [INFO] IPUIPlugin:80 - create IPUIPlugin
2026-04-16 18:57:54,834 [INFO] IPUIPlugin:80 - create IPUIPlugin
2026-04-16 18:57:54,834 [INFO] IPUIPlugin:80 - create IPUIPlugin
2026-04-16 18:57:54,834 [INFO] IPUIPlugin:80 - create IPUIPlugin
2026-04-16 18:57:54,834 [INFO] IPUIPlugin:80 - create IPUIPlugin
2026-04-16 18:57:54,834 [INFO] IPUIPlugin:80 - create IPUIPlugin
2026-04-16 18:57:54,834 [INFO] IPUIPlugin:80 - create IPUIPlugin
2026-04-16 18:57:54,834 [INFO] IPUIPlugin:80 - create IPUIPlugin
2026-04-16 18:57:54,835 [INFO] IPUIPlugin:80 - create IPUIPlugin
2026-04-16 18:57:54,835 [INFO] IPUIPlugin:80 - create IPUIPlugin
2026-04-16 18:57:54,835 [INFO] IPUIPlugin:80 - create IPUIPlugin
2026-04-16 18:57:54,835 [INFO] IPUIPlugin:80 - create IPUIPlugin
2026-04-16 18:57:54,835 [INFO] IPUIPlugin:80 - create IPUIPlugin
2026-04-16 18:57:54,836 [INFO] IPUIPlugin:80 - create IPUIPlugin
2026-04-16 18:57:54,865 [INFO] ApiDbMcu:532 - Load IP Config File for PDM2PCM
2026-04-16 18:57:55,050 [INFO] CADModel:165 - CPN selected for project levelSTM32F446RET6
2026-04-16 18:57:55,050 [INFO] CADModel:114 - Register for checkConnection events
2026-04-16 18:57:55,094 [INFO] OpenFileManager:386 - Restore cursor
2026-04-16 18:57:56,123 [INFO] UtilMem:75 - End SaveConfig() Used Memory: 738644200 Bytes (838860800)
2026-04-16 18:57:56,216 [INFO] UtilMem:75 - End SaveConfig() Used Memory: 759089384 Bytes (838860800)
2026-04-16 18:57:56,244 [ERROR] ConfigurationRetriever:142 - IOException on connection: PKIX path building failed: sun.security.provider.certpath.SunCertPathBuilderException: unable to find valid certification path to requested target
2026-04-16 18:57:56,568 [ERROR] ConfigurationRetriever:142 - IOException on connection: PKIX path building failed: sun.security.provider.certpath.SunCertPathBuilderException: unable to find valid certification path to requested target
2026-04-16 18:57:56,820 [ERROR] ConfigurationRetriever:142 - IOException on connection: PKIX path building failed: sun.security.provider.certpath.SunCertPathBuilderException: unable to find valid certification path to requested target
2026-04-16 18:57:57,523 [INFO] BlockDiagram:2775 - set Specific Code input for plugin: RCC
2026-04-16 18:57:57,524 [INFO] BlockDiagram:2775 - set Specific Code input for plugin: NVIC
2026-04-16 18:57:57,525 [INFO] BlockDiagram:2775 - set Specific Code input for plugin: GPIO
2026-04-16 18:57:57,526 [INFO] CodeGenerator:892 - code generatio: config db path: /Applications/STM32CubeIDE.app/Contents/Eclipse/plugins/com.st.stm32cube.common.mx_6.15.0.202507011659//db/
2026-04-16 18:57:57,852 [INFO] CodeEngine:265 - oldGeneratedFile, /Users/ggpai/Desktop/DMA/workspace/USART_TO_SRAM_DMA_IT/MXTmpFiles/license.tmp_save
2026-04-16 18:57:58,425 [INFO] CodeEngine:289 - Generated code: /Users/ggpai/Desktop/DMA/workspace/USART_TO_SRAM_DMA_IT/MXTmpFiles/license.tmp
2026-04-16 18:57:58,524 [INFO] CodeEngine:265 - oldGeneratedFile, /Users/ggpai/Desktop/DMA/workspace/USART_TO_SRAM_DMA_IT/MXTmpFiles/gpio.tmp_save
2026-04-16 18:57:58,702 [INFO] CodeEngine:289 - Generated code: /Users/ggpai/Desktop/DMA/workspace/USART_TO_SRAM_DMA_IT/MXTmpFiles/gpio.tmp
2026-04-16 18:57:58,714 [INFO] CodeEngine:265 - oldGeneratedFile, /Users/ggpai/Desktop/DMA/workspace/USART_TO_SRAM_DMA_IT/Core/Src/stm32f4xx_it.c_save
2026-04-16 18:57:58,948 [INFO] CodeEngine:289 - Generated code: /Users/ggpai/Desktop/DMA/workspace/USART_TO_SRAM_DMA_IT/Core/Src/stm32f4xx_it.c
2026-04-16 18:57:58,950 [INFO] CodeEngine:265 - oldGeneratedFile, /Users/ggpai/Desktop/DMA/workspace/USART_TO_SRAM_DMA_IT/Core/Inc/stm32f4xx_it.h_save
2026-04-16 18:57:59,020 [INFO] CodeEngine:289 - Generated code: /Users/ggpai/Desktop/DMA/workspace/USART_TO_SRAM_DMA_IT/Core/Inc/stm32f4xx_it.h
2026-04-16 18:57:59,055 [INFO] CodeEngine:265 - oldGeneratedFile, /Users/ggpai/Desktop/DMA/workspace/USART_TO_SRAM_DMA_IT/Core/Src/stm32f4xx_hal_msp.c_save
2026-04-16 18:57:59,178 [INFO] CodeEngine:289 - Generated code: /Users/ggpai/Desktop/DMA/workspace/USART_TO_SRAM_DMA_IT/Core/Src/stm32f4xx_hal_msp.c
2026-04-16 18:57:59,183 [INFO] CodeEngine:265 - oldGeneratedFile, /Users/ggpai/Desktop/DMA/workspace/USART_TO_SRAM_DMA_IT/MXTmpFiles/system.tmp_save
2026-04-16 18:57:59,276 [INFO] CodeEngine:289 - Generated code: /Users/ggpai/Desktop/DMA/workspace/USART_TO_SRAM_DMA_IT/MXTmpFiles/system.tmp
2026-04-16 18:57:59,283 [INFO] CodeEngine:321 - oldGeneratedFile, /Users/ggpai/Desktop/DMA/workspace/USART_TO_SRAM_DMA_IT/Core/Inc/stm32f4xx_hal_conf.h_save
2026-04-16 18:57:59,365 [INFO] CodeEngine:345 - Generated code: /Users/ggpai/Desktop/DMA/workspace/USART_TO_SRAM_DMA_IT/Core/Inc/stm32f4xx_hal_conf.h
2026-04-16 18:57:59,428 [WARN] IPConfigManager:3238 - Warning: the RefConfig PLL2P_FOR_MCO is not available in your config.xml file
2026-04-16 18:57:59,450 [INFO] ApiDbMcu:532 - Load IP Config File for RCC
2026-04-16 18:57:59,459 [INFO] CodeEngine:265 - oldGeneratedFile, /Users/ggpai/Desktop/DMA/workspace/USART_TO_SRAM_DMA_IT/Core/Inc/main.h_save
2026-04-16 18:57:59,567 [INFO] CodeEngine:289 - Generated code: /Users/ggpai/Desktop/DMA/workspace/USART_TO_SRAM_DMA_IT/Core/Inc/main.h
2026-04-16 18:57:59,571 [INFO] CodeEngine:265 - oldGeneratedFile, /Users/ggpai/Desktop/DMA/workspace/USART_TO_SRAM_DMA_IT/Core/Src/main.c_save
2026-04-16 18:57:59,783 [INFO] CodeEngine:289 - Generated code: /Users/ggpai/Desktop/DMA/workspace/USART_TO_SRAM_DMA_IT/Core/Src/main.c
2026-04-16 18:58:00,024 [INFO] ProjectBuilder:3606 - Time for Copy HAL[1] : 96mS.
2026-04-16 18:58:00,032 [INFO] ProjectBuilder:5216 - Project Generator version: 4.7.0-B52
2026-04-16 18:58:00,163 [INFO] ConfigFileManager:1595 - The Die is : DIE421
2026-04-16 18:58:00,175 [INFO] ApiDbMcu:532 - Load IP Config File for FATFS
2026-04-16 18:58:00,186 [INFO] ApiDbMcu:532 - Load IP Config File for FREERTOS
2026-04-16 18:58:00,198 [INFO] ApiDbMcu:532 - Load IP Config File for LIBJPEG
2026-04-16 18:58:00,215 [INFO] ApiDbMcu:532 - Load IP Config File for MBEDTLS
2026-04-16 18:58:00,235 [INFO] ApiDbMcu:532 - Load IP Config File for USB_DEVICE
2026-04-16 18:58:00,241 [INFO] ApiDbMcu:532 - Load IP Config File for USB_HOST
2026-04-16 18:58:05,711 [INFO] LogOutputStream:77 - [STDOUT_REDIRECT] 
2026-04-16 18:58:08,812 [INFO] ProjectBuilder:5496 - Time for Generating toolchain IDE Files: 8779mS.
2026-04-16 18:58:08,813 [INFO] ProjectBuilder:3463 - Time for Copy CMSIS : 0mS.
2026-04-16 18:58:08,815 [INFO] ProjectBuilder:3463 - Time for Copy CMSIS : 0mS.
2026-04-16 18:58:09,390 [ERROR] ConfigurationRetriever:142 - IOException on connection: PKIX path building failed: sun.security.provider.certpath.SunCertPathBuilderException: unable to find valid certification path to requested target
2026-04-16 18:58:09,434 [ERROR] ConfigurationRetriever:142 - IOException on connection: PKIX path building failed: sun.security.provider.certpath.SunCertPathBuilderException: unable to find valid certification path to requested target
2026-04-16 18:58:09,482 [ERROR] ConfigurationRetriever:142 - IOException on connection: PKIX path building failed: sun.security.provider.certpath.SunCertPathBuilderException: unable to find valid certification path to requested target
2026-04-16 18:58:10,043 [INFO] McuFinderGlobals:76 - Set McuFinderConnectedMode to true
2026-04-16 18:58:10,135 [INFO] ApiDb:448 - Save user favorites file /Users/ggpai/.stm32cubeide/favorites.mcus.txt: 0 item(s)
2026-04-16 18:58:10,139 [INFO] ApiDb:452 - User favorites MCUs=[]
2026-04-16 18:58:10,180 [INFO] ApiDb:448 - Save user favorites file /Users/ggpai/.stm32cubeide/favorites.boards.txt: 1 item(s)
2026-04-16 18:58:10,183 [INFO] ApiDb:452 - User favorites Boards=[STM32F407G-DISC1]
2026-04-16 18:59:09,039 [INFO] NvicIntPanel:101 - NVIC parent = com.st.microxplorer.plugins.ip.nvic.MultiNvicIntPanel[,0,0,0x0,invalid,layout=javax.swing.BoxLayout,alignmentX=0.0,alignmentY=0.0,border=,flags=9,maximumSize=,minimumSize=,preferredSize=]
2026-04-16 18:59:09,183 [INFO] NvicIntPanel:101 - NVIC parent = com.st.microxplorer.plugins.ip.nvic.MultiNvicIntPanel[,0,0,0x0,invalid,layout=javax.swing.BoxLayout,alignmentX=0.0,alignmentY=0.0,border=,flags=9,maximumSize=,minimumSize=,preferredSize=]
2026-04-16 18:59:09,335 [INFO] NvicIntPanel:101 - NVIC parent = com.st.microxplorer.plugins.ip.nvic.MultiNvicIntPanel[,0,0,0x0,invalid,layout=javax.swing.BoxLayout,alignmentX=0.0,alignmentY=0.0,border=,flags=9,maximumSize=,minimumSize=,preferredSize=]
2026-04-16 18:59:09,449 [INFO] NvicIntPanel:101 - NVIC parent = com.st.microxplorer.plugins.ip.nvic.MultiNvicIntPanel[,0,0,0x0,invalid,layout=javax.swing.BoxLayout,alignmentX=0.0,alignmentY=0.0,border=,flags=9,maximumSize=,minimumSize=,preferredSize=]
2026-04-16 19:00:47,136 [INFO] NvicIntPanel:101 - NVIC parent = com.st.microxplorer.plugins.ip.nvic.MultiNvicIntPanel[,0,0,0x0,invalid,layout=javax.swing.BoxLayout,alignmentX=0.0,alignmentY=0.0,border=,flags=9,maximumSize=,minimumSize=,preferredSize=]
2026-04-16 23:13:39,982 [ERROR] ConfigurationRetriever:142 - IOException on connection: PKIX path building failed: sun.security.provider.certpath.SunCertPathBuilderException: unable to find valid certification path to requested target
2026-04-16 23:13:40,038 [ERROR] ConfigurationRetriever:142 - IOException on connection: PKIX path building failed: sun.security.provider.certpath.SunCertPathBuilderException: unable to find valid certification path to requested target
2026-04-16 23:13:40,076 [ERROR] ConfigurationRetriever:142 - IOException on connection: PKIX path building failed: sun.security.provider.certpath.SunCertPathBuilderException: unable to find valid certification path to requested target
