2026-04-14 22:18:25,040 [INFO] Activator:176 - 


2026-04-14 22:18:25,046 [INFO] Activator:177 - !SESSION log4j initialized
2026-04-14 22:18:32,850 [INFO] LogOutputStream:77 - [STDOUT_REDIRECT] 
2026-04-14 22:18:34,018 [ERROR] LogOutputStream:75 - [STDERR_REDIRECT] 
2026-04-14 22:18:35,373 [INFO] LogOutputStream:77 - [STDOUT_REDIRECT] 
2026-04-14 22:18:36,943 [ERROR] ConfigurationRetriever:142 - IOException on connection: PKIX path building failed: sun.security.provider.certpath.SunCertPathBuilderException: unable to find valid certification path to requested target
2026-04-14 22:18:37,004 [ERROR] ConfigurationRetriever:142 - IOException on connection: PKIX path building failed: sun.security.provider.certpath.SunCertPathBuilderException: unable to find valid certification path to requested target
2026-04-14 22:18:37,064 [ERROR] ConfigurationRetriever:142 - IOException on connection: PKIX path building failed: sun.security.provider.certpath.SunCertPathBuilderException: unable to find valid certification path to requested target
2026-04-14 22:18:37,203 [INFO] ApplicationProperties:184 - Using Application install path: /Applications/STM32CubeIDE.app/Contents/Eclipse/plugins/com.st.stm32cube.common.mx_6.15.0.202507011659
2026-04-14 22:18:37,223 [INFO] DbMcusXml:78 - Set database path to: /Applications/STM32CubeIDE.app/Contents/Eclipse/plugins/com.st.stm32cube.common.mx_6.15.0.202507011659//db//mcu/
2026-04-14 22:18:37,224 [INFO] ApiDb:274 - Set plugin database path to: /Applications/STM32CubeIDE.app/Contents/Eclipse/plugins/com.st.stm32cube.common.mx_6.15.0.202507011659//db//plugins/boardmanager/
2026-04-14 22:18:37,225 [WARN] ApiDb:259 - Overriding images path with different value:  => /Applications/STM32CubeIDE.app/Contents/Eclipse/plugins/com.st.stm32cube.common.mx_6.15.0.202507011659//db//plugins/mcufinder/images/
2026-04-14 22:18:37,233 [INFO] ApiDb:250 - Set database path to: /Users/ggpai/.stmcufinder/plugins/mcufinder//mcu/
2026-04-14 22:18:37,235 [INFO] DbMcusAds:125 - Set database path to: /Users/ggpai/.stmcufinder/plugins/mcufinder//mcu/
2026-04-14 22:18:37,237 [INFO] CrossReferenceDbSqlite:203 - Set database path to: /Users/ggpai/.stmcufinder/plugins/mcufinder//mcu/cs/
2026-04-14 22:18:37,427 [INFO] RulesReader:64 - Compatibility file has been processed (317 Rules)
2026-04-14 22:18:37,496 [INFO] DbMcusXml:78 - Set database path to: /Applications/STM32CubeIDE.app/Contents/Eclipse/plugins/com.st.stm32cube.common.mx_6.15.0.202507011659//db//mcu/
2026-04-14 22:18:37,496 [INFO] ApiDb:274 - Set plugin database path to: /Applications/STM32CubeIDE.app/Contents/Eclipse/plugins/com.st.stm32cube.common.mx_6.15.0.202507011659//db//plugins/boardmanager/
2026-04-14 22:18:37,497 [INFO] ApiDb:261 - Set plugin images path to: /Applications/STM32CubeIDE.app/Contents/Eclipse/plugins/com.st.stm32cube.common.mx_6.15.0.202507011659//db//plugins/mcufinder/images/
2026-04-14 22:18:37,498 [WARN] DbFile:41 - Overriding database path with different value: /Users/ggpai/.stmcufinder/plugins/mcufinder/ => /Users/ggpai/.stmcufinder/plugins/mcufinder
2026-04-14 22:18:37,498 [INFO] ApiDb:250 - Set database path to: /Users/ggpai/.stmcufinder/plugins/mcufinder//mcu/
2026-04-14 22:18:37,498 [WARN] DbFile:41 - Overriding database path with different value: /Users/ggpai/.stmcufinder/plugins/mcufinder/ => /Users/ggpai/.stmcufinder/plugins/mcufinder
2026-04-14 22:18:37,498 [INFO] DbMcusAds:125 - Set database path to: /Users/ggpai/.stmcufinder/plugins/mcufinder//mcu/
2026-04-14 22:18:37,499 [WARN] DbFile:41 - Overriding database path with different value: /Users/ggpai/.stmcufinder/plugins/mcufinder/ => /Users/ggpai/.stmcufinder/plugins/mcufinder
2026-04-14 22:18:37,499 [WARN] DbFile:41 - Overriding database path with different value: /Users/ggpai/.stmcufinder/plugins/mcufinder/ => /Users/ggpai/.stmcufinder/plugins/mcufinder
2026-04-14 22:18:37,499 [INFO] CrossReferenceDbSqlite:203 - Set database path to: /Users/ggpai/.stmcufinder/plugins/mcufinder//mcu/cs/
2026-04-14 22:18:37,603 [INFO] MainPanel:274 - HeapMemory: 268435456
2026-04-14 22:18:38,147 [INFO] DbMcusXml:78 - Set database path to: /Applications/STM32CubeIDE.app/Contents/Eclipse/plugins/com.st.stm32cube.common.mx_6.15.0.202507011659//db//mcu/
2026-04-14 22:18:38,147 [INFO] ApiDb:274 - Set plugin database path to: /Applications/STM32CubeIDE.app/Contents/Eclipse/plugins/com.st.stm32cube.common.mx_6.15.0.202507011659//db//plugins/boardmanager/
2026-04-14 22:18:38,148 [INFO] ApiDb:261 - Set plugin images path to: /Applications/STM32CubeIDE.app/Contents/Eclipse/plugins/com.st.stm32cube.common.mx_6.15.0.202507011659//db//plugins/mcufinder/images/
2026-04-14 22:18:38,148 [WARN] DbFile:41 - Overriding database path with different value: /Users/ggpai/.stmcufinder/plugins/mcufinder/ => /Users/ggpai/.stmcufinder/plugins/mcufinder
2026-04-14 22:18:38,148 [INFO] ApiDb:250 - Set database path to: /Users/ggpai/.stmcufinder/plugins/mcufinder//mcu/
2026-04-14 22:18:38,148 [WARN] DbFile:41 - Overriding database path with different value: /Users/ggpai/.stmcufinder/plugins/mcufinder/ => /Users/ggpai/.stmcufinder/plugins/mcufinder
2026-04-14 22:18:38,148 [INFO] DbMcusAds:125 - Set database path to: /Users/ggpai/.stmcufinder/plugins/mcufinder//mcu/
2026-04-14 22:18:38,148 [WARN] DbFile:41 - Overriding database path with different value: /Users/ggpai/.stmcufinder/plugins/mcufinder/ => /Users/ggpai/.stmcufinder/plugins/mcufinder
2026-04-14 22:18:38,148 [WARN] DbFile:41 - Overriding database path with different value: /Users/ggpai/.stmcufinder/plugins/mcufinder/ => /Users/ggpai/.stmcufinder/plugins/mcufinder
2026-04-14 22:18:38,148 [INFO] CrossReferenceDbSqlite:203 - Set database path to: /Users/ggpai/.stmcufinder/plugins/mcufinder//mcu/cs/
2026-04-14 22:18:38,166 [INFO] ApplicationProperties:184 - Using Application install path: /Applications/STM32CubeIDE.app/Contents/Eclipse/plugins/com.st.stm32cube.common.mx_6.15.0.202507011659
2026-04-14 22:18:38,167 [INFO] PluginManage:196 - Search for loadable plugins [exclusion list=, ]
2026-04-14 22:18:38,169 [INFO] PluginManage:310 - Check plugin analytics
2026-04-14 22:18:38,368 [INFO] AnalyticsPlugin:253 - Accepted Software Licenses: STM32CubeMX.6.17.0
2026-04-14 22:18:38,368 [INFO] AnalyticsPlugin:255 - Accepted CMSIS Pack Licenses: 
2026-04-14 22:18:38,368 [INFO] AnalyticsPlugin:257 - Accepted Firmware Licenses: 
2026-04-14 22:18:38,380 [INFO] PluginManage:359 - Loaded plugin analytics (category:tool,tabindex:-1)
2026-04-14 22:18:38,381 [INFO] PluginManage:310 - Check plugin cadmodel
2026-04-14 22:18:38,408 [INFO] CADModel:105 - Init CAD model plugin
2026-04-14 22:18:38,408 [INFO] PluginManage:359 - Loaded plugin cadmodel (category:power,tabindex:5)
2026-04-14 22:18:38,409 [INFO] PluginManage:310 - Check plugin clock
2026-04-14 22:18:38,423 [INFO] PluginManage:359 - Loaded plugin clock (category:base,tabindex:2)
2026-04-14 22:18:38,423 [INFO] PluginManage:310 - Check plugin ddr
2026-04-14 22:18:38,427 [INFO] PluginManage:359 - Loaded plugin ddr (category:tool,tabindex:6)
2026-04-14 22:18:38,427 [INFO] PluginManage:310 - Check plugin filemanager
2026-04-14 22:18:38,436 [ERROR] ConfigurationRetriever:142 - IOException on connection: PKIX path building failed: sun.security.provider.certpath.SunCertPathBuilderException: unable to find valid certification path to requested target
2026-04-14 22:18:38,591 [INFO] PluginManage:359 - Loaded plugin filemanager (category:base,tabindex:10)
2026-04-14 22:18:38,591 [INFO] PluginManage:310 - Check plugin ipmanager
2026-04-14 22:18:38,600 [INFO] PluginManage:359 - Loaded plugin ipmanager (category:base,tabindex:5)
2026-04-14 22:18:38,600 [INFO] PluginManage:310 - Check plugin lpbam
2026-04-14 22:18:38,612 [INFO] PluginManage:359 - Loaded plugin lpbam (category:base,tabindex:0)
2026-04-14 22:18:38,612 [INFO] PluginManage:310 - Check plugin memorymap
2026-04-14 22:18:38,622 [INFO] PluginManage:359 - Loaded plugin memorymap (category:base,tabindex:4)
2026-04-14 22:18:38,622 [INFO] PluginManage:310 - Check plugin pinoutandconfiguration
2026-04-14 22:18:38,628 [ERROR] ConfigurationRetriever:142 - IOException on connection: PKIX path building failed: sun.security.provider.certpath.SunCertPathBuilderException: unable to find valid certification path to requested target
2026-04-14 22:18:38,629 [INFO] PluginManage:359 - Loaded plugin pinoutandconfiguration (category:base,tabindex:1)
2026-04-14 22:18:38,629 [INFO] PluginManage:310 - Check plugin pinoutconfig
2026-04-14 22:18:38,676 [ERROR] ConfigurationRetriever:142 - IOException on connection: PKIX path building failed: sun.security.provider.certpath.SunCertPathBuilderException: unable to find valid certification path to requested target
2026-04-14 22:18:38,726 [WARN] SupportedApi:132 - Cannot load RTOS API schema: s4s-elt-must-match.1: The content of 'definitions' must match (annotation?, (simpleType | complexType)?, (unique | key | keyref)*)). A problem was found starting at: attribute.
2026-04-14 22:18:38,907 [INFO] PluginManage:359 - Loaded plugin pinoutconfig (category:base,tabindex:0)
2026-04-14 22:18:38,908 [INFO] PluginManage:310 - Check plugin power
2026-04-14 22:18:38,927 [INFO] PluginManage:359 - Loaded plugin power (category:power,tabindex:4)
2026-04-14 22:18:38,927 [INFO] PluginManage:310 - Check plugin projectmanager
2026-04-14 22:18:38,972 [INFO] PluginManage:359 - Loaded plugin projectmanager (category:projectmanager,tabindex:4)
2026-04-14 22:18:38,973 [INFO] PluginManage:310 - Check plugin rif
2026-04-14 22:18:38,987 [INFO] PluginManage:359 - Loaded plugin rif (category:base,tabindex:3)
2026-04-14 22:18:38,987 [INFO] PluginManage:310 - Check plugin thirdparty
2026-04-14 22:18:39,203 [INFO] PluginManage:359 - Loaded plugin thirdparty (category:base,tabindex:-1)
2026-04-14 22:18:39,204 [INFO] PluginManage:310 - Check plugin tools
2026-04-14 22:18:39,203 [WARN] IntegrityCheckThread:84 - waiting for thirdparty lock release [integrity check]
2026-04-14 22:18:39,205 [INFO] IntegrityCheckThread:86 - entering critical section [integrity check]
2026-04-14 22:18:39,205 [INFO] ThirdPartyUpdaterWithRetryManager:70 - Updater plugin not ready yet. [1/15]
2026-04-14 22:18:39,208 [INFO] PluginManage:359 - Loaded plugin tools (category:base,tabindex:7)
2026-04-14 22:18:39,208 [INFO] PluginManage:310 - Check plugin tutovideos
2026-04-14 22:18:39,430 [INFO] PluginManage:359 - Loaded plugin tutovideos (category:base,tabindex:-1)
2026-04-14 22:18:39,431 [INFO] PluginManage:310 - Check plugin updater
2026-04-14 22:18:39,463 [INFO] PluginManage:359 - Loaded plugin updater (category:base,tabindex:12)
2026-04-14 22:18:39,463 [INFO] PluginManage:310 - Check plugin userauth
2026-04-14 22:18:39,468 [INFO] UserAuth:118 - Init User Auth plugin
2026-04-14 22:18:39,469 [INFO] PluginManage:359 - Loaded plugin userauth (category:base,tabindex:14)
2026-04-14 22:18:39,470 [INFO] PluginManage:283 - PluginManage : Loaded plugins [18]
2026-04-14 22:18:39,722 [INFO] PinOutPanel:1589 - setPackage(No Configuration,No Configuration)
2026-04-14 22:18:39,821 [INFO] CADModel:165 - CPN selected for project level
2026-04-14 22:18:39,821 [INFO] CADModel:114 - Register for checkConnection events
2026-04-14 22:18:39,831 [INFO] IPUIPlugin:80 - create IPUIPlugin
2026-04-14 22:18:39,831 [INFO] PluginManager:220 - loadIPPluginJar : add mdma
2026-04-14 22:18:39,838 [INFO] IPUIPlugin:80 - create IPUIPlugin
2026-04-14 22:18:39,838 [INFO] PluginManager:220 - loadIPPluginJar : add freertos
2026-04-14 22:18:39,843 [INFO] IPUIPlugin:80 - create IPUIPlugin
2026-04-14 22:18:39,843 [INFO] PluginManager:220 - loadIPPluginJar : add gic
2026-04-14 22:18:39,851 [INFO] IPUIPlugin:80 - create IPUIPlugin
2026-04-14 22:18:39,851 [INFO] PluginManager:220 - loadIPPluginJar : add adc
2026-04-14 22:18:39,852 [INFO] IPUIPlugin:80 - create IPUIPlugin
2026-04-14 22:18:39,853 [INFO] PluginManager:220 - loadIPPluginJar : add gtzc
2026-04-14 22:18:39,854 [INFO] IPUIPlugin:80 - create IPUIPlugin
2026-04-14 22:18:39,854 [INFO] PluginManager:220 - loadIPPluginJar : add quadspi
2026-04-14 22:18:39,857 [INFO] IPUIPlugin:80 - create IPUIPlugin
2026-04-14 22:18:39,857 [INFO] PluginManager:220 - loadIPPluginJar : add aes
2026-04-14 22:18:39,859 [INFO] IPUIPlugin:80 - create IPUIPlugin
2026-04-14 22:18:39,859 [INFO] PluginManager:220 - loadIPPluginJar : add pdm2pcm
2026-04-14 22:18:39,861 [INFO] IPUIPlugin:80 - create IPUIPlugin
2026-04-14 22:18:39,861 [INFO] PluginManager:220 - loadIPPluginJar : add hash
2026-04-14 22:18:39,863 [INFO] IPUIPlugin:80 - create IPUIPlugin
2026-04-14 22:18:39,863 [INFO] PluginManager:220 - loadIPPluginJar : add tim
2026-04-14 22:18:39,864 [INFO] IPUIPlugin:80 - create IPUIPlugin
2026-04-14 22:18:39,864 [INFO] PluginManager:220 - loadIPPluginJar : add tsc
2026-04-14 22:18:39,866 [INFO] IPUIPlugin:80 - create IPUIPlugin
2026-04-14 22:18:39,866 [INFO] PluginManager:220 - loadIPPluginJar : add extmemmanager
2026-04-14 22:18:39,868 [INFO] IPUIPlugin:80 - create IPUIPlugin
2026-04-14 22:18:39,868 [INFO] PluginManager:220 - loadIPPluginJar : add ts
2026-04-14 22:18:39,868 [INFO] IPUIPlugin:80 - create IPUIPlugin
2026-04-14 22:18:39,869 [INFO] PluginManager:220 - loadIPPluginJar : add radio
2026-04-14 22:18:39,870 [INFO] IPUIPlugin:80 - create IPUIPlugin
2026-04-14 22:18:39,870 [INFO] PluginManager:220 - loadIPPluginJar : add can
2026-04-14 22:18:39,871 [INFO] IPUIPlugin:80 - create IPUIPlugin
2026-04-14 22:18:39,872 [INFO] PluginManager:220 - loadIPPluginJar : add dma3
2026-04-14 22:18:39,873 [INFO] IPUIPlugin:80 - create IPUIPlugin
2026-04-14 22:18:39,873 [INFO] PluginManager:220 - loadIPPluginJar : add dfsdm
2026-04-14 22:18:39,875 [INFO] IPUIPlugin:80 - create IPUIPlugin
2026-04-14 22:18:39,875 [INFO] PluginManager:220 - loadIPPluginJar : add spi
2026-04-14 22:18:39,877 [INFO] IPUIPlugin:80 - create IPUIPlugin
2026-04-14 22:18:39,877 [INFO] PluginManager:220 - loadIPPluginJar : add gfxmmu
2026-04-14 22:18:39,878 [INFO] IPUIPlugin:80 - create IPUIPlugin
2026-04-14 22:18:39,878 [INFO] PluginManager:220 - loadIPPluginJar : add genericplugin
2026-04-14 22:18:39,879 [INFO] IPUIPlugin:80 - create IPUIPlugin
2026-04-14 22:18:39,879 [INFO] PluginManager:220 - loadIPPluginJar : add cryp
2026-04-14 22:18:39,883 [INFO] IPUIPlugin:80 - create IPUIPlugin
2026-04-14 22:18:39,883 [INFO] PluginManager:220 - loadIPPluginJar : add gpio
2026-04-14 22:18:39,885 [INFO] IPUIPlugin:80 - create IPUIPlugin
2026-04-14 22:18:39,886 [INFO] PluginManager:220 - loadIPPluginJar : add ddr_ctrl_phy
2026-04-14 22:18:39,889 [INFO] IPUIPlugin:80 - create IPUIPlugin
2026-04-14 22:18:39,889 [INFO] PluginManager:220 - loadIPPluginJar : add comp
2026-04-14 22:18:39,890 [INFO] IPUIPlugin:80 - create IPUIPlugin
2026-04-14 22:18:39,890 [INFO] PluginManager:220 - loadIPPluginJar : add tracer_emb
2026-04-14 22:18:39,892 [INFO] IPUIPlugin:80 - create IPUIPlugin
2026-04-14 22:18:39,892 [INFO] PluginManager:220 - loadIPPluginJar : add openamp
2026-04-14 22:18:39,895 [INFO] IPUIPlugin:80 - create IPUIPlugin
2026-04-14 22:18:39,896 [INFO] PluginManager:220 - loadIPPluginJar : add stm32_wpan
2026-04-14 22:18:39,899 [INFO] IPUIPlugin:80 - create IPUIPlugin
2026-04-14 22:18:39,901 [INFO] PluginManager:220 - loadIPPluginJar : add plateformsettings
2026-04-14 22:18:39,903 [INFO] IPUIPlugin:80 - create IPUIPlugin
2026-04-14 22:18:39,903 [INFO] PluginManager:220 - loadIPPluginJar : add ipddr
2026-04-14 22:18:39,904 [INFO] IPUIPlugin:80 - create IPUIPlugin
2026-04-14 22:18:39,904 [INFO] PluginManager:220 - loadIPPluginJar : add usart
2026-04-14 22:18:39,905 [INFO] IPUIPlugin:80 - create IPUIPlugin
2026-04-14 22:18:39,905 [INFO] PluginManager:220 - loadIPPluginJar : add ltdc
2026-04-14 22:18:39,907 [INFO] IPUIPlugin:80 - create IPUIPlugin
2026-04-14 22:18:39,907 [INFO] PluginManager:220 - loadIPPluginJar : add nvic
2026-04-14 22:18:39,908 [INFO] IPUIPlugin:80 - create IPUIPlugin
2026-04-14 22:18:39,908 [INFO] PluginManager:220 - loadIPPluginJar : add fatfs
2026-04-14 22:18:39,913 [INFO] IPUIPlugin:80 - create IPUIPlugin
2026-04-14 22:18:39,913 [INFO] PluginManager:220 - loadIPPluginJar : add linkedlist
2026-04-14 22:18:39,917 [INFO] IPUIPlugin:80 - create IPUIPlugin
2026-04-14 22:18:39,917 [INFO] PluginManager:220 - loadIPPluginJar : add dma
2026-04-14 22:18:39,919 [INFO] IPUIPlugin:80 - create IPUIPlugin
2026-04-14 22:18:39,919 [INFO] PluginManager:220 - loadIPPluginJar : add fmc
2026-04-14 22:18:39,920 [INFO] IPUIPlugin:80 - create IPUIPlugin
2026-04-14 22:18:39,921 [INFO] PluginManager:220 - loadIPPluginJar : add i2s
2026-04-14 22:18:39,921 [INFO] IPUIPlugin:80 - create IPUIPlugin
2026-04-14 22:18:39,922 [INFO] PluginManager:220 - loadIPPluginJar : add ucpd
2026-04-14 22:18:39,923 [INFO] IPUIPlugin:80 - create IPUIPlugin
2026-04-14 22:18:39,924 [INFO] PluginManager:220 - loadIPPluginJar : add lorawan
2026-04-14 22:18:39,925 [INFO] IPUIPlugin:80 - create IPUIPlugin
2026-04-14 22:18:39,925 [INFO] PluginManager:220 - loadIPPluginJar : add opamp
2026-04-14 22:18:39,927 [INFO] IPUIPlugin:80 - create IPUIPlugin
2026-04-14 22:18:39,927 [INFO] PluginManager:220 - loadIPPluginJar : add i3c
2026-04-14 22:18:39,929 [INFO] IPUIPlugin:80 - create IPUIPlugin
2026-04-14 22:18:39,929 [INFO] PluginManager:220 - loadIPPluginJar : add touchsensing
2026-04-14 22:18:39,931 [INFO] IPUIPlugin:80 - create IPUIPlugin
2026-04-14 22:18:39,931 [INFO] PluginManager:220 - loadIPPluginJar : add i2c
2026-04-14 22:18:39,933 [INFO] IPUIPlugin:80 - create IPUIPlugin
2026-04-14 22:18:39,933 [INFO] PluginManager:220 - loadIPPluginJar : add resmgrutility
2026-04-14 22:18:39,935 [INFO] IPUIPlugin:80 - create IPUIPlugin
2026-04-14 22:18:39,935 [INFO] PluginManager:220 - loadIPPluginJar : add sai
2026-04-14 22:18:39,938 [INFO] IPUIPlugin:80 - create IPUIPlugin
2026-04-14 22:18:39,939 [INFO] PluginManager:220 - loadIPPluginJar : add usbx
2026-04-14 22:18:40,057 [FATAL] Updater:351 - Updater called before beeing initialized
2026-04-14 22:18:40,108 [INFO] RulesReader:64 - Compatibility file has been processed (317 Rules)
2026-04-14 22:18:40,121 [INFO] RulesReader:64 - Compatibility file has been processed (317 Rules)
2026-04-14 22:18:40,128 [INFO] CADModel:165 - CPN selected for project level
2026-04-14 22:18:40,128 [INFO] CADModel:114 - Register for checkConnection events
2026-04-14 22:18:40,128 [FATAL] Updater:351 - Updater called before beeing initialized
2026-04-14 22:18:40,128 [ERROR] CADModel:125 - Updater not yet initialized, retry later 
2026-04-14 22:18:40,364 [FATAL] Updater:351 - Updater called before beeing initialized
2026-04-14 22:18:40,365 [INFO] CADModel:165 - CPN selected for project level
2026-04-14 22:18:40,366 [INFO] CADModel:114 - Register for checkConnection events
2026-04-14 22:18:40,366 [FATAL] Updater:351 - Updater called before beeing initialized
2026-04-14 22:18:40,366 [ERROR] CADModel:125 - Updater not yet initialized, retry later 
2026-04-14 22:18:40,368 [FATAL] Updater:351 - Updater called before beeing initialized
2026-04-14 22:18:40,525 [FATAL] Updater:351 - Updater called before beeing initialized
2026-04-14 22:18:40,530 [INFO] DbMcusAds:53 - JSON generation date=Thu Sep 30 12:25:09 IST 2021 (1632984909247)
2026-04-14 22:18:40,530 [FATAL] Updater:351 - Updater called before beeing initialized
2026-04-14 22:18:40,587 [WARN] DetailPanel:346 - Failed to get advertising image, set to default
2026-04-14 22:18:40,659 [FATAL] Updater:351 - Updater called before beeing initialized
2026-04-14 22:18:40,661 [FATAL] Updater:351 - Updater called before beeing initialized
2026-04-14 22:18:40,661 [FATAL] Updater:351 - Updater called before beeing initialized
2026-04-14 22:18:40,661 [WARN] DetailPanel:346 - Failed to get advertising image, set to default
2026-04-14 22:18:40,663 [FATAL] Updater:351 - Updater called before beeing initialized
2026-04-14 22:18:40,736 [ERROR] Updater:1198 - MainUpdater not yet initialized. External WinMGr cannot be set.
2026-04-14 22:18:40,738 [INFO] Updater:1134 - Updater Version found : 6.15.0
2026-04-14 22:18:40,752 [INFO] ApplicationProperties:184 - Using Application install path: /Applications/STM32CubeIDE.app/Contents/Eclipse/plugins/com.st.stm32cube.common.mx_6.15.0.202507011659
2026-04-14 22:18:41,107 [INFO] MainUpdater:2872 - connection check result : 22
2026-04-14 22:18:41,109 [INFO] MainUpdater:289 - Updater Check For Update Now.
2026-04-14 22:18:41,110 [INFO] MicroXplorer:498 - Change Database Version : DB.6.0.150
2026-04-14 22:18:41,123 [INFO] McuFinderGlobals:63 - Set McuFinder mode to 2 (CubeIDE integrated)
2026-04-14 22:18:41,123 [INFO] UserAuth:171 - activating auth plugin
2026-04-14 22:18:41,141 [INFO] UserAuth:487 - Internet connection configuration mode: 2
2026-04-14 22:18:41,179 [INFO] UserAuth:487 - Internet connection configuration mode: 2
2026-04-14 22:18:41,424 [INFO] CheckServerUpdateThread:120 - End of CheckServer Thread
2026-04-14 22:18:42,307 [INFO] ThirdParty:978 - Integrity check success = true
2026-04-14 22:18:42,307 [INFO] IntegrityCheckThread:100 - exiting critical section [integrity check]
2026-04-14 22:18:42,307 [INFO] IntegrityCheckThread:103 - End integrity checks thread
2026-04-14 22:21:00,894 [INFO] McuFinderGlobals:63 - Set McuFinder mode to 2 (CubeIDE integrated)
2026-04-14 22:21:01,148 [INFO] MainUpdater:2872 - connection check result : 22
2026-04-14 22:21:01,758 [INFO] MicroXplorer:468 - Change Database Path : 
2026-04-14 22:21:01,759 [INFO] MicroXplorer:498 - Change Database Version : DB.6.0.150
2026-04-14 22:21:01,765 [WARN] ThirdParty:871 - waiting for thirdparty lock release [close project]
2026-04-14 22:21:01,765 [INFO] ThirdParty:873 - entering critical section [close project]
2026-04-14 22:21:01,771 [INFO] ThirdParty:883 - exiting critical section [close project]
2026-04-14 22:21:01,777 [INFO] PinOutPanel:1589 - setPackage(No Configuration,No Configuration)
2026-04-14 22:21:01,782 [INFO] UtilMem:75 - Begin LoadConfig() Used Memory: 291969608 Bytes (319815680)
2026-04-14 22:21:01,786 [INFO] MicroXplorer:468 - Change Database Path : 
2026-04-14 22:21:01,786 [INFO] MicroXplorer:498 - Change Database Version : DB.6.0.150
2026-04-14 22:21:01,787 [INFO] OpenFileManager:355 - Change cursor
2026-04-14 22:21:01,858 [INFO] Mcu:2029 - Initializing MCU STM32F446R(C-E)Tx STM32F446RETx STM32F446RET6
2026-04-14 22:21:03,935 [INFO] Context:786 - Trying to add GPIOservice into a context  which must be forbidden
2026-04-14 22:21:05,178 [INFO] ImportTextPane:234 - (OptionalMessage_ERROR) Pin12 (VP_RIF_VS_RIF1) cannot be retrieved for this MCU
2026-04-14 22:21:05,401 [INFO] RtosManager:558 - Registered RTOS mode: class=CMSIS, group=RTOS, mode=CMSIS_V1, owner=FREERTOS
2026-04-14 22:21:05,403 [INFO] RtosManager:558 - Registered RTOS mode: class=CMSIS, group=RTOS2, mode=CMSIS_V2, owner=FREERTOS
2026-04-14 22:21:05,403 [INFO] RtosManager:558 - Registered RTOS mode: class=RTOS, group=Core, mode=CMSIS_V1, owner=FREERTOS
2026-04-14 22:21:05,403 [INFO] RtosManager:558 - Registered RTOS mode: class=RTOS, group=Core, mode=CMSIS_V2, owner=FREERTOS
2026-04-14 22:21:05,403 [WARN] ModelIntegratedComponent:184 - Missing modes for component STMicroelectronics:FreeRTOS:0.0.1:STMicroelectronics:RTOS:FreeRTOS:Core:::10.2.0:
2026-04-14 22:21:05,405 [WARN] ModelIntegratedComponent:63 - No mode defined for component null
2026-04-14 22:21:05,406 [WARN] ModelIntegratedComponent:63 - No mode defined for component null
2026-04-14 22:21:05,406 [WARN] ModelIntegratedComponent:63 - No mode defined for component null
2026-04-14 22:21:05,406 [WARN] ModelIntegratedComponent:63 - No mode defined for component null
2026-04-14 22:21:05,407 [WARN] ModelIntegratedComponent:63 - No mode defined for component null
2026-04-14 22:21:05,408 [WARN] ModelIntegratedComponent:63 - No mode defined for component null
2026-04-14 22:21:05,409 [WARN] ModelIntegratedComponent:63 - No mode defined for component null
2026-04-14 22:21:05,409 [WARN] ModelIntegratedComponent:63 - No mode defined for component null
2026-04-14 22:21:05,409 [WARN] ModelIntegratedComponent:63 - No mode defined for component null
2026-04-14 22:21:05,409 [WARN] ModelIntegratedComponent:63 - No mode defined for component null
2026-04-14 22:21:05,409 [WARN] ModelIntegratedComponent:63 - No mode defined for component null
2026-04-14 22:21:05,409 [WARN] ModelIntegratedComponent:63 - No mode defined for component null
2026-04-14 22:21:05,410 [WARN] ModelIntegratedComponent:63 - No mode defined for component null
2026-04-14 22:21:05,410 [WARN] ModelIntegratedComponent:63 - No mode defined for component null
2026-04-14 22:21:05,411 [WARN] ModelIntegratedComponent:63 - No mode defined for component null
2026-04-14 22:21:05,411 [WARN] ModelIntegratedComponent:63 - No mode defined for component null
2026-04-14 22:21:05,411 [WARN] ModelIntegratedComponent:63 - No mode defined for component null
2026-04-14 22:21:05,411 [WARN] ModelIntegratedComponent:63 - No mode defined for component null
2026-04-14 22:21:05,411 [WARN] ModelIntegratedComponent:63 - No mode defined for component null
2026-04-14 22:21:05,411 [WARN] ModelIntegratedComponent:63 - No mode defined for component null
2026-04-14 22:21:05,411 [WARN] ModelIntegratedComponent:63 - No mode defined for component null
2026-04-14 22:21:05,411 [WARN] ModelIntegratedComponent:63 - No mode defined for component null
2026-04-14 22:21:05,411 [WARN] ModelIntegratedComponent:63 - No mode defined for component null
2026-04-14 22:21:05,411 [WARN] ModelIntegratedComponent:63 - No mode defined for component null
2026-04-14 22:21:05,412 [WARN] ModelIntegratedComponent:63 - No mode defined for component null
2026-04-14 22:21:05,412 [WARN] ModelIntegratedComponent:63 - No mode defined for component null
2026-04-14 22:21:05,412 [WARN] ModelIntegratedComponent:63 - No mode defined for component null
2026-04-14 22:21:05,412 [WARN] ModelIntegratedComponent:63 - No mode defined for component null
2026-04-14 22:21:05,414 [WARN] ModelIntegratedComponent:63 - No mode defined for component null
2026-04-14 22:21:05,414 [WARN] ModelIntegratedComponent:63 - No mode defined for component null
2026-04-14 22:21:05,414 [WARN] ModelIntegratedComponent:63 - No mode defined for component null
2026-04-14 22:21:05,414 [WARN] ModelIntegratedComponent:63 - No mode defined for component null
2026-04-14 22:21:05,414 [WARN] ModelIntegratedComponent:63 - No mode defined for component null
2026-04-14 22:21:05,414 [WARN] ModelIntegratedComponent:63 - No mode defined for component null
2026-04-14 22:21:05,414 [WARN] ModelIntegratedComponent:63 - No mode defined for component null
2026-04-14 22:21:05,415 [WARN] ModelPack:524 - Component already loaded: STMicroelectronics:HAL Drivers:0.0.0:STMicroelectronics:Device:STMicro_Driver:XSPI:HAL::0.0.1:HAL_XSPI
2026-04-14 22:21:05,429 [INFO] ThirdPartyModel:298 - Start build external matchings
2026-04-14 22:21:05,432 [INFO] ThirdPartyModel:316 - End build external matchings
2026-04-14 22:21:07,396 [INFO] ApiDb:581 - Connected to CubeFinder SQLite database (/Users/ggpai/.stmcufinder/plugins/mcufinder/mcu/cube-finder-db.db)
2026-04-14 22:21:07,445 [INFO] ApiDb:668 - CubeFinder database Data Model version=2.1
2026-04-14 22:21:07,445 [INFO] ApiDb:669 - CubeFinder database Configuration version=3.0.42
2026-04-14 22:21:07,446 [INFO] ApiDb:670 - CubeFinder database generation date=2026-02-13 (1770995876)
2026-04-14 22:21:07,446 [INFO] ApiDb:671 - CubeFinder database FW Pack versions=[FP-ATR-ASTRA1_V2.0.0, FP-SNS-FLIGHT1_V5.1.0, FP-SNS-MOTENV1_V5.1.0, FP-SNS-MOTENVWB1_V1.4.0, FP-SNS-SMARTAG2_V1.2.0, FP-SNS-STBOX1_V2.1.0, STM32Cube_FW_C0_V1.4.0, STM32Cube_FW_F4_V1.28.3, STM32Cube_FW_F7_V1.17.4, STM32Cube_FW_G0_V1.6.2, STM32Cube_FW_G4_V1.6.1, STM32Cube_FW_H5_V1.6.0, STM32Cube_FW_H7RS_V1.3.0, STM32Cube_FW_H7_V1.13.0, STM32Cube_FW_L0_V1.12.2, STM32Cube_FW_L4_V1.18.2, STM32Cube_FW_L5_V1.6.0, STM32Cube_FW_N6_V1.3.0, STM32Cube_FW_U0_V1.3.0, STM32Cube_FW_U3_V1.3.0, STM32Cube_FW_U5_V1.8.0, STM32Cube_FW_WB0_V1.4.0, STM32Cube_FW_WBA_V1.9.0, STM32Cube_FW_WB_V1.24.0, STM32Cube_FW_WL3_V1.4.0, STM32Cube_FW_WL_V1.5.0, X-CUBE-ALGOBUILD_V1.4.0, X-CUBE-ALS_V1.0.2, X-CUBE-AZRTOS-F4_V1.1.0, X-CUBE-AZRTOS-F7_V1.1.0, X-CUBE-AZRTOS-G0_V1.1.0, X-CUBE-AZRTOS-G4_V2.0.0, X-CUBE-AZRTOS-H7RS_V1.1.0, X-CUBE-AZRTOS-H7_V3.4.0, X-CUBE-AZRTOS-L4_V2.0.0, X-CUBE-AZRTOS-L5_V2.0.0, X-CUBE-AZRTOS-WB_V2.0.0, X-CUBE-AZRTOS-WL_V2.0.0, X-CUBE-BLE1_V7.1.0, X-CUBE-BLE2_V3.3.0, X-CUBE-BLEMGR_V4.1.0, X-CUBE-EEPRMA1_V5.2.0, X-CUBE-FREERTOS_V1.3.1, X-CUBE-GNSS1_V6.0.0, X-CUBE-MEMS1_V12.0.0, X-CUBE-NFC4_V3.0.0, X-CUBE-NFC7_V2.0.0, X-CUBE-SFXS2LP1_V4.0.0, X-CUBE-ST67W61_V1.1.0, X-CUBE-SUBG2_V5.0.0, X-CUBE-TOF1_V3.4.3]
2026-04-14 22:21:07,529 [INFO] DbBoardsSqlite:226 - include board P-NUCLEO-WB55-NUCLEO as a kit item of type 'Nucleo-64'
2026-04-14 22:21:07,530 [INFO] DbBoardsSqlite:226 - include board P-NUCLEO-WB55-USBDONGLE as a kit item of type 'Nucleo USB Dongle'
2026-04-14 22:21:07,530 [INFO] DbBoardsSqlite:226 - include board STEVAL-IDP005V1 as a kit item of type 'Evaluation Board'
2026-04-14 22:21:07,531 [INFO] DbBoardsSqlite:226 - include board STEVAL-IDP005V2 as a kit item of type 'Evaluation Board'
2026-04-14 22:21:07,643 [INFO] ApiDb:240 - Found 880 in-development CPN: [B-G473E-ZEST1S, B-WB1M-WPAN1, B-WBA5M-WPAN, B-WL5M-SUBG1, NUCLEO-C031C6, NUCLEO-C051C8, NUCLEO-C071RB, NUCLEO-C092RC, NUCLEO-H503RB, NUCLEO-H533RE, NUCLEO-H563ZI, NUCLEO-H7S3L8, NUCLEO-N657X0-Q, NUCLEO-U031R8, NUCLEO-U083RC, NUCLEO-U385RG-Q, NUCLEO-U545RE-Q, NUCLEO-U5A5ZJ-Q, NUCLEO-WB05KZ, NUCLEO-WB07CC, NUCLEO-WB09KE, NUCLEO-WBA52CG, NUCLEO-WBA55CG, NUCLEO-WL33CC1, NUCLEO-WL33CC2, STEVAL-PROTEUS1, STEVAL-SMARTAG2, STEVAL-STWINBX1, STM320518-EVAL, STM32C0116-DK, STM32C011D6Y3TR, STM32C011D6Y6TR, STM32C011F4P3, STM32C011F4P6, STM32C011F4U3, STM32C011F4U6TR, STM32C011F6P3, STM32C011F6P6, STM32C011F6U3, STM32C011F6U6TR, STM32C011J4M3, STM32C011J4M6, STM32C011J6M3, STM32C011J6M6, STM32C0316-DK, STM32C031C4T3, STM32C031C4T6, STM32C031C4U3, STM32C031C4U6, STM32C031C6T3, STM32C031C6T6, STM32C031C6U3, STM32C031C6U6, STM32C031F4P3, STM32C031F4P6, STM32C031F6P3, STM32C031F6P6, STM32C031G4U3, STM32C031G4U6, STM32C031G6U3, STM32C031G6U6, STM32C031K4T3, STM32C031K4T6, STM32C031K4U3, STM32C031K4U6, STM32C031K6T3, STM32C031K6T6, STM32C031K6U3, STM32C031K6U6, STM32C051C6T6, STM32C051C6U6, STM32C051C8T6, STM32C051C8U6, STM32C051D8Y6TR, STM32C051F6P6, STM32C051F8P6, STM32C051G6U6, STM32C051G8U6, STM32C051K6T6, STM32C051K6U6, STM32C051K8T6, STM32C071C8T6, STM32C071C8T6N, STM32C071C8U6, STM32C071C8U6N, STM32C071CBT6, STM32C071CBT6N, STM32C071CBU6, STM32C071CBU6N, STM32C071F8P6, STM32C071F8P6N, STM32C071FBP6, STM32C071FBP6N, STM32C071FBY6TR, STM32C071G8U6, STM32C071G8U6N, STM32C071GBU6, STM32C071GBU6N, STM32C071K8T6, STM32C071K8T6N, STM32C071K8U6, STM32C071K8U6N, STM32C071KBT6, STM32C071KBT6N, STM32C071KBU6, STM32C071KBU6N, STM32C071R8T6, STM32C071R8T6N, STM32C071RBI6N, STM32C071RBT6, STM32C071RBT6N, STM32C091CBT6, STM32C091CBU6, STM32C091CCT6, STM32C091CCU6, STM32C091ECY6TR, STM32C091FBP6, STM32C091FCP6, STM32C091GBU6, STM32C091GCU6, STM32C091KBT6, STM32C091KBU6, STM32C091KCT6, STM32C091KCU6, STM32C091RBT6, STM32C091RCI6, STM32C091RCT6, STM32C092CBT6, STM32C092CBU6, STM32C092CCT6, STM32C092CCU6, STM32C092ECY6TR, STM32C092FBP6, STM32C092FCP6, STM32C092GBU6, STM32C092GCU6, STM32C092KBT6, STM32C092KBU6, STM32C092KCT6, STM32C092KCU6, STM32C092RBT6, STM32C092RCI6, STM32C092RCT6, STM32G071K8TXN, STM32G071K8UXN, STM32G081GBU6N, STM32G081KBT6N, STM32G081KBUXN, STM32G0B1CCT6N, STM32G0B1KCT6, STM32G0B1NEY6TR, STM32G0B1RCT6N, STM32G0C1CCT6, STM32G0C1CCT6N, STM32G0C1CCU6N, STM32G0C1CET6N, STM32G0C1CEU6N, STM32G0C1KCT6, STM32G0C1NEY6TR, STM32G0C1RCI6N, STM32G0C1RCT6N, STM32G0C1REI6N, STM32G0C1RET6N, STM32G0C1VCI6, STM32G0C1VEI6, STM32G411C6T3, STM32G411C6T6, STM32G411C6U3, STM32G411C6U6, STM32G411C8T3, STM32G411C8T6, STM32G411C8U3, STM32G411C8U6, STM32G411CBT3, STM32G411CBT6, STM32G411CBU3, STM32G411CBU6, STM32G411K6T3, STM32G411K6T6, STM32G411K6U3, STM32G411K6U6, STM32G411K8T3, STM32G411K8T6, STM32G411K8U3, STM32G411K8U6, STM32G411KBT3, STM32G411KBT6, STM32G411KBU3, STM32G411KBU6, STM32G411M6T3, STM32G411M6T6, STM32G411M8T3, STM32G411M8T6, STM32G411MBT3, STM32G411MBT6, STM32G411R6T3, STM32G411R6T6, STM32G411R8T3, STM32G411R8T6, STM32G411RBT3, STM32G411RBT6, STM32G414CBT3, STM32G414CBT6, STM32G414CBU3, STM32G414CBU6, STM32G414CCT3, STM32G414CCT6, STM32G414CCU3, STM32G414CCU6, STM32G414MBT3, STM32G414MBT6, STM32G414MCT3, STM32G414MCT6, STM32G414RBT3, STM32G414RBT6, STM32G414RCT3, STM32G414RCT6, STM32G414VBT3, STM32G414VBT6, STM32G414VCT3, STM32G414VCT6, STM32G431CBT3Z, STM32G431RBT3Z, STM32G471CCT6, STM32G471CCU6, STM32G471CET3, STM32G471CET6, STM32G471CEU3, STM32G471CEU6, STM32G471MCT6, STM32G471MET3, STM32G471MET6, STM32G471MEY6TR, STM32G471QCT6, STM32G471QET3, STM32G471RCT6, STM32G471RET3, STM32G471RET6, STM32G471VCH6, STM32G471VCI6, STM32G471VCT6, STM32G471VEH3, STM32G471VEH6, STM32G471VEI3, STM32G471VEI6, STM32G471VET3, STM32G471VET6, STM32G473QET3Z, STM32G473RET3Z, STM32G474CCT6, STM32G491RET3Z, STM32H503CBT6, STM32H503CBU6, STM32H503EBY6TR, STM32H503KBU6, STM32H503RBT6, STM32H523CCT6, STM32H523CCU6, STM32H523CET6, STM32H523CEU6, STM32H523HEY6TR, STM32H523RCT6, STM32H523RET6, STM32H523VCI6, STM32H523VCT6, STM32H523VEI6, STM32H523VET6, STM32H523ZCJ6, STM32H523ZCT6, STM32H523ZEJ6, STM32H523ZET6, STM32H533CET6, STM32H533CEU6, STM32H533HEY6TR, STM32H533RET6, STM32H533VEI6, STM32H533VET6, STM32H533ZEJ6, STM32H533ZET6, STM32H562AGI6, STM32H562AII6, STM32H562IGK6, STM32H562IGT6, STM32H562IIK6, STM32H562IIT6, STM32H562RGT6, STM32H562RGV6, STM32H562RIT6, STM32H562RIV6, STM32H562VGT6, STM32H562VIT6, STM32H562ZGT6, STM32H562ZIT6, STM32H563AGI6, STM32H563AII3Q, STM32H563AII6, STM32H563IGK6, STM32H563IGT6, STM32H563IIK3Q, STM32H563IIK6, STM32H563IIT3Q, STM32H563IIT6, STM32H563MIY3QTR, STM32H563RGT6, STM32H563RGV6, STM32H563RIT6, STM32H563RIV6, STM32H563VGT6, STM32H563VIT3Q, STM32H563VIT6, STM32H563ZGT6, STM32H563ZIT3Q, STM32H563ZIT6, STM32H573AII3Q, STM32H573AII6, STM32H573I-DK, STM32H573IIK3Q, STM32H573IIK6, STM32H573IIT3Q, STM32H573IIT6, STM32H573MIY3QTR, STM32H573RIT6, STM32H573RIV6, STM32H573VIT3Q, STM32H573VIT6, STM32H573ZIT3Q, STM32H573ZIT6, STM32H7R3A8I6, STM32H7R3I8K6, STM32H7R3I8T6, STM32H7R3L8H6, STM32H7R3L8H6H, STM32H7R3R8V6, STM32H7R3V8H6, STM32H7R3V8T6, STM32H7R3V8Y6TR, STM32H7R3Z8J6, STM32H7R3Z8T6, STM32H7R7A8I6, STM32H7R7I8K6, STM32H7R7I8T6, STM32H7R7L8H6, STM32H7R7L8H6H, STM32H7R7Z8J6, STM32H7S3A8I6, STM32H7S3I8K6, STM32H7S3I8T6, STM32H7S3L8H6, STM32H7S3L8H6H, STM32H7S3R8V6, STM32H7S3V8H6, STM32H7S3V8T6, STM32H7S3V8Y6TR, STM32H7S3Z8J6, STM32H7S3Z8T6, STM32H7S78-DK, STM32H7S7A8I6, STM32H7S7I8K6, STM32H7S7I8T6, STM32H7S7L8H6, STM32H7S7L8H6H, STM32H7S7Z8J6, STM32L4R5QGI6STR, STM32MP131AAE3, STM32MP131AAF3, STM32MP131AAG3, STM32MP131CAE3, STM32MP131CAF3, STM32MP131CAG3, STM32MP131DAE7, STM32MP131DAF7, STM32MP131DAG7, STM32MP131FAE7, STM32MP131FAF7, STM32MP131FAG7, STM32MP133AAE3, STM32MP133AAF3, STM32MP133AAG3, STM32MP133CAE3, STM32MP133CAF3, STM32MP133CAG3, STM32MP133DAE7, STM32MP133DAF7, STM32MP133DAG7, STM32MP133FAE7, STM32MP133FAF7, STM32MP133FAG7, STM32MP135AAE3, STM32MP135AAF3, STM32MP135AAG3, STM32MP135CAE3, STM32MP135CAF3, STM32MP135CAG3, STM32MP135DAE7, STM32MP135DAF7, STM32MP135DAG7, STM32MP135F-DK, STM32MP135FAE7, STM32MP135FAF7, STM32MP135FAF7T, STM32MP135FAF7U, STM32MP135FAG7, STM32MP211AAL3, STM32MP211AAM3, STM32MP211AAN3, STM32MP211AAO3, STM32MP211CAL3, STM32MP211CAM3, STM32MP211CAN3, STM32MP211CAO3, STM32MP211DAL3, STM32MP211DAM3, STM32MP211DAN3, STM32MP211DAO3, STM32MP211FAL3, STM32MP211FAM3, STM32MP211FAN3, STM32MP211FAO3, STM32MP213AAL3, STM32MP213AAM3, STM32MP213AAN3, STM32MP213AAO3, STM32MP213CAL3, STM32MP213CAM3, STM32MP213CAN3, STM32MP213CAO3, STM32MP213DAL3, STM32MP213DAM3, STM32MP213DAN3, STM32MP213DAO3, STM32MP213FAL3, STM32MP213FAM3, STM32MP213FAN3, STM32MP213FAO3, STM32MP215AAL3, STM32MP215AAM3, STM32MP215AAN3, STM32MP215AAO3, STM32MP215CAL3, STM32MP215CAM3, STM32MP215CAN3, STM32MP215CAO3, STM32MP215DAL3, STM32MP215DAM3, STM32MP215DAN3, STM32MP215DAO3, STM32MP215F-DK, STM32MP215FAL3, STM32MP215FAM3, STM32MP215FAN3, STM32MP215FAO3, STM32MP231AAJ3, STM32MP231AAK3, STM32MP231AAL3, STM32MP231CAJ3, STM32MP231CAK3, STM32MP231CAL3, STM32MP231DAJ3, STM32MP231DAK3, STM32MP231DAL3, STM32MP231FAJ3, STM32MP231FAK3, STM32MP231FAL3, STM32MP233AAJ3, STM32MP233AAK3, STM32MP233AAL3, STM32MP233CAJ3, STM32MP233CAK3, STM32MP233CAL3, STM32MP233DAJ3, STM32MP233DAK3, STM32MP233DAL3, STM32MP233FAJ3, STM32MP233FAK3, STM32MP233FAL3, STM32MP235AAJ3, STM32MP235AAK3, STM32MP235AAL3, STM32MP235CAJ3, STM32MP235CAK3, STM32MP235CAL3, STM32MP235DAJ3, STM32MP235DAK3, STM32MP235DAL3, STM32MP235FAJ3, STM32MP235FAK3, STM32MP235FAL3, STM32MP251AAI3, STM32MP251AAK3, STM32MP251AAL3, STM32MP251CAI3, STM32MP251CAK3, STM32MP251CAL3, STM32MP251DAI3, STM32MP251DAK3, STM32MP251DAL3, STM32MP251FAI3, STM32MP251FAK3, STM32MP251FAL3, STM32MP253AAI3, STM32MP253AAK3, STM32MP253AAL3, STM32MP253CAI3, STM32MP253CAK3, STM32MP253CAL3, STM32MP253DAI3, STM32MP253DAK3, STM32MP253DAL3, STM32MP253FAI3, STM32MP253FAK3, STM32MP253FAL3, STM32MP255AAI3, STM32MP255AAK3, STM32MP255AAL3, STM32MP255CAI3, STM32MP255CAK3, STM32MP255CAL3, STM32MP255DAI3, STM32MP255DAK3, STM32MP255DAL3, STM32MP255FAI3, STM32MP255FAK3, STM32MP255FAL3, STM32MP257AAI3, STM32MP257AAK3, STM32MP257AAL3, STM32MP257CAI3, STM32MP257CAK3, STM32MP257CAL3, STM32MP257DAI3, STM32MP257DAK3, STM32MP257DAL3, STM32MP257F-DK, STM32MP257F-EV1, STM32MP257FAI3, STM32MP257FAK3, STM32MP257FAL3, STM32N645A0H3Q, STM32N645B0H3Q, STM32N645I0H3Q, STM32N645L0H3Q, STM32N645X0H3Q, STM32N645Z0H3Q, STM32N647A0H3Q, STM32N647B0H3Q, STM32N647I0H3Q, STM32N647L0H3Q, STM32N647X0H3Q, STM32N647Z0H3Q, STM32N655A0H3Q, STM32N655B0H3Q, STM32N655I0H3Q, STM32N655L0H3Q, STM32N655X0H3Q, STM32N655Z0H3Q, STM32N6570-DK, STM32N657A0H3Q, STM32N657B0H3Q, STM32N657I0H3Q, STM32N657L0H3Q, STM32N657X0H3Q, STM32N657Z0H3Q, STM32U031C6T6, STM32U031C6U6, STM32U031C8T6, STM32U031C8U6, STM32U031F4P6, STM32U031F6P6, STM32U031F8P6, STM32U031G6Y6TR, STM32U031G8Y6TR, STM32U031K4U6, STM32U031K6U6, STM32U031K8U6, STM32U031R6I6, STM32U031R6T6, STM32U031R8I6, STM32U031R8T6, STM32U073C8T6, STM32U073C8U6, STM32U073CBT6, STM32U073CBU6, STM32U073CCT6, STM32U073CCU6, STM32U073H8Y6TR, STM32U073HBY6TR, STM32U073HCY6TR, STM32U073K8U6, STM32U073KBU6, STM32U073KCU6, STM32U073M8I6, STM32U073M8T6, STM32U073MBI6, STM32U073MBT6, STM32U073MCI6, STM32U073MCT6, STM32U073R8I6, STM32U073R8T6, STM32U073RBI6, STM32U073RBT6, STM32U073RCI6, STM32U073RCT6, STM32U083C-DK, STM32U083CCT6, STM32U083CCU6, STM32U083HCY6TR, STM32U083KCU6, STM32U083MCI6, STM32U083MCT6, STM32U083RCI6, STM32U083RCT6, STM32U375CET6, STM32U375CET6Q, STM32U375CEU6, STM32U375CEU6Q, STM32U375CEY6QTR, STM32U375CGT6, STM32U375CGT6Q, STM32U375CGU6, STM32U375CGU6Q, STM32U375CGY6QTR, STM32U375KEU6, STM32U375KGU6, STM32U375REI6, STM32U375REI6Q, STM32U375RET6, STM32U375RET6Q, STM32U375REY6GTR, STM32U375REY6QTR, STM32U375RGI6, STM32U375RGI6Q, STM32U375RGT6, STM32U375RGT6Q, STM32U375RGY6GTR, STM32U375RGY6QTR, STM32U375VEI6, STM32U375VEI6Q, STM32U375VET6, STM32U375VET6Q, STM32U375VGI6, STM32U375VGI6Q, STM32U375VGT6, STM32U375VGT6Q, STM32U385CGT6, STM32U385CGT6Q, STM32U385CGU6, STM32U385CGU6Q, STM32U385CGY6QTR, STM32U385KGU6, STM32U385RGI6, STM32U385RGI6Q, STM32U385RGT6, STM32U385RGT6Q, STM32U385RGY6GTR, STM32U385RGY6QTR, STM32U385VGI6, STM32U385VGI6Q, STM32U385VGT6, STM32U385VGT6Q, STM32U535CBT6, STM32U535CBT6Q, STM32U535CBU6, STM32U535CBU6Q, STM32U535CCT6, STM32U535CCT6Q, STM32U535CCU6, STM32U535CCU6Q, STM32U535CET6, STM32U535CET6Q, STM32U535CEU6, STM32U535CEU6Q, STM32U535JEY6QTR, STM32U535NCY6QTR, STM32U535NEY6QTR, STM32U535RBI6, STM32U535RBI6Q, STM32U535RBT6, STM32U535RBT6Q, STM32U535RCI6, STM32U535RCI6Q, STM32U535RCT6, STM32U535RCT6Q, STM32U535REI6, STM32U535REI6Q, STM32U535RET6, STM32U535RET6Q, STM32U535VCI6, STM32U535VCI6Q, STM32U535VCT6, STM32U535VCT6Q, STM32U535VEI6, STM32U535VEI6Q, STM32U535VET6, STM32U535VET6Q, STM32U545CET6, STM32U545CET6Q, STM32U545CEU6, STM32U545CEU6Q, STM32U545JEY6QTR, STM32U545NEY6QTR, STM32U545REI6, STM32U545REI6Q, STM32U545RET6, STM32U545RET6Q, STM32U545VEI6, STM32U545VEI6Q, STM32U545VET6, STM32U545VET6Q, STM32U595AIH6, STM32U595AIH6Q, STM32U595AJH6, STM32U595AJH6Q, STM32U595QII6, STM32U595QII6Q, STM32U595QJI6, STM32U595QJI6Q, STM32U595RIT6, STM32U595RIT6Q, STM32U595RJT6, STM32U595RJT6Q, STM32U595VIT6, STM32U595VIT6Q, STM32U595VJT6, STM32U595VJT6Q, STM32U595ZIT6, STM32U595ZIT6Q, STM32U595ZIY6QTR, STM32U595ZJT6, STM32U595ZJT6Q, STM32U595ZJY6QTR, STM32U599BJY6QTR, STM32U599NIH6Q, STM32U599NJH6Q, STM32U599VIT6Q, STM32U599VJT6, STM32U599VJT6Q, STM32U599ZIT6Q, STM32U599ZIY6QTR, STM32U599ZJT6Q, STM32U599ZJY6QTR, STM32U5A5AJH6, STM32U5A5AJH6Q, STM32U5A5QII3Q , STM32U5A5QJI6, STM32U5A5QJI6Q, STM32U5A5RJT6, STM32U5A5RJT6Q, STM32U5A5VJT6, STM32U5A5VJT6Q, STM32U5A5ZJT6, STM32U5A5ZJT6Q, STM32U5A5ZJY6QTR, STM32U5A9BJY6QTR, STM32U5A9J-DK, STM32U5A9NJH6Q, STM32U5A9VJT6Q, STM32U5A9ZJT6Q, STM32U5A9ZJY6QTR, STM32U5F7VIT6, STM32U5F7VIT6Q, STM32U5F7VJT6, STM32U5F7VJT6Q, STM32U5F9BJY6QTR, STM32U5F9NJH6Q, STM32U5F9VIT6Q, STM32U5F9VJT6Q, STM32U5F9ZIJ6QTR, STM32U5F9ZIT6Q, STM32U5F9ZJJ6QTR, STM32U5F9ZJT6Q, STM32U5G7VJT6, STM32U5G7VJT6Q, STM32U5G9BJY6QTR, STM32U5G9J-DK1, STM32U5G9J-DK2, STM32U5G9NJH6Q, STM32U5G9VJT6Q, STM32U5G9ZJJ6QTR, STM32U5G9ZJT6Q, STM32WB05KZV6TR, STM32WB05KZV7TR, STM32WB05TZF6TR, STM32WB05TZF7TR, STM32WB06CCF6TR, STM32WB06CCF7TR, STM32WB06CCV6TR, STM32WB06CCV7TR, STM32WB06KCV6TR, STM32WB06KCV7TR, STM32WB07CCF6TR, STM32WB07CCF7TR, STM32WB07CCV6TR, STM32WB07CCV7TR, STM32WB07KCV6TR, STM32WB07KCV7TR, STM32WB09KEV6TR, STM32WB09KEV7TR, STM32WB09TEF6TR, STM32WB09TEF7TR, STM32WB1MMCH6, STM32WBA50KGU6, STM32WBA50KGU6TR, STM32WBA52CEU6, STM32WBA52CEU6TR, STM32WBA52CEU7, STM32WBA52CEU7TR, STM32WBA52CGU6, STM32WBA52CGU6TR, STM32WBA52CGU6U, STM32WBA52CGU7, STM32WBA52CGU7TR, STM32WBA52KEU6, STM32WBA52KEU6TR, STM32WBA52KGU6, STM32WBA52KGU6TR, STM32WBA54CEU6, STM32WBA54CEU6TR, STM32WBA54CEU7, STM32WBA54CEU7TR, STM32WBA54CGU6, STM32WBA54CGU6TR, STM32WBA54CGU7, STM32WBA54CGU7TR, STM32WBA54KEU6, STM32WBA54KEU6TR, STM32WBA54KEU7, STM32WBA54KEU7TR, STM32WBA54KGU6, STM32WBA54KGU6TR, STM32WBA54KGU7, STM32WBA54KGU7TR, STM32WBA55CEU6, STM32WBA55CEU6TR, STM32WBA55CEU7, STM32WBA55CEU7TR, STM32WBA55CGU6, STM32WBA55CGU6TR, STM32WBA55CGU6U, STM32WBA55CGU7, STM32WBA55CGU7TR, STM32WBA55G-DK1, STM32WBA55HEF6, STM32WBA55HEF7, STM32WBA55HGF6, STM32WBA55HGF7, STM32WBA55UEI6, STM32WBA55UEI6TR, STM32WBA55UEI7, STM32WBA55UEI7TR, STM32WBA55UGI6, STM32WBA55UGI6TR, STM32WBA55UGI7, STM32WBA55UGI7TR, STM32WBA5MMGH6TR, STM32WBA62MGF6, STM32WBA62MIF6, STM32WBA65MGF7, STM32WBA65MIF6, STM32WBA65MIF7, STM32WL30K8V6, STM32WL30KBV6, STM32WL31C8V6, STM32WL31CBV6, STM32WL31K8V6, STM32WL31KBV6, STM32WL33C8V6, STM32WL33C8V6X, STM32WL33CBV6, STM32WL33CBV6X, STM32WL33CCV6, STM32WL33CCV6A, STM32WL33CCV6X, STM32WL33K8V7, STM32WL33K8V7X, STM32WL33KBV7 , STM32WL33KBV7X, STM32WL33KCV7, STM32WL33KCV7X, STM32WL5MOCH6, STM32WL5MOCH6TR]
2026-04-14 22:21:07,647 [INFO] ApiDb:668 - CubeFinder database Data Model version=2.1
2026-04-14 22:21:07,648 [INFO] ApiDb:669 - CubeFinder database Configuration version=3.0.42
2026-04-14 22:21:07,648 [INFO] ApiDb:670 - CubeFinder database generation date=2026-02-13 (1770995876)
2026-04-14 22:21:07,648 [INFO] ApiDb:671 - CubeFinder database FW Pack versions=[FP-ATR-ASTRA1_V2.0.0, FP-SNS-FLIGHT1_V5.1.0, FP-SNS-MOTENV1_V5.1.0, FP-SNS-MOTENVWB1_V1.4.0, FP-SNS-SMARTAG2_V1.2.0, FP-SNS-STBOX1_V2.1.0, STM32Cube_FW_C0_V1.4.0, STM32Cube_FW_F4_V1.28.3, STM32Cube_FW_F7_V1.17.4, STM32Cube_FW_G0_V1.6.2, STM32Cube_FW_G4_V1.6.1, STM32Cube_FW_H5_V1.6.0, STM32Cube_FW_H7RS_V1.3.0, STM32Cube_FW_H7_V1.13.0, STM32Cube_FW_L0_V1.12.2, STM32Cube_FW_L4_V1.18.2, STM32Cube_FW_L5_V1.6.0, STM32Cube_FW_N6_V1.3.0, STM32Cube_FW_U0_V1.3.0, STM32Cube_FW_U3_V1.3.0, STM32Cube_FW_U5_V1.8.0, STM32Cube_FW_WB0_V1.4.0, STM32Cube_FW_WBA_V1.9.0, STM32Cube_FW_WB_V1.24.0, STM32Cube_FW_WL3_V1.4.0, STM32Cube_FW_WL_V1.5.0, X-CUBE-ALGOBUILD_V1.4.0, X-CUBE-ALS_V1.0.2, X-CUBE-AZRTOS-F4_V1.1.0, X-CUBE-AZRTOS-F7_V1.1.0, X-CUBE-AZRTOS-G0_V1.1.0, X-CUBE-AZRTOS-G4_V2.0.0, X-CUBE-AZRTOS-H7RS_V1.1.0, X-CUBE-AZRTOS-H7_V3.4.0, X-CUBE-AZRTOS-L4_V2.0.0, X-CUBE-AZRTOS-L5_V2.0.0, X-CUBE-AZRTOS-WB_V2.0.0, X-CUBE-AZRTOS-WL_V2.0.0, X-CUBE-BLE1_V7.1.0, X-CUBE-BLE2_V3.3.0, X-CUBE-BLEMGR_V4.1.0, X-CUBE-EEPRMA1_V5.2.0, X-CUBE-FREERTOS_V1.3.1, X-CUBE-GNSS1_V6.0.0, X-CUBE-MEMS1_V12.0.0, X-CUBE-NFC4_V3.0.0, X-CUBE-NFC7_V2.0.0, X-CUBE-SFXS2LP1_V4.0.0, X-CUBE-ST67W61_V1.1.0, X-CUBE-SUBG2_V5.0.0, X-CUBE-TOF1_V3.4.3]
2026-04-14 22:21:09,174 [INFO] ApiDb:240 - Found 880 in-development CPN: [B-G473E-ZEST1S, B-WB1M-WPAN1, B-WBA5M-WPAN, B-WL5M-SUBG1, NUCLEO-C031C6, NUCLEO-C051C8, NUCLEO-C071RB, NUCLEO-C092RC, NUCLEO-H503RB, NUCLEO-H533RE, NUCLEO-H563ZI, NUCLEO-H7S3L8, NUCLEO-N657X0-Q, NUCLEO-U031R8, NUCLEO-U083RC, NUCLEO-U385RG-Q, NUCLEO-U545RE-Q, NUCLEO-U5A5ZJ-Q, NUCLEO-WB05KZ, NUCLEO-WB07CC, NUCLEO-WB09KE, NUCLEO-WBA52CG, NUCLEO-WBA55CG, NUCLEO-WL33CC1, NUCLEO-WL33CC2, STEVAL-PROTEUS1, STEVAL-SMARTAG2, STEVAL-STWINBX1, STM320518-EVAL, STM32C0116-DK, STM32C011D6Y3TR, STM32C011D6Y6TR, STM32C011F4P3, STM32C011F4P6, STM32C011F4U3, STM32C011F4U6TR, STM32C011F6P3, STM32C011F6P6, STM32C011F6U3, STM32C011F6U6TR, STM32C011J4M3, STM32C011J4M6, STM32C011J6M3, STM32C011J6M6, STM32C0316-DK, STM32C031C4T3, STM32C031C4T6, STM32C031C4U3, STM32C031C4U6, STM32C031C6T3, STM32C031C6T6, STM32C031C6U3, STM32C031C6U6, STM32C031F4P3, STM32C031F4P6, STM32C031F6P3, STM32C031F6P6, STM32C031G4U3, STM32C031G4U6, STM32C031G6U3, STM32C031G6U6, STM32C031K4T3, STM32C031K4T6, STM32C031K4U3, STM32C031K4U6, STM32C031K6T3, STM32C031K6T6, STM32C031K6U3, STM32C031K6U6, STM32C051C6T6, STM32C051C6U6, STM32C051C8T6, STM32C051C8U6, STM32C051D8Y6TR, STM32C051F6P6, STM32C051F8P6, STM32C051G6U6, STM32C051G8U6, STM32C051K6T6, STM32C051K6U6, STM32C051K8T6, STM32C071C8T6, STM32C071C8T6N, STM32C071C8U6, STM32C071C8U6N, STM32C071CBT6, STM32C071CBT6N, STM32C071CBU6, STM32C071CBU6N, STM32C071F8P6, STM32C071F8P6N, STM32C071FBP6, STM32C071FBP6N, STM32C071FBY6TR, STM32C071G8U6, STM32C071G8U6N, STM32C071GBU6, STM32C071GBU6N, STM32C071K8T6, STM32C071K8T6N, STM32C071K8U6, STM32C071K8U6N, STM32C071KBT6, STM32C071KBT6N, STM32C071KBU6, STM32C071KBU6N, STM32C071R8T6, STM32C071R8T6N, STM32C071RBI6N, STM32C071RBT6, STM32C071RBT6N, STM32C091CBT6, STM32C091CBU6, STM32C091CCT6, STM32C091CCU6, STM32C091ECY6TR, STM32C091FBP6, STM32C091FCP6, STM32C091GBU6, STM32C091GCU6, STM32C091KBT6, STM32C091KBU6, STM32C091KCT6, STM32C091KCU6, STM32C091RBT6, STM32C091RCI6, STM32C091RCT6, STM32C092CBT6, STM32C092CBU6, STM32C092CCT6, STM32C092CCU6, STM32C092ECY6TR, STM32C092FBP6, STM32C092FCP6, STM32C092GBU6, STM32C092GCU6, STM32C092KBT6, STM32C092KBU6, STM32C092KCT6, STM32C092KCU6, STM32C092RBT6, STM32C092RCI6, STM32C092RCT6, STM32G071K8TXN, STM32G071K8UXN, STM32G081GBU6N, STM32G081KBT6N, STM32G081KBUXN, STM32G0B1CCT6N, STM32G0B1KCT6, STM32G0B1NEY6TR, STM32G0B1RCT6N, STM32G0C1CCT6, STM32G0C1CCT6N, STM32G0C1CCU6N, STM32G0C1CET6N, STM32G0C1CEU6N, STM32G0C1KCT6, STM32G0C1NEY6TR, STM32G0C1RCI6N, STM32G0C1RCT6N, STM32G0C1REI6N, STM32G0C1RET6N, STM32G0C1VCI6, STM32G0C1VEI6, STM32G411C6T3, STM32G411C6T6, STM32G411C6U3, STM32G411C6U6, STM32G411C8T3, STM32G411C8T6, STM32G411C8U3, STM32G411C8U6, STM32G411CBT3, STM32G411CBT6, STM32G411CBU3, STM32G411CBU6, STM32G411K6T3, STM32G411K6T6, STM32G411K6U3, STM32G411K6U6, STM32G411K8T3, STM32G411K8T6, STM32G411K8U3, STM32G411K8U6, STM32G411KBT3, STM32G411KBT6, STM32G411KBU3, STM32G411KBU6, STM32G411M6T3, STM32G411M6T6, STM32G411M8T3, STM32G411M8T6, STM32G411MBT3, STM32G411MBT6, STM32G411R6T3, STM32G411R6T6, STM32G411R8T3, STM32G411R8T6, STM32G411RBT3, STM32G411RBT6, STM32G414CBT3, STM32G414CBT6, STM32G414CBU3, STM32G414CBU6, STM32G414CCT3, STM32G414CCT6, STM32G414CCU3, STM32G414CCU6, STM32G414MBT3, STM32G414MBT6, STM32G414MCT3, STM32G414MCT6, STM32G414RBT3, STM32G414RBT6, STM32G414RCT3, STM32G414RCT6, STM32G414VBT3, STM32G414VBT6, STM32G414VCT3, STM32G414VCT6, STM32G431CBT3Z, STM32G431RBT3Z, STM32G471CCT6, STM32G471CCU6, STM32G471CET3, STM32G471CET6, STM32G471CEU3, STM32G471CEU6, STM32G471MCT6, STM32G471MET3, STM32G471MET6, STM32G471MEY6TR, STM32G471QCT6, STM32G471QET3, STM32G471RCT6, STM32G471RET3, STM32G471RET6, STM32G471VCH6, STM32G471VCI6, STM32G471VCT6, STM32G471VEH3, STM32G471VEH6, STM32G471VEI3, STM32G471VEI6, STM32G471VET3, STM32G471VET6, STM32G473QET3Z, STM32G473RET3Z, STM32G474CCT6, STM32G491RET3Z, STM32H503CBT6, STM32H503CBU6, STM32H503EBY6TR, STM32H503KBU6, STM32H503RBT6, STM32H523CCT6, STM32H523CCU6, STM32H523CET6, STM32H523CEU6, STM32H523HEY6TR, STM32H523RCT6, STM32H523RET6, STM32H523VCI6, STM32H523VCT6, STM32H523VEI6, STM32H523VET6, STM32H523ZCJ6, STM32H523ZCT6, STM32H523ZEJ6, STM32H523ZET6, STM32H533CET6, STM32H533CEU6, STM32H533HEY6TR, STM32H533RET6, STM32H533VEI6, STM32H533VET6, STM32H533ZEJ6, STM32H533ZET6, STM32H562AGI6, STM32H562AII6, STM32H562IGK6, STM32H562IGT6, STM32H562IIK6, STM32H562IIT6, STM32H562RGT6, STM32H562RGV6, STM32H562RIT6, STM32H562RIV6, STM32H562VGT6, STM32H562VIT6, STM32H562ZGT6, STM32H562ZIT6, STM32H563AGI6, STM32H563AII3Q, STM32H563AII6, STM32H563IGK6, STM32H563IGT6, STM32H563IIK3Q, STM32H563IIK6, STM32H563IIT3Q, STM32H563IIT6, STM32H563MIY3QTR, STM32H563RGT6, STM32H563RGV6, STM32H563RIT6, STM32H563RIV6, STM32H563VGT6, STM32H563VIT3Q, STM32H563VIT6, STM32H563ZGT6, STM32H563ZIT3Q, STM32H563ZIT6, STM32H573AII3Q, STM32H573AII6, STM32H573I-DK, STM32H573IIK3Q, STM32H573IIK6, STM32H573IIT3Q, STM32H573IIT6, STM32H573MIY3QTR, STM32H573RIT6, STM32H573RIV6, STM32H573VIT3Q, STM32H573VIT6, STM32H573ZIT3Q, STM32H573ZIT6, STM32H7R3A8I6, STM32H7R3I8K6, STM32H7R3I8T6, STM32H7R3L8H6, STM32H7R3L8H6H, STM32H7R3R8V6, STM32H7R3V8H6, STM32H7R3V8T6, STM32H7R3V8Y6TR, STM32H7R3Z8J6, STM32H7R3Z8T6, STM32H7R7A8I6, STM32H7R7I8K6, STM32H7R7I8T6, STM32H7R7L8H6, STM32H7R7L8H6H, STM32H7R7Z8J6, STM32H7S3A8I6, STM32H7S3I8K6, STM32H7S3I8T6, STM32H7S3L8H6, STM32H7S3L8H6H, STM32H7S3R8V6, STM32H7S3V8H6, STM32H7S3V8T6, STM32H7S3V8Y6TR, STM32H7S3Z8J6, STM32H7S3Z8T6, STM32H7S78-DK, STM32H7S7A8I6, STM32H7S7I8K6, STM32H7S7I8T6, STM32H7S7L8H6, STM32H7S7L8H6H, STM32H7S7Z8J6, STM32L4R5QGI6STR, STM32MP131AAE3, STM32MP131AAF3, STM32MP131AAG3, STM32MP131CAE3, STM32MP131CAF3, STM32MP131CAG3, STM32MP131DAE7, STM32MP131DAF7, STM32MP131DAG7, STM32MP131FAE7, STM32MP131FAF7, STM32MP131FAG7, STM32MP133AAE3, STM32MP133AAF3, STM32MP133AAG3, STM32MP133CAE3, STM32MP133CAF3, STM32MP133CAG3, STM32MP133DAE7, STM32MP133DAF7, STM32MP133DAG7, STM32MP133FAE7, STM32MP133FAF7, STM32MP133FAG7, STM32MP135AAE3, STM32MP135AAF3, STM32MP135AAG3, STM32MP135CAE3, STM32MP135CAF3, STM32MP135CAG3, STM32MP135DAE7, STM32MP135DAF7, STM32MP135DAG7, STM32MP135F-DK, STM32MP135FAE7, STM32MP135FAF7, STM32MP135FAF7T, STM32MP135FAF7U, STM32MP135FAG7, STM32MP211AAL3, STM32MP211AAM3, STM32MP211AAN3, STM32MP211AAO3, STM32MP211CAL3, STM32MP211CAM3, STM32MP211CAN3, STM32MP211CAO3, STM32MP211DAL3, STM32MP211DAM3, STM32MP211DAN3, STM32MP211DAO3, STM32MP211FAL3, STM32MP211FAM3, STM32MP211FAN3, STM32MP211FAO3, STM32MP213AAL3, STM32MP213AAM3, STM32MP213AAN3, STM32MP213AAO3, STM32MP213CAL3, STM32MP213CAM3, STM32MP213CAN3, STM32MP213CAO3, STM32MP213DAL3, STM32MP213DAM3, STM32MP213DAN3, STM32MP213DAO3, STM32MP213FAL3, STM32MP213FAM3, STM32MP213FAN3, STM32MP213FAO3, STM32MP215AAL3, STM32MP215AAM3, STM32MP215AAN3, STM32MP215AAO3, STM32MP215CAL3, STM32MP215CAM3, STM32MP215CAN3, STM32MP215CAO3, STM32MP215DAL3, STM32MP215DAM3, STM32MP215DAN3, STM32MP215DAO3, STM32MP215F-DK, STM32MP215FAL3, STM32MP215FAM3, STM32MP215FAN3, STM32MP215FAO3, STM32MP231AAJ3, STM32MP231AAK3, STM32MP231AAL3, STM32MP231CAJ3, STM32MP231CAK3, STM32MP231CAL3, STM32MP231DAJ3, STM32MP231DAK3, STM32MP231DAL3, STM32MP231FAJ3, STM32MP231FAK3, STM32MP231FAL3, STM32MP233AAJ3, STM32MP233AAK3, STM32MP233AAL3, STM32MP233CAJ3, STM32MP233CAK3, STM32MP233CAL3, STM32MP233DAJ3, STM32MP233DAK3, STM32MP233DAL3, STM32MP233FAJ3, STM32MP233FAK3, STM32MP233FAL3, STM32MP235AAJ3, STM32MP235AAK3, STM32MP235AAL3, STM32MP235CAJ3, STM32MP235CAK3, STM32MP235CAL3, STM32MP235DAJ3, STM32MP235DAK3, STM32MP235DAL3, STM32MP235FAJ3, STM32MP235FAK3, STM32MP235FAL3, STM32MP251AAI3, STM32MP251AAK3, STM32MP251AAL3, STM32MP251CAI3, STM32MP251CAK3, STM32MP251CAL3, STM32MP251DAI3, STM32MP251DAK3, STM32MP251DAL3, STM32MP251FAI3, STM32MP251FAK3, STM32MP251FAL3, STM32MP253AAI3, STM32MP253AAK3, STM32MP253AAL3, STM32MP253CAI3, STM32MP253CAK3, STM32MP253CAL3, STM32MP253DAI3, STM32MP253DAK3, STM32MP253DAL3, STM32MP253FAI3, STM32MP253FAK3, STM32MP253FAL3, STM32MP255AAI3, STM32MP255AAK3, STM32MP255AAL3, STM32MP255CAI3, STM32MP255CAK3, STM32MP255CAL3, STM32MP255DAI3, STM32MP255DAK3, STM32MP255DAL3, STM32MP255FAI3, STM32MP255FAK3, STM32MP255FAL3, STM32MP257AAI3, STM32MP257AAK3, STM32MP257AAL3, STM32MP257CAI3, STM32MP257CAK3, STM32MP257CAL3, STM32MP257DAI3, STM32MP257DAK3, STM32MP257DAL3, STM32MP257F-DK, STM32MP257F-EV1, STM32MP257FAI3, STM32MP257FAK3, STM32MP257FAL3, STM32N645A0H3Q, STM32N645B0H3Q, STM32N645I0H3Q, STM32N645L0H3Q, STM32N645X0H3Q, STM32N645Z0H3Q, STM32N647A0H3Q, STM32N647B0H3Q, STM32N647I0H3Q, STM32N647L0H3Q, STM32N647X0H3Q, STM32N647Z0H3Q, STM32N655A0H3Q, STM32N655B0H3Q, STM32N655I0H3Q, STM32N655L0H3Q, STM32N655X0H3Q, STM32N655Z0H3Q, STM32N6570-DK, STM32N657A0H3Q, STM32N657B0H3Q, STM32N657I0H3Q, STM32N657L0H3Q, STM32N657X0H3Q, STM32N657Z0H3Q, STM32U031C6T6, STM32U031C6U6, STM32U031C8T6, STM32U031C8U6, STM32U031F4P6, STM32U031F6P6, STM32U031F8P6, STM32U031G6Y6TR, STM32U031G8Y6TR, STM32U031K4U6, STM32U031K6U6, STM32U031K8U6, STM32U031R6I6, STM32U031R6T6, STM32U031R8I6, STM32U031R8T6, STM32U073C8T6, STM32U073C8U6, STM32U073CBT6, STM32U073CBU6, STM32U073CCT6, STM32U073CCU6, STM32U073H8Y6TR, STM32U073HBY6TR, STM32U073HCY6TR, STM32U073K8U6, STM32U073KBU6, STM32U073KCU6, STM32U073M8I6, STM32U073M8T6, STM32U073MBI6, STM32U073MBT6, STM32U073MCI6, STM32U073MCT6, STM32U073R8I6, STM32U073R8T6, STM32U073RBI6, STM32U073RBT6, STM32U073RCI6, STM32U073RCT6, STM32U083C-DK, STM32U083CCT6, STM32U083CCU6, STM32U083HCY6TR, STM32U083KCU6, STM32U083MCI6, STM32U083MCT6, STM32U083RCI6, STM32U083RCT6, STM32U375CET6, STM32U375CET6Q, STM32U375CEU6, STM32U375CEU6Q, STM32U375CEY6QTR, STM32U375CGT6, STM32U375CGT6Q, STM32U375CGU6, STM32U375CGU6Q, STM32U375CGY6QTR, STM32U375KEU6, STM32U375KGU6, STM32U375REI6, STM32U375REI6Q, STM32U375RET6, STM32U375RET6Q, STM32U375REY6GTR, STM32U375REY6QTR, STM32U375RGI6, STM32U375RGI6Q, STM32U375RGT6, STM32U375RGT6Q, STM32U375RGY6GTR, STM32U375RGY6QTR, STM32U375VEI6, STM32U375VEI6Q, STM32U375VET6, STM32U375VET6Q, STM32U375VGI6, STM32U375VGI6Q, STM32U375VGT6, STM32U375VGT6Q, STM32U385CGT6, STM32U385CGT6Q, STM32U385CGU6, STM32U385CGU6Q, STM32U385CGY6QTR, STM32U385KGU6, STM32U385RGI6, STM32U385RGI6Q, STM32U385RGT6, STM32U385RGT6Q, STM32U385RGY6GTR, STM32U385RGY6QTR, STM32U385VGI6, STM32U385VGI6Q, STM32U385VGT6, STM32U385VGT6Q, STM32U535CBT6, STM32U535CBT6Q, STM32U535CBU6, STM32U535CBU6Q, STM32U535CCT6, STM32U535CCT6Q, STM32U535CCU6, STM32U535CCU6Q, STM32U535CET6, STM32U535CET6Q, STM32U535CEU6, STM32U535CEU6Q, STM32U535JEY6QTR, STM32U535NCY6QTR, STM32U535NEY6QTR, STM32U535RBI6, STM32U535RBI6Q, STM32U535RBT6, STM32U535RBT6Q, STM32U535RCI6, STM32U535RCI6Q, STM32U535RCT6, STM32U535RCT6Q, STM32U535REI6, STM32U535REI6Q, STM32U535RET6, STM32U535RET6Q, STM32U535VCI6, STM32U535VCI6Q, STM32U535VCT6, STM32U535VCT6Q, STM32U535VEI6, STM32U535VEI6Q, STM32U535VET6, STM32U535VET6Q, STM32U545CET6, STM32U545CET6Q, STM32U545CEU6, STM32U545CEU6Q, STM32U545JEY6QTR, STM32U545NEY6QTR, STM32U545REI6, STM32U545REI6Q, STM32U545RET6, STM32U545RET6Q, STM32U545VEI6, STM32U545VEI6Q, STM32U545VET6, STM32U545VET6Q, STM32U595AIH6, STM32U595AIH6Q, STM32U595AJH6, STM32U595AJH6Q, STM32U595QII6, STM32U595QII6Q, STM32U595QJI6, STM32U595QJI6Q, STM32U595RIT6, STM32U595RIT6Q, STM32U595RJT6, STM32U595RJT6Q, STM32U595VIT6, STM32U595VIT6Q, STM32U595VJT6, STM32U595VJT6Q, STM32U595ZIT6, STM32U595ZIT6Q, STM32U595ZIY6QTR, STM32U595ZJT6, STM32U595ZJT6Q, STM32U595ZJY6QTR, STM32U599BJY6QTR, STM32U599NIH6Q, STM32U599NJH6Q, STM32U599VIT6Q, STM32U599VJT6, STM32U599VJT6Q, STM32U599ZIT6Q, STM32U599ZIY6QTR, STM32U599ZJT6Q, STM32U599ZJY6QTR, STM32U5A5AJH6, STM32U5A5AJH6Q, STM32U5A5QII3Q , STM32U5A5QJI6, STM32U5A5QJI6Q, STM32U5A5RJT6, STM32U5A5RJT6Q, STM32U5A5VJT6, STM32U5A5VJT6Q, STM32U5A5ZJT6, STM32U5A5ZJT6Q, STM32U5A5ZJY6QTR, STM32U5A9BJY6QTR, STM32U5A9J-DK, STM32U5A9NJH6Q, STM32U5A9VJT6Q, STM32U5A9ZJT6Q, STM32U5A9ZJY6QTR, STM32U5F7VIT6, STM32U5F7VIT6Q, STM32U5F7VJT6, STM32U5F7VJT6Q, STM32U5F9BJY6QTR, STM32U5F9NJH6Q, STM32U5F9VIT6Q, STM32U5F9VJT6Q, STM32U5F9ZIJ6QTR, STM32U5F9ZIT6Q, STM32U5F9ZJJ6QTR, STM32U5F9ZJT6Q, STM32U5G7VJT6, STM32U5G7VJT6Q, STM32U5G9BJY6QTR, STM32U5G9J-DK1, STM32U5G9J-DK2, STM32U5G9NJH6Q, STM32U5G9VJT6Q, STM32U5G9ZJJ6QTR, STM32U5G9ZJT6Q, STM32WB05KZV6TR, STM32WB05KZV7TR, STM32WB05TZF6TR, STM32WB05TZF7TR, STM32WB06CCF6TR, STM32WB06CCF7TR, STM32WB06CCV6TR, STM32WB06CCV7TR, STM32WB06KCV6TR, STM32WB06KCV7TR, STM32WB07CCF6TR, STM32WB07CCF7TR, STM32WB07CCV6TR, STM32WB07CCV7TR, STM32WB07KCV6TR, STM32WB07KCV7TR, STM32WB09KEV6TR, STM32WB09KEV7TR, STM32WB09TEF6TR, STM32WB09TEF7TR, STM32WB1MMCH6, STM32WBA50KGU6, STM32WBA50KGU6TR, STM32WBA52CEU6, STM32WBA52CEU6TR, STM32WBA52CEU7, STM32WBA52CEU7TR, STM32WBA52CGU6, STM32WBA52CGU6TR, STM32WBA52CGU6U, STM32WBA52CGU7, STM32WBA52CGU7TR, STM32WBA52KEU6, STM32WBA52KEU6TR, STM32WBA52KGU6, STM32WBA52KGU6TR, STM32WBA54CEU6, STM32WBA54CEU6TR, STM32WBA54CEU7, STM32WBA54CEU7TR, STM32WBA54CGU6, STM32WBA54CGU6TR, STM32WBA54CGU7, STM32WBA54CGU7TR, STM32WBA54KEU6, STM32WBA54KEU6TR, STM32WBA54KEU7, STM32WBA54KEU7TR, STM32WBA54KGU6, STM32WBA54KGU6TR, STM32WBA54KGU7, STM32WBA54KGU7TR, STM32WBA55CEU6, STM32WBA55CEU6TR, STM32WBA55CEU7, STM32WBA55CEU7TR, STM32WBA55CGU6, STM32WBA55CGU6TR, STM32WBA55CGU6U, STM32WBA55CGU7, STM32WBA55CGU7TR, STM32WBA55G-DK1, STM32WBA55HEF6, STM32WBA55HEF7, STM32WBA55HGF6, STM32WBA55HGF7, STM32WBA55UEI6, STM32WBA55UEI6TR, STM32WBA55UEI7, STM32WBA55UEI7TR, STM32WBA55UGI6, STM32WBA55UGI6TR, STM32WBA55UGI7, STM32WBA55UGI7TR, STM32WBA5MMGH6TR, STM32WBA62MGF6, STM32WBA62MIF6, STM32WBA65MGF7, STM32WBA65MIF6, STM32WBA65MIF7, STM32WL30K8V6, STM32WL30KBV6, STM32WL31C8V6, STM32WL31CBV6, STM32WL31K8V6, STM32WL31KBV6, STM32WL33C8V6, STM32WL33C8V6X, STM32WL33CBV6, STM32WL33CBV6X, STM32WL33CCV6, STM32WL33CCV6A, STM32WL33CCV6X, STM32WL33K8V7, STM32WL33K8V7X, STM32WL33KBV7 , STM32WL33KBV7X, STM32WL33KCV7, STM32WL33KCV7X, STM32WL5MOCH6, STM32WL5MOCH6TR]
2026-04-14 22:21:09,209 [INFO] DbMcus:218 - Found 4922 MCUs, 4922 are supported
2026-04-14 22:21:09,219 [INFO] ApiDb:423 - Load user favorites file /Users/ggpai/.stm32cubeide/favorites.mcus.txt: 0 item(s)
2026-04-14 22:21:09,220 [INFO] ApiDb:427 - User favorites MCUs=[]
2026-04-14 22:21:09,220 [INFO] DbMcus:224 - Set 0 / 0 favorites MCUs
2026-04-14 22:21:09,645 [INFO] BoardInfo:889 - No configuration file found for board P-NUCLEO-WB55
2026-04-14 22:21:09,645 [INFO] DbBoards:161 - Kit is not supported: P-NUCLEO-WB55
2026-04-14 22:21:09,649 [INFO] BoardInfo:889 - No configuration file found for board STEVAL-BFA001V1B
2026-04-14 22:21:09,649 [INFO] DbBoards:161 - Kit is not supported: STEVAL-BFA001V1B
2026-04-14 22:21:09,650 [INFO] BoardInfo:889 - No configuration file found for board STEVAL-BFA001V2B
2026-04-14 22:21:09,650 [INFO] DbBoards:161 - Kit is not supported: STEVAL-BFA001V2B
2026-04-14 22:21:09,787 [INFO] DbBoards:168 - Found 212 boards, 209 are supported
2026-04-14 22:21:09,815 [INFO] DbBoards:169 - Found 212 boards, 43 of them is supported for  Bsp
2026-04-14 22:21:09,837 [INFO] ApiDb:423 - Load user favorites file /Users/ggpai/.stm32cubeide/favorites.boards.txt: 1 item(s)
2026-04-14 22:21:09,841 [INFO] ApiDb:427 - User favorites Boards=[STM32F407G-DISC1]
2026-04-14 22:21:09,849 [INFO] DbBoards:198 - Set 1 / 1 favorites Boards
2026-04-14 22:21:10,060 [INFO] UtilMem:75 - End LoadConfig() Used Memory: 239889232 Bytes (400556032)
2026-04-14 22:21:10,257 [WARN] ThirdParty:833 - waiting for thirdparty lock release [change project]
2026-04-14 22:21:10,264 [INFO] ThirdParty:835 - entering critical section [change project]
2026-04-14 22:21:10,266 [INFO] ThirdParty:1030 - CMSIS Pack Vendor :STMicroelectronics USBPD 4.1
2026-04-14 22:21:10,266 [INFO] ThirdParty:1030 - CMSIS Pack Vendor :STMicroelectronics ThreadX 1.0.0
2026-04-14 22:21:10,266 [INFO] ThirdParty:1030 - CMSIS Pack Vendor :STMicroelectronics USB_HOST 2.0.0
2026-04-14 22:21:10,266 [INFO] ThirdParty:1030 - CMSIS Pack Vendor :STMicroelectronics LIBJPEG 8.0.0
2026-04-14 22:21:10,266 [INFO] ThirdParty:1030 - CMSIS Pack Vendor :STMicroelectronics FreeRTOS 0.0.1
2026-04-14 22:21:10,266 [INFO] ThirdParty:1030 - CMSIS Pack Vendor :STMicroelectronics USB_DEVICE 1.0.0
2026-04-14 22:21:10,266 [INFO] ThirdParty:1030 - CMSIS Pack Vendor :STMicroelectronics STM32_WPAN 1.0.0
2026-04-14 22:21:10,266 [INFO] ThirdParty:1030 - CMSIS Pack Vendor :STMicroelectronics USB_DEVICE 3.0.0
2026-04-14 22:21:10,266 [INFO] ThirdParty:1030 - CMSIS Pack Vendor :STMicroelectronics HAL Drivers 0.0.0
2026-04-14 22:21:10,266 [INFO] ThirdParty:1030 - CMSIS Pack Vendor :STMicroelectronics MBEDTLS 2.16.2
2026-04-14 22:21:10,266 [INFO] ThirdParty:1030 - CMSIS Pack Vendor :STMicroelectronics ThreadX 0.0.2
2026-04-14 22:21:10,267 [INFO] ThirdParty:1030 - CMSIS Pack Vendor :STMicroelectronics lwIP 2.0.3
2026-04-14 22:21:10,267 [INFO] ThirdParty:1030 - CMSIS Pack Vendor :STMicroelectronics lwIP 2.1.2
2026-04-14 22:21:10,267 [INFO] ThirdParty:1030 - CMSIS Pack Vendor :STMicroelectronics MBEDTLS 2.14.1
2026-04-14 22:21:10,267 [INFO] ThirdParty:1030 - CMSIS Pack Vendor :STMicroelectronics USB_HOST 1.0.0
2026-04-14 22:21:10,267 [INFO] ThirdParty:1030 - CMSIS Pack Vendor :STMicroelectronics PDM2PCM 3.1.0
2026-04-14 22:21:10,267 [INFO] ThirdParty:1030 - CMSIS Pack Vendor :STMicroelectronics USB_DEVICE 2.0.0
2026-04-14 22:21:10,267 [INFO] ThirdParty:1030 - CMSIS Pack Vendor :STMicroelectronics PDM2PCM 3.2.0
2026-04-14 22:21:10,267 [INFO] ThirdParty:1030 - CMSIS Pack Vendor :STMicroelectronics PDM2PCM 3.3.0
2026-04-14 22:21:10,271 [INFO] ThirdParty:841 - exiting critical section [change project]
2026-04-14 22:21:11,146 [INFO] PinOutPanel:1589 - setPackage(No Configuration,No Configuration)
2026-04-14 22:21:11,155 [INFO] PinOutPanel:1589 - setPackage(STM32F446RETx,LQFP64)
2026-04-14 22:21:12,101 [INFO] UtilMem:75 - Before build in PCC Used Memory: 309513936 Bytes (400556032)
2026-04-14 22:21:13,167 [INFO] UtilMem:75 - After build in PCC Used Memory: 321493384 Bytes (400556032)
2026-04-14 22:21:13,233 [INFO] IPUIPlugin:80 - create IPUIPlugin
2026-04-14 22:21:13,234 [INFO] IPUIPlugin:80 - create IPUIPlugin
2026-04-14 22:21:13,235 [INFO] IPUIPlugin:80 - create IPUIPlugin
2026-04-14 22:21:13,235 [INFO] IPUIPlugin:80 - create IPUIPlugin
2026-04-14 22:21:13,235 [INFO] IPUIPlugin:80 - create IPUIPlugin
2026-04-14 22:21:13,236 [INFO] IPUIPlugin:80 - create IPUIPlugin
2026-04-14 22:21:13,236 [INFO] IPUIPlugin:80 - create IPUIPlugin
2026-04-14 22:21:13,236 [INFO] IPUIPlugin:80 - create IPUIPlugin
2026-04-14 22:21:13,236 [INFO] IPUIPlugin:80 - create IPUIPlugin
2026-04-14 22:21:13,237 [INFO] IPUIPlugin:80 - create IPUIPlugin
2026-04-14 22:21:13,237 [INFO] IPUIPlugin:80 - create IPUIPlugin
2026-04-14 22:21:13,237 [INFO] IPUIPlugin:80 - create IPUIPlugin
2026-04-14 22:21:13,237 [INFO] IPUIPlugin:80 - create IPUIPlugin
2026-04-14 22:21:13,237 [INFO] IPUIPlugin:80 - create IPUIPlugin
2026-04-14 22:21:13,237 [INFO] IPUIPlugin:80 - create IPUIPlugin
2026-04-14 22:21:13,237 [INFO] IPUIPlugin:80 - create IPUIPlugin
2026-04-14 22:21:13,238 [INFO] IPUIPlugin:80 - create IPUIPlugin
2026-04-14 22:21:13,239 [INFO] IPUIPlugin:80 - create IPUIPlugin
2026-04-14 22:21:13,239 [INFO] IPUIPlugin:80 - create IPUIPlugin
2026-04-14 22:21:13,239 [INFO] IPUIPlugin:80 - create IPUIPlugin
2026-04-14 22:21:13,240 [INFO] IPUIPlugin:80 - create IPUIPlugin
2026-04-14 22:21:13,240 [INFO] IPUIPlugin:80 - create IPUIPlugin
2026-04-14 22:21:13,240 [INFO] IPUIPlugin:80 - create IPUIPlugin
2026-04-14 22:21:13,240 [INFO] IPUIPlugin:80 - create IPUIPlugin
2026-04-14 22:21:13,240 [INFO] IPUIPlugin:80 - create IPUIPlugin
2026-04-14 22:21:13,240 [INFO] IPUIPlugin:80 - create IPUIPlugin
2026-04-14 22:21:13,240 [INFO] IPUIPlugin:80 - create IPUIPlugin
2026-04-14 22:21:13,240 [INFO] IPUIPlugin:80 - create IPUIPlugin
2026-04-14 22:21:13,240 [INFO] IPUIPlugin:80 - create IPUIPlugin
2026-04-14 22:21:13,240 [INFO] IPUIPlugin:80 - create IPUIPlugin
2026-04-14 22:21:13,241 [INFO] IPUIPlugin:80 - create IPUIPlugin
2026-04-14 22:21:13,241 [INFO] IPUIPlugin:80 - create IPUIPlugin
2026-04-14 22:21:13,241 [INFO] IPUIPlugin:80 - create IPUIPlugin
2026-04-14 22:21:13,241 [INFO] IPUIPlugin:80 - create IPUIPlugin
2026-04-14 22:21:13,241 [INFO] IPUIPlugin:80 - create IPUIPlugin
2026-04-14 22:21:13,241 [INFO] IPUIPlugin:80 - create IPUIPlugin
2026-04-14 22:21:13,241 [INFO] IPUIPlugin:80 - create IPUIPlugin
2026-04-14 22:21:13,241 [INFO] IPUIPlugin:80 - create IPUIPlugin
2026-04-14 22:21:13,241 [INFO] IPUIPlugin:80 - create IPUIPlugin
2026-04-14 22:21:13,241 [INFO] IPUIPlugin:80 - create IPUIPlugin
2026-04-14 22:21:13,241 [INFO] IPUIPlugin:80 - create IPUIPlugin
2026-04-14 22:21:13,241 [INFO] IPUIPlugin:80 - create IPUIPlugin
2026-04-14 22:21:13,241 [INFO] IPUIPlugin:80 - create IPUIPlugin
2026-04-14 22:21:13,241 [INFO] IPUIPlugin:80 - create IPUIPlugin
2026-04-14 22:21:13,241 [INFO] IPUIPlugin:80 - create IPUIPlugin
2026-04-14 22:21:13,241 [INFO] IPUIPlugin:80 - create IPUIPlugin
2026-04-14 22:21:13,241 [INFO] IPUIPlugin:80 - create IPUIPlugin
2026-04-14 22:21:13,242 [INFO] IPUIPlugin:80 - create IPUIPlugin
2026-04-14 22:21:13,242 [INFO] IPUIPlugin:80 - create IPUIPlugin
2026-04-14 22:21:13,242 [INFO] IPUIPlugin:80 - create IPUIPlugin
2026-04-14 22:21:13,242 [INFO] IPUIPlugin:80 - create IPUIPlugin
2026-04-14 22:21:13,242 [INFO] IPUIPlugin:80 - create IPUIPlugin
2026-04-14 22:21:13,242 [INFO] IPUIPlugin:80 - create IPUIPlugin
2026-04-14 22:21:13,243 [INFO] IPUIPlugin:80 - create IPUIPlugin
2026-04-14 22:21:13,243 [INFO] IPUIPlugin:80 - create IPUIPlugin
2026-04-14 22:21:13,243 [INFO] IPUIPlugin:80 - create IPUIPlugin
2026-04-14 22:21:13,243 [INFO] IPUIPlugin:80 - create IPUIPlugin
2026-04-14 22:21:13,244 [INFO] IPUIPlugin:80 - create IPUIPlugin
2026-04-14 22:21:13,244 [INFO] IPUIPlugin:80 - create IPUIPlugin
2026-04-14 22:21:13,245 [INFO] IPUIPlugin:80 - create IPUIPlugin
2026-04-14 22:21:13,532 [INFO] ApiDbMcu:532 - Load IP Config File for PDM2PCM
2026-04-14 22:21:14,194 [INFO] CADModel:165 - CPN selected for project levelSTM32F446RET6
2026-04-14 22:21:14,196 [INFO] CADModel:114 - Register for checkConnection events
2026-04-14 22:21:14,248 [INFO] OpenFileManager:386 - Restore cursor
2026-04-14 22:32:16,986 [ERROR] ConfigurationRetriever:142 - IOException on connection: PKIX path building failed: sun.security.provider.certpath.SunCertPathBuilderException: unable to find valid certification path to requested target
2026-04-14 22:32:17,058 [ERROR] ConfigurationRetriever:142 - IOException on connection: PKIX path building failed: sun.security.provider.certpath.SunCertPathBuilderException: unable to find valid certification path to requested target
2026-04-14 22:32:17,132 [ERROR] ConfigurationRetriever:142 - IOException on connection: PKIX path building failed: sun.security.provider.certpath.SunCertPathBuilderException: unable to find valid certification path to requested target
2026-04-14 22:35:53,417 [ERROR] ConfigurationRetriever:142 - IOException on connection: PKIX path building failed: sun.security.provider.certpath.SunCertPathBuilderException: unable to find valid certification path to requested target
2026-04-14 22:35:53,565 [ERROR] ConfigurationRetriever:142 - IOException on connection: PKIX path building failed: sun.security.provider.certpath.SunCertPathBuilderException: unable to find valid certification path to requested target
2026-04-14 22:35:53,621 [ERROR] ConfigurationRetriever:142 - IOException on connection: PKIX path building failed: sun.security.provider.certpath.SunCertPathBuilderException: unable to find valid certification path to requested target
2026-04-14 22:56:04,022 [INFO] McuFinderGlobals:76 - Set McuFinderConnectedMode to false
2026-04-14 22:56:04,033 [INFO] MultiScanPanel:200 - Auto-refresh data requested => check proxy status ongoing
2026-04-14 22:56:04,033 [INFO] MultiScanPanel:204 - Proxy status is invalid
2026-04-14 22:56:04,035 [INFO] FinderPluginLoader:96 - Searching for filters in installed packs
2026-04-14 22:56:05,914 [WARN] DetailPanel:346 - Failed to get advertising image, set to default
2026-04-14 22:56:10,629 [INFO] MultiScanPanel:200 - Auto-refresh data requested => check proxy status ongoing
2026-04-14 22:56:10,633 [INFO] MultiScanPanel:204 - Proxy status is invalid
2026-04-14 22:56:10,855 [WARN] DetailPanel:346 - Failed to get advertising image, set to default
2026-04-14 22:56:10,876 [INFO] DbBoards:642 - Loading board mini-images...
2026-04-14 22:56:12,646 [INFO] DbBoards:665 - Loaded 212 board mini-images
2026-04-14 22:57:08,362 [INFO] MainUpdater:2872 - connection check result : 22
2026-04-14 22:57:09,201 [INFO] MicroXplorer:468 - Change Database Path : 
2026-04-14 22:57:09,202 [INFO] MicroXplorer:498 - Change Database Version : DB.6.0.150
2026-04-14 22:57:09,271 [ERROR] ProjectManagerView:395 - 
java.lang.NullPointerException: Cannot invoke "javax.swing.JTextField.getText()" because the return value of "java.util.List.get(int)" is null
	at com.st.microxplorer.plugins.projectmanager.gui.ProjectChoiceTab$9.caretUpdate(ProjectChoiceTab.java:2706) ~[filemanager.jar:?]
	at javax.swing.text.JTextComponent.fireCaretUpdate(JTextComponent.java:408) ~[?:?]
	at javax.swing.text.JTextComponent$MutableCaretEvent.fire(JTextComponent.java:4484) ~[?:?]
	at javax.swing.text.JTextComponent$MutableCaretEvent.stateChanged(JTextComponent.java:4506) ~[?:?]
	at javax.swing.text.DefaultCaret.fireStateChanged(DefaultCaret.java:857) ~[?:?]
	at javax.swing.text.DefaultCaret.changeCaretPosition(DefaultCaret.java:1343) ~[?:?]
	at javax.swing.text.DefaultCaret.handleSetDot(DefaultCaret.java:1242) ~[?:?]
	at javax.swing.text.DefaultCaret.setDot(DefaultCaret.java:1223) ~[?:?]
	at javax.swing.text.DefaultCaret$Handler.insertUpdate(DefaultCaret.java:1819) ~[?:?]
	at javax.swing.text.AbstractDocument.fireInsertUpdate(AbstractDocument.java:227) ~[?:?]
	at javax.swing.text.AbstractDocument.handleInsertString(AbstractDocument.java:781) ~[?:?]
	at javax.swing.text.AbstractDocument.insertString(AbstractDocument.java:740) ~[?:?]
	at javax.swing.text.PlainDocument.insertString(PlainDocument.java:131) ~[?:?]
	at javax.swing.text.AbstractDocument.replace(AbstractDocument.java:699) ~[?:?]
	at javax.swing.text.JTextComponent.setText(JTextComponent.java:1725) ~[?:?]
	at com.st.microxplorer.plugins.projectmanager.gui.ProjectChoiceTab.createHeapStackFields(ProjectChoiceTab.java:993) ~[filemanager.jar:?]
	at com.st.microxplorer.plugins.projectmanager.gui.ProjectChoiceTab.buildLinkSettingsPanel(ProjectChoiceTab.java:3813) ~[filemanager.jar:?]
	at com.st.microxplorer.plugins.projectmanager.gui.ProjectChoiceTab.defineWindowsFields(ProjectChoiceTab.java:1987) ~[filemanager.jar:?]
	at com.st.microxplorer.plugins.projectmanager.gui.ProjectChoiceTab.updateSettings(ProjectChoiceTab.java:558) ~[filemanager.jar:?]
	at com.st.microxplorer.plugins.projectmanager.gui.ProjectSettingsPanel.UpdateDialog(ProjectSettingsPanel.java:247) ~[filemanager.jar:?]
	at com.st.microxplorer.plugins.projectmanager.ProjectManagerView.propertyChange(ProjectManagerView.java:392) ~[filemanager.jar:?]
	at java.beans.PropertyChangeSupport.fire(PropertyChangeSupport.java:343) ~[?:?]
	at java.beans.PropertyChangeSupport.firePropertyChange(PropertyChangeSupport.java:335) ~[?:?]
	at java.beans.PropertyChangeSupport.firePropertyChange(PropertyChangeSupport.java:268) ~[?:?]
	at com.st.microxplorer.util.MXPropertyChangeSupport.firePropertyChange(MXPropertyChangeSupport.java:54) ~[STM32CubeMX.jar:?]
	at com.st.microxplorer.mxsystem.MxSystem.closeConfig(MxSystem.java:899) ~[STM32CubeMX.jar:?]
	at com.st.microxplorer.maingui.MainPanel.closeConfig(MainPanel.java:792) ~[STM32CubeMX.jar:?]
	at com.st.microxplorer.plugins.filemanager.engine.OpenFileManager.loadConfigurationFile(OpenFileManager.java:288) ~[filemanager.jar:?]
	at com.st.microxplorer.plugins.filemanager.engine.MainFileManager.userLoadConfig(MainFileManager.java:364) ~[filemanager.jar:?]
	at com.st.microxplorer.plugins.filemanager.engine.MainFileManager.userLoadConfig(MainFileManager.java:342) ~[filemanager.jar:?]
	at com.st.microxplorer.plugins.filemanager.FileManagerView.getSpecificTask(FileManagerView.java:264) ~[filemanager.jar:?]
	at com.st.stm32cube.common.mx.editor.CubeMxEditor.getMxTabbedPaneInstance(CubeMxEditor.java:1198) ~[com.st.stm32cube.common.mx_6.15.0.202507011659/:?]
	at com.st.stm32cube.common.mx.editor.CubeMxEditor$12$1.createSwingComponent(CubeMxEditor.java:1068) ~[com.st.stm32cube.common.mx_6.15.0.202507011659/:?]
	at com.st.stm32cube.common.mx.oss.core.awtswtbridge.EmbeddedSwingComposite.doComponentCreation(EmbeddedSwingComposite.java:492) ~[com.st.stm32cube.common.mx.oss_6.15.0.202507011659/:?]
	at com.st.stm32cube.common.mx.oss.core.awtswtbridge.EmbeddedSwingComposite$4.run(EmbeddedSwingComposite.java:291) ~[com.st.stm32cube.common.mx.oss_6.15.0.202507011659/:?]
	at com.st.stm32cube.common.mx.oss.core.awtswtbridge.AwtEnvironment$2.run(AwtEnvironment.java:166) ~[com.st.stm32cube.common.mx.oss_6.15.0.202507011659/:?]
	at java.awt.event.InvocationEvent.dispatch(InvocationEvent.java:318) ~[?:?]
	at java.awt.EventQueue.dispatchEventImpl(EventQueue.java:773) ~[?:?]
	at java.awt.EventQueue$4.run(EventQueue.java:720) ~[?:?]
	at java.awt.EventQueue$4.run(EventQueue.java:714) ~[?:?]
	at java.security.AccessController.doPrivileged(AccessController.java:400) ~[?:?]
	at java.security.ProtectionDomain$JavaSecurityAccessImpl.doIntersectionPrivilege(ProtectionDomain.java:87) ~[?:?]
	at java.awt.EventQueue.dispatchEvent(EventQueue.java:742) ~[?:?]
	at java.awt.EventDispatchThread.pumpOneEventForFilters(EventDispatchThread.java:203) ~[?:?]
	at java.awt.EventDispatchThread.pumpEventsForFilter(EventDispatchThread.java:124) ~[?:?]
	at java.awt.EventDispatchThread.pumpEventsForHierarchy(EventDispatchThread.java:113) ~[?:?]
	at java.awt.EventDispatchThread.pumpEvents(EventDispatchThread.java:109) ~[?:?]
	at java.awt.EventDispatchThread.pumpEvents(EventDispatchThread.java:101) ~[?:?]
	at java.awt.EventDispatchThread.run(EventDispatchThread.java:90) ~[?:?]
2026-04-14 22:57:09,279 [WARN] ThirdParty:871 - waiting for thirdparty lock release [close project]
2026-04-14 22:57:09,279 [INFO] ThirdParty:873 - entering critical section [close project]
2026-04-14 22:57:09,279 [INFO] ThirdParty:883 - exiting critical section [close project]
2026-04-14 22:57:09,283 [INFO] PinOutPanel:1589 - setPackage(No Configuration,No Configuration)
2026-04-14 22:57:09,317 [WARN] IpParametersView:155 - Warning: This peripheral hasn't parameters
2026-04-14 22:57:09,357 [WARN] MainPanel:289 - <html><b><center>Warning: This peripheral has no parameters to be configured<br></b></html>
2026-04-14 22:57:09,366 [INFO] UtilMem:75 - Begin LoadConfig() Used Memory: 606200888 Bytes (914358272)
2026-04-14 22:57:09,367 [INFO] MicroXplorer:468 - Change Database Path : 
2026-04-14 22:57:09,367 [INFO] MicroXplorer:498 - Change Database Version : DB.6.0.150
2026-04-14 22:57:09,367 [INFO] OpenFileManager:355 - Change cursor
2026-04-14 22:57:09,458 [INFO] Mcu:2029 - Initializing MCU STM32F446RETx STM32F446RETx STM32F446RET6
2026-04-14 22:57:11,059 [INFO] Context:786 - Trying to add GPIOservice into a context  which must be forbidden
2026-04-14 22:57:11,713 [INFO] ImportTextPane:234 - (OptionalMessage_ERROR) Unable to find key (Mcu.ThirdPartyNb) in loaded IOC file
2026-04-14 22:57:11,715 [INFO] ImportTextPane:234 - (OptionalMessage_ERROR) Unable to find key (Mcu.PinsNb) in loaded IOC file
2026-04-14 22:57:11,717 [INFO] ImportTextPane:234 - (OptionalMessage_ERROR) Pin0 (VP_RIF_VS_RIF1) cannot be retrieved for this MCU
2026-04-14 22:57:11,717 [INFO] ImportTextPane:234 - (OptionalMessage_ERROR) Unable to find key (Mcu.IPNb) in loaded IOC file
2026-04-14 22:57:11,758 [INFO] RtosManager:558 - Registered RTOS mode: class=CMSIS, group=RTOS, mode=CMSIS_V1, owner=FREERTOS
2026-04-14 22:57:11,759 [INFO] RtosManager:558 - Registered RTOS mode: class=CMSIS, group=RTOS2, mode=CMSIS_V2, owner=FREERTOS
2026-04-14 22:57:11,759 [INFO] RtosManager:558 - Registered RTOS mode: class=RTOS, group=Core, mode=CMSIS_V1, owner=FREERTOS
2026-04-14 22:57:11,759 [INFO] RtosManager:558 - Registered RTOS mode: class=RTOS, group=Core, mode=CMSIS_V2, owner=FREERTOS
2026-04-14 22:57:11,759 [WARN] ModelIntegratedComponent:184 - Missing modes for component STMicroelectronics:FreeRTOS:0.0.1:STMicroelectronics:RTOS:FreeRTOS:Core:::10.2.0:
2026-04-14 22:57:11,760 [WARN] ModelIntegratedComponent:63 - No mode defined for component null
2026-04-14 22:57:11,761 [WARN] ModelIntegratedComponent:63 - No mode defined for component null
2026-04-14 22:57:11,761 [WARN] ModelIntegratedComponent:63 - No mode defined for component null
2026-04-14 22:57:11,761 [WARN] ModelIntegratedComponent:63 - No mode defined for component null
2026-04-14 22:57:11,761 [WARN] ModelIntegratedComponent:63 - No mode defined for component null
2026-04-14 22:57:11,761 [WARN] ModelIntegratedComponent:63 - No mode defined for component null
2026-04-14 22:57:11,761 [WARN] ModelIntegratedComponent:63 - No mode defined for component null
2026-04-14 22:57:11,761 [WARN] ModelIntegratedComponent:63 - No mode defined for component null
2026-04-14 22:57:11,761 [WARN] ModelIntegratedComponent:63 - No mode defined for component null
2026-04-14 22:57:11,761 [WARN] ModelIntegratedComponent:63 - No mode defined for component null
2026-04-14 22:57:11,761 [WARN] ModelIntegratedComponent:63 - No mode defined for component null
2026-04-14 22:57:11,761 [WARN] ModelIntegratedComponent:63 - No mode defined for component null
2026-04-14 22:57:11,761 [WARN] ModelIntegratedComponent:63 - No mode defined for component null
2026-04-14 22:57:11,761 [WARN] ModelIntegratedComponent:63 - No mode defined for component null
2026-04-14 22:57:11,761 [WARN] ModelIntegratedComponent:63 - No mode defined for component null
2026-04-14 22:57:11,762 [WARN] ModelIntegratedComponent:63 - No mode defined for component null
2026-04-14 22:57:11,762 [WARN] ModelIntegratedComponent:63 - No mode defined for component null
2026-04-14 22:57:11,763 [WARN] ModelIntegratedComponent:63 - No mode defined for component null
2026-04-14 22:57:11,763 [WARN] ModelIntegratedComponent:63 - No mode defined for component null
2026-04-14 22:57:11,763 [WARN] ModelIntegratedComponent:63 - No mode defined for component null
2026-04-14 22:57:11,763 [WARN] ModelIntegratedComponent:63 - No mode defined for component null
2026-04-14 22:57:11,763 [WARN] ModelIntegratedComponent:63 - No mode defined for component null
2026-04-14 22:57:11,763 [WARN] ModelIntegratedComponent:63 - No mode defined for component null
2026-04-14 22:57:11,763 [WARN] ModelIntegratedComponent:63 - No mode defined for component null
2026-04-14 22:57:11,763 [WARN] ModelIntegratedComponent:63 - No mode defined for component null
2026-04-14 22:57:11,763 [WARN] ModelIntegratedComponent:63 - No mode defined for component null
2026-04-14 22:57:11,764 [WARN] ModelIntegratedComponent:63 - No mode defined for component null
2026-04-14 22:57:11,764 [WARN] ModelIntegratedComponent:63 - No mode defined for component null
2026-04-14 22:57:11,764 [WARN] ModelIntegratedComponent:63 - No mode defined for component null
2026-04-14 22:57:11,764 [WARN] ModelIntegratedComponent:63 - No mode defined for component null
2026-04-14 22:57:11,764 [WARN] ModelIntegratedComponent:63 - No mode defined for component null
2026-04-14 22:57:11,764 [WARN] ModelIntegratedComponent:63 - No mode defined for component null
2026-04-14 22:57:11,764 [WARN] ModelIntegratedComponent:63 - No mode defined for component null
2026-04-14 22:57:11,764 [WARN] ModelIntegratedComponent:63 - No mode defined for component null
2026-04-14 22:57:11,764 [WARN] ModelIntegratedComponent:63 - No mode defined for component null
2026-04-14 22:57:11,765 [WARN] ModelPack:524 - Component already loaded: STMicroelectronics:HAL Drivers:0.0.0:STMicroelectronics:Device:STMicro_Driver:XSPI:HAL::0.0.1:HAL_XSPI
2026-04-14 22:57:11,773 [INFO] ThirdPartyModel:298 - Start build external matchings
2026-04-14 22:57:11,775 [INFO] ThirdPartyModel:316 - End build external matchings
2026-04-14 22:57:11,967 [INFO] UtilMem:75 - End LoadConfig() Used Memory: 649811984 Bytes (914358272)
2026-04-14 22:57:12,032 [WARN] ThirdParty:833 - waiting for thirdparty lock release [change project]
2026-04-14 22:57:12,036 [INFO] ThirdParty:835 - entering critical section [change project]
2026-04-14 22:57:12,036 [INFO] ThirdParty:1030 - CMSIS Pack Vendor :STMicroelectronics USBPD 4.1
2026-04-14 22:57:12,037 [INFO] ThirdParty:1030 - CMSIS Pack Vendor :STMicroelectronics ThreadX 1.0.0
2026-04-14 22:57:12,037 [INFO] ThirdParty:1030 - CMSIS Pack Vendor :STMicroelectronics USB_HOST 2.0.0
2026-04-14 22:57:12,037 [INFO] ThirdParty:1030 - CMSIS Pack Vendor :STMicroelectronics LIBJPEG 8.0.0
2026-04-14 22:57:12,037 [INFO] ThirdParty:1030 - CMSIS Pack Vendor :STMicroelectronics FreeRTOS 0.0.1
2026-04-14 22:57:12,037 [INFO] ThirdParty:1030 - CMSIS Pack Vendor :STMicroelectronics USB_DEVICE 1.0.0
2026-04-14 22:57:12,037 [INFO] ThirdParty:1030 - CMSIS Pack Vendor :STMicroelectronics STM32_WPAN 1.0.0
2026-04-14 22:57:12,037 [INFO] ThirdParty:1030 - CMSIS Pack Vendor :STMicroelectronics USB_DEVICE 3.0.0
2026-04-14 22:57:12,037 [INFO] ThirdParty:1030 - CMSIS Pack Vendor :STMicroelectronics HAL Drivers 0.0.0
2026-04-14 22:57:12,037 [INFO] ThirdParty:1030 - CMSIS Pack Vendor :STMicroelectronics MBEDTLS 2.16.2
2026-04-14 22:57:12,037 [INFO] ThirdParty:1030 - CMSIS Pack Vendor :STMicroelectronics ThreadX 0.0.2
2026-04-14 22:57:12,037 [INFO] ThirdParty:1030 - CMSIS Pack Vendor :STMicroelectronics lwIP 2.0.3
2026-04-14 22:57:12,037 [INFO] ThirdParty:1030 - CMSIS Pack Vendor :STMicroelectronics lwIP 2.1.2
2026-04-14 22:57:12,037 [INFO] ThirdParty:1030 - CMSIS Pack Vendor :STMicroelectronics MBEDTLS 2.14.1
2026-04-14 22:57:12,038 [INFO] ThirdParty:1030 - CMSIS Pack Vendor :STMicroelectronics USB_HOST 1.0.0
2026-04-14 22:57:12,038 [INFO] ThirdParty:1030 - CMSIS Pack Vendor :STMicroelectronics PDM2PCM 3.1.0
2026-04-14 22:57:12,038 [INFO] ThirdParty:1030 - CMSIS Pack Vendor :STMicroelectronics USB_DEVICE 2.0.0
2026-04-14 22:57:12,038 [INFO] ThirdParty:1030 - CMSIS Pack Vendor :STMicroelectronics PDM2PCM 3.2.0
2026-04-14 22:57:12,038 [INFO] ThirdParty:1030 - CMSIS Pack Vendor :STMicroelectronics PDM2PCM 3.3.0
2026-04-14 22:57:12,038 [INFO] ThirdParty:841 - exiting critical section [change project]
2026-04-14 22:57:12,568 [INFO] PinOutPanel:1589 - setPackage(No Configuration,No Configuration)
2026-04-14 22:57:12,571 [INFO] PinOutPanel:1589 - setPackage(STM32F446RETx,LQFP64)
2026-04-14 22:57:13,331 [INFO] UtilMem:75 - Before build in PCC Used Memory: 501656112 Bytes (914358272)
2026-04-14 22:57:13,970 [INFO] UtilMem:75 - After build in PCC Used Memory: 551987776 Bytes (914358272)
2026-04-14 22:57:14,052 [INFO] IPUIPlugin:80 - create IPUIPlugin
2026-04-14 22:57:14,052 [INFO] IPUIPlugin:80 - create IPUIPlugin
2026-04-14 22:57:14,053 [INFO] IPUIPlugin:80 - create IPUIPlugin
2026-04-14 22:57:14,054 [INFO] IPUIPlugin:80 - create IPUIPlugin
2026-04-14 22:57:14,054 [INFO] IPUIPlugin:80 - create IPUIPlugin
2026-04-14 22:57:14,054 [INFO] IPUIPlugin:80 - create IPUIPlugin
2026-04-14 22:57:14,055 [INFO] IPUIPlugin:80 - create IPUIPlugin
2026-04-14 22:57:14,055 [INFO] IPUIPlugin:80 - create IPUIPlugin
2026-04-14 22:57:14,055 [INFO] IPUIPlugin:80 - create IPUIPlugin
2026-04-14 22:57:14,056 [INFO] IPUIPlugin:80 - create IPUIPlugin
2026-04-14 22:57:14,057 [INFO] IPUIPlugin:80 - create IPUIPlugin
2026-04-14 22:57:14,057 [INFO] IPUIPlugin:80 - create IPUIPlugin
2026-04-14 22:57:14,057 [INFO] IPUIPlugin:80 - create IPUIPlugin
2026-04-14 22:57:14,057 [INFO] IPUIPlugin:80 - create IPUIPlugin
2026-04-14 22:57:14,057 [INFO] IPUIPlugin:80 - create IPUIPlugin
2026-04-14 22:57:14,058 [INFO] IPUIPlugin:80 - create IPUIPlugin
2026-04-14 22:57:14,058 [INFO] IPUIPlugin:80 - create IPUIPlugin
2026-04-14 22:57:14,058 [INFO] IPUIPlugin:80 - create IPUIPlugin
2026-04-14 22:57:14,058 [INFO] IPUIPlugin:80 - create IPUIPlugin
2026-04-14 22:57:14,058 [INFO] IPUIPlugin:80 - create IPUIPlugin
2026-04-14 22:57:14,058 [INFO] IPUIPlugin:80 - create IPUIPlugin
2026-04-14 22:57:14,059 [INFO] IPUIPlugin:80 - create IPUIPlugin
2026-04-14 22:57:14,060 [INFO] IPUIPlugin:80 - create IPUIPlugin
2026-04-14 22:57:14,061 [INFO] IPUIPlugin:80 - create IPUIPlugin
2026-04-14 22:57:14,061 [INFO] IPUIPlugin:80 - create IPUIPlugin
2026-04-14 22:57:14,062 [INFO] IPUIPlugin:80 - create IPUIPlugin
2026-04-14 22:57:14,062 [INFO] IPUIPlugin:80 - create IPUIPlugin
2026-04-14 22:57:14,063 [INFO] IPUIPlugin:80 - create IPUIPlugin
2026-04-14 22:57:14,064 [INFO] IPUIPlugin:80 - create IPUIPlugin
2026-04-14 22:57:14,065 [INFO] IPUIPlugin:80 - create IPUIPlugin
2026-04-14 22:57:14,065 [INFO] IPUIPlugin:80 - create IPUIPlugin
2026-04-14 22:57:14,065 [INFO] IPUIPlugin:80 - create IPUIPlugin
2026-04-14 22:57:14,065 [INFO] IPUIPlugin:80 - create IPUIPlugin
2026-04-14 22:57:14,065 [INFO] IPUIPlugin:80 - create IPUIPlugin
2026-04-14 22:57:14,066 [INFO] IPUIPlugin:80 - create IPUIPlugin
2026-04-14 22:57:14,066 [INFO] IPUIPlugin:80 - create IPUIPlugin
2026-04-14 22:57:14,066 [INFO] IPUIPlugin:80 - create IPUIPlugin
2026-04-14 22:57:14,066 [INFO] IPUIPlugin:80 - create IPUIPlugin
2026-04-14 22:57:14,066 [INFO] IPUIPlugin:80 - create IPUIPlugin
2026-04-14 22:57:14,066 [INFO] IPUIPlugin:80 - create IPUIPlugin
2026-04-14 22:57:14,066 [INFO] IPUIPlugin:80 - create IPUIPlugin
2026-04-14 22:57:14,066 [INFO] IPUIPlugin:80 - create IPUIPlugin
2026-04-14 22:57:14,066 [INFO] IPUIPlugin:80 - create IPUIPlugin
2026-04-14 22:57:14,066 [INFO] IPUIPlugin:80 - create IPUIPlugin
2026-04-14 22:57:14,066 [INFO] IPUIPlugin:80 - create IPUIPlugin
2026-04-14 22:57:14,066 [INFO] IPUIPlugin:80 - create IPUIPlugin
2026-04-14 22:57:14,066 [INFO] IPUIPlugin:80 - create IPUIPlugin
2026-04-14 22:57:14,066 [INFO] IPUIPlugin:80 - create IPUIPlugin
2026-04-14 22:57:14,066 [INFO] IPUIPlugin:80 - create IPUIPlugin
2026-04-14 22:57:14,066 [INFO] IPUIPlugin:80 - create IPUIPlugin
2026-04-14 22:57:14,067 [INFO] IPUIPlugin:80 - create IPUIPlugin
2026-04-14 22:57:14,067 [INFO] IPUIPlugin:80 - create IPUIPlugin
2026-04-14 22:57:14,067 [INFO] IPUIPlugin:80 - create IPUIPlugin
2026-04-14 22:57:14,067 [INFO] IPUIPlugin:80 - create IPUIPlugin
2026-04-14 22:57:14,067 [INFO] IPUIPlugin:80 - create IPUIPlugin
2026-04-14 22:57:14,067 [INFO] IPUIPlugin:80 - create IPUIPlugin
2026-04-14 22:57:14,067 [INFO] IPUIPlugin:80 - create IPUIPlugin
2026-04-14 22:57:14,068 [INFO] IPUIPlugin:80 - create IPUIPlugin
2026-04-14 22:57:14,068 [INFO] IPUIPlugin:80 - create IPUIPlugin
2026-04-14 22:57:14,068 [INFO] IPUIPlugin:80 - create IPUIPlugin
2026-04-14 22:57:14,080 [INFO] ApiDbMcu:532 - Load IP Config File for PDM2PCM
2026-04-14 22:57:14,141 [INFO] CADModel:165 - CPN selected for project levelSTM32F446RET6
2026-04-14 22:57:14,141 [INFO] CADModel:114 - Register for checkConnection events
2026-04-14 22:57:14,192 [INFO] OpenFileManager:386 - Restore cursor
2026-04-14 22:57:15,105 [INFO] UtilMem:75 - End SaveConfig() Used Memory: 681484848 Bytes (914358272)
2026-04-14 22:57:15,175 [INFO] UtilMem:75 - End SaveConfig() Used Memory: 704031280 Bytes (914358272)
2026-04-14 22:57:15,225 [ERROR] ConfigurationRetriever:142 - IOException on connection: PKIX path building failed: sun.security.provider.certpath.SunCertPathBuilderException: unable to find valid certification path to requested target
2026-04-14 22:57:15,278 [ERROR] ConfigurationRetriever:142 - IOException on connection: PKIX path building failed: sun.security.provider.certpath.SunCertPathBuilderException: unable to find valid certification path to requested target
2026-04-14 22:57:15,322 [ERROR] ConfigurationRetriever:142 - IOException on connection: PKIX path building failed: sun.security.provider.certpath.SunCertPathBuilderException: unable to find valid certification path to requested target
2026-04-14 22:57:15,654 [INFO] BlockDiagram:2775 - set Specific Code input for plugin: RCC
2026-04-14 22:57:15,655 [INFO] BlockDiagram:2775 - set Specific Code input for plugin: NVIC
2026-04-14 22:57:15,655 [INFO] CodeGenerator:892 - code generatio: config db path: /Applications/STM32CubeIDE.app/Contents/Eclipse/plugins/com.st.stm32cube.common.mx_6.15.0.202507011659//db/
2026-04-14 22:57:15,783 [INFO] CodeEngine:265 - oldGeneratedFile, /Users/ggpai/Desktop/DMA/workspace/LED_TOGGLE_USING_DMA/MXTmpFiles/license.tmp_save
2026-04-14 22:57:16,246 [INFO] CodeEngine:289 - Generated code: /Users/ggpai/Desktop/DMA/workspace/LED_TOGGLE_USING_DMA/MXTmpFiles/license.tmp
2026-04-14 22:57:16,263 [INFO] CodeEngine:265 - oldGeneratedFile, /Users/ggpai/Desktop/DMA/workspace/LED_TOGGLE_USING_DMA/Core/Src/stm32f4xx_it.c_save
2026-04-14 22:57:16,490 [INFO] CodeEngine:289 - Generated code: /Users/ggpai/Desktop/DMA/workspace/LED_TOGGLE_USING_DMA/Core/Src/stm32f4xx_it.c
2026-04-14 22:57:16,494 [INFO] CodeEngine:265 - oldGeneratedFile, /Users/ggpai/Desktop/DMA/workspace/LED_TOGGLE_USING_DMA/Core/Inc/stm32f4xx_it.h_save
2026-04-14 22:57:16,592 [INFO] CodeEngine:289 - Generated code: /Users/ggpai/Desktop/DMA/workspace/LED_TOGGLE_USING_DMA/Core/Inc/stm32f4xx_it.h
2026-04-14 22:57:16,673 [INFO] CodeEngine:265 - oldGeneratedFile, /Users/ggpai/Desktop/DMA/workspace/LED_TOGGLE_USING_DMA/Core/Src/stm32f4xx_hal_msp.c_save
2026-04-14 22:57:16,824 [INFO] CodeEngine:289 - Generated code: /Users/ggpai/Desktop/DMA/workspace/LED_TOGGLE_USING_DMA/Core/Src/stm32f4xx_hal_msp.c
2026-04-14 22:57:16,829 [INFO] CodeEngine:265 - oldGeneratedFile, /Users/ggpai/Desktop/DMA/workspace/LED_TOGGLE_USING_DMA/MXTmpFiles/system.tmp_save
2026-04-14 22:57:16,926 [INFO] CodeEngine:289 - Generated code: /Users/ggpai/Desktop/DMA/workspace/LED_TOGGLE_USING_DMA/MXTmpFiles/system.tmp
2026-04-14 22:57:16,934 [INFO] CodeEngine:321 - oldGeneratedFile, /Users/ggpai/Desktop/DMA/workspace/LED_TOGGLE_USING_DMA/Core/Inc/stm32f4xx_hal_conf.h_save
2026-04-14 22:57:17,035 [INFO] CodeEngine:345 - Generated code: /Users/ggpai/Desktop/DMA/workspace/LED_TOGGLE_USING_DMA/Core/Inc/stm32f4xx_hal_conf.h
2026-04-14 22:57:17,101 [WARN] IPConfigManager:3238 - Warning: the RefConfig PLL2P_FOR_MCO is not available in your config.xml file
2026-04-14 22:57:17,113 [INFO] ApiDbMcu:532 - Load IP Config File for RCC
2026-04-14 22:57:17,123 [INFO] CodeEngine:265 - oldGeneratedFile, /Users/ggpai/Desktop/DMA/workspace/LED_TOGGLE_USING_DMA/Core/Inc/main.h_save
2026-04-14 22:57:17,225 [INFO] CodeEngine:289 - Generated code: /Users/ggpai/Desktop/DMA/workspace/LED_TOGGLE_USING_DMA/Core/Inc/main.h
2026-04-14 22:57:17,229 [INFO] CodeEngine:265 - oldGeneratedFile, /Users/ggpai/Desktop/DMA/workspace/LED_TOGGLE_USING_DMA/Core/Src/main.c_save
2026-04-14 22:57:17,453 [INFO] CodeEngine:289 - Generated code: /Users/ggpai/Desktop/DMA/workspace/LED_TOGGLE_USING_DMA/Core/Src/main.c
2026-04-14 22:57:17,694 [INFO] ProjectBuilder:3606 - Time for Copy HAL[1] : 98mS.
2026-04-14 22:57:17,702 [INFO] ProjectBuilder:5216 - Project Generator version: 4.7.0-B52
2026-04-14 22:57:17,818 [INFO] ConfigFileManager:1595 - The Die is : DIE421
2026-04-14 22:57:17,829 [INFO] ApiDbMcu:532 - Load IP Config File for FATFS
2026-04-14 22:57:17,838 [INFO] ApiDbMcu:532 - Load IP Config File for FREERTOS
2026-04-14 22:57:17,849 [INFO] ApiDbMcu:532 - Load IP Config File for LIBJPEG
2026-04-14 22:57:17,856 [INFO] ApiDbMcu:532 - Load IP Config File for MBEDTLS
2026-04-14 22:57:17,867 [INFO] ApiDbMcu:532 - Load IP Config File for USB_DEVICE
2026-04-14 22:57:17,877 [INFO] ApiDbMcu:532 - Load IP Config File for USB_HOST
2026-04-14 22:57:21,952 [INFO] LogOutputStream:77 - [STDOUT_REDIRECT] 
2026-04-14 22:57:26,574 [INFO] ProjectBuilder:5496 - Time for Generating toolchain IDE Files: 8787mS.
2026-04-14 22:57:26,652 [INFO] ProjectBuilder:3463 - Time for Copy CMSIS : 24mS.
2026-04-14 22:57:26,664 [INFO] ProjectBuilder:3463 - Time for Copy CMSIS : 1mS.
2026-04-14 22:57:28,286 [INFO] McuFinderGlobals:76 - Set McuFinderConnectedMode to true
2026-04-14 22:57:28,313 [INFO] ApiDb:448 - Save user favorites file /Users/ggpai/.stm32cubeide/favorites.mcus.txt: 0 item(s)
2026-04-14 22:57:28,314 [INFO] ApiDb:452 - User favorites MCUs=[]
2026-04-14 22:57:28,366 [INFO] ApiDb:448 - Save user favorites file /Users/ggpai/.stm32cubeide/favorites.boards.txt: 1 item(s)
2026-04-14 22:57:28,366 [INFO] ApiDb:452 - User favorites Boards=[STM32F407G-DISC1]
2026-04-14 22:57:28,387 [ERROR] ConfigurationRetriever:142 - IOException on connection: PKIX path building failed: sun.security.provider.certpath.SunCertPathBuilderException: unable to find valid certification path to requested target
2026-04-14 22:57:29,104 [ERROR] ConfigurationRetriever:142 - IOException on connection: PKIX path building failed: sun.security.provider.certpath.SunCertPathBuilderException: unable to find valid certification path to requested target
2026-04-14 22:57:29,182 [ERROR] ConfigurationRetriever:142 - IOException on connection: PKIX path building failed: sun.security.provider.certpath.SunCertPathBuilderException: unable to find valid certification path to requested target
2026-04-14 23:25:39,136 [INFO] MainUpdater:2872 - connection check result : 22
2026-04-14 23:25:39,503 [INFO] MicroXplorer:468 - Change Database Path : 
2026-04-14 23:25:39,504 [INFO] MicroXplorer:498 - Change Database Version : DB.6.0.150
2026-04-14 23:25:39,593 [ERROR] ProjectManagerView:395 - 
java.lang.NullPointerException: Cannot invoke "javax.swing.JTextField.getText()" because the return value of "java.util.List.get(int)" is null
	at com.st.microxplorer.plugins.projectmanager.gui.ProjectChoiceTab$9.caretUpdate(ProjectChoiceTab.java:2706) ~[filemanager.jar:?]
	at javax.swing.text.JTextComponent.fireCaretUpdate(JTextComponent.java:408) ~[?:?]
	at javax.swing.text.JTextComponent$MutableCaretEvent.fire(JTextComponent.java:4484) ~[?:?]
	at javax.swing.text.JTextComponent$MutableCaretEvent.stateChanged(JTextComponent.java:4506) ~[?:?]
	at javax.swing.text.DefaultCaret.fireStateChanged(DefaultCaret.java:857) ~[?:?]
	at javax.swing.text.DefaultCaret.changeCaretPosition(DefaultCaret.java:1343) ~[?:?]
	at javax.swing.text.DefaultCaret.handleSetDot(DefaultCaret.java:1242) ~[?:?]
	at javax.swing.text.DefaultCaret.setDot(DefaultCaret.java:1223) ~[?:?]
	at javax.swing.text.DefaultCaret$Handler.insertUpdate(DefaultCaret.java:1819) ~[?:?]
	at javax.swing.text.AbstractDocument.fireInsertUpdate(AbstractDocument.java:227) ~[?:?]
	at javax.swing.text.AbstractDocument.handleInsertString(AbstractDocument.java:781) ~[?:?]
	at javax.swing.text.AbstractDocument.insertString(AbstractDocument.java:740) ~[?:?]
	at javax.swing.text.PlainDocument.insertString(PlainDocument.java:131) ~[?:?]
	at javax.swing.text.AbstractDocument.replace(AbstractDocument.java:699) ~[?:?]
	at javax.swing.text.JTextComponent.setText(JTextComponent.java:1725) ~[?:?]
	at com.st.microxplorer.plugins.projectmanager.gui.ProjectChoiceTab.createHeapStackFields(ProjectChoiceTab.java:993) ~[filemanager.jar:?]
	at com.st.microxplorer.plugins.projectmanager.gui.ProjectChoiceTab.buildLinkSettingsPanel(ProjectChoiceTab.java:3813) ~[filemanager.jar:?]
	at com.st.microxplorer.plugins.projectmanager.gui.ProjectChoiceTab.defineWindowsFields(ProjectChoiceTab.java:1987) ~[filemanager.jar:?]
	at com.st.microxplorer.plugins.projectmanager.gui.ProjectChoiceTab.updateSettings(ProjectChoiceTab.java:558) ~[filemanager.jar:?]
	at com.st.microxplorer.plugins.projectmanager.gui.ProjectSettingsPanel.UpdateDialog(ProjectSettingsPanel.java:247) ~[filemanager.jar:?]
	at com.st.microxplorer.plugins.projectmanager.ProjectManagerView.propertyChange(ProjectManagerView.java:392) ~[filemanager.jar:?]
	at java.beans.PropertyChangeSupport.fire(PropertyChangeSupport.java:343) ~[?:?]
	at java.beans.PropertyChangeSupport.firePropertyChange(PropertyChangeSupport.java:335) ~[?:?]
	at java.beans.PropertyChangeSupport.firePropertyChange(PropertyChangeSupport.java:268) ~[?:?]
	at com.st.microxplorer.util.MXPropertyChangeSupport.firePropertyChange(MXPropertyChangeSupport.java:54) ~[STM32CubeMX.jar:?]
	at com.st.microxplorer.mxsystem.MxSystem.closeConfig(MxSystem.java:899) ~[STM32CubeMX.jar:?]
	at com.st.microxplorer.maingui.MainPanel.closeConfig(MainPanel.java:792) ~[STM32CubeMX.jar:?]
	at com.st.microxplorer.plugins.filemanager.engine.OpenFileManager.loadConfigurationFile(OpenFileManager.java:288) ~[filemanager.jar:?]
	at com.st.microxplorer.plugins.filemanager.engine.MainFileManager.userLoadConfig(MainFileManager.java:364) ~[filemanager.jar:?]
	at com.st.microxplorer.plugins.filemanager.engine.MainFileManager.userLoadConfig(MainFileManager.java:342) ~[filemanager.jar:?]
	at com.st.microxplorer.plugins.filemanager.FileManagerView.getSpecificTask(FileManagerView.java:264) ~[filemanager.jar:?]
	at com.st.stm32cube.common.mx.editor.CubeMxEditor.getMxTabbedPaneInstance(CubeMxEditor.java:1198) ~[com.st.stm32cube.common.mx_6.15.0.202507011659/:?]
	at com.st.stm32cube.common.mx.editor.CubeMxEditor$12$1.createSwingComponent(CubeMxEditor.java:1068) ~[com.st.stm32cube.common.mx_6.15.0.202507011659/:?]
	at com.st.stm32cube.common.mx.oss.core.awtswtbridge.EmbeddedSwingComposite.doComponentCreation(EmbeddedSwingComposite.java:492) ~[com.st.stm32cube.common.mx.oss_6.15.0.202507011659/:?]
	at com.st.stm32cube.common.mx.oss.core.awtswtbridge.EmbeddedSwingComposite$4.run(EmbeddedSwingComposite.java:291) ~[com.st.stm32cube.common.mx.oss_6.15.0.202507011659/:?]
	at com.st.stm32cube.common.mx.oss.core.awtswtbridge.AwtEnvironment$2.run(AwtEnvironment.java:166) ~[com.st.stm32cube.common.mx.oss_6.15.0.202507011659/:?]
	at java.awt.event.InvocationEvent.dispatch(InvocationEvent.java:318) ~[?:?]
	at java.awt.EventQueue.dispatchEventImpl(EventQueue.java:773) ~[?:?]
	at java.awt.EventQueue$4.run(EventQueue.java:720) ~[?:?]
	at java.awt.EventQueue$4.run(EventQueue.java:714) ~[?:?]
	at java.security.AccessController.doPrivileged(AccessController.java:400) ~[?:?]
	at java.security.ProtectionDomain$JavaSecurityAccessImpl.doIntersectionPrivilege(ProtectionDomain.java:87) ~[?:?]
	at java.awt.EventQueue.dispatchEvent(EventQueue.java:742) ~[?:?]
	at java.awt.EventDispatchThread.pumpOneEventForFilters(EventDispatchThread.java:203) ~[?:?]
	at java.awt.EventDispatchThread.pumpEventsForFilter(EventDispatchThread.java:124) ~[?:?]
	at java.awt.EventDispatchThread.pumpEventsForHierarchy(EventDispatchThread.java:113) ~[?:?]
	at java.awt.EventDispatchThread.pumpEvents(EventDispatchThread.java:109) ~[?:?]
	at java.awt.EventDispatchThread.pumpEvents(EventDispatchThread.java:101) ~[?:?]
	at java.awt.EventDispatchThread.run(EventDispatchThread.java:90) ~[?:?]
2026-04-14 23:25:39,595 [WARN] ThirdParty:871 - waiting for thirdparty lock release [close project]
2026-04-14 23:25:39,595 [INFO] ThirdParty:873 - entering critical section [close project]
2026-04-14 23:25:39,595 [INFO] ThirdParty:883 - exiting critical section [close project]
2026-04-14 23:25:39,598 [INFO] PinOutPanel:1589 - setPackage(No Configuration,No Configuration)
2026-04-14 23:25:39,650 [WARN] IpParametersView:155 - Warning: This peripheral hasn't parameters
2026-04-14 23:25:39,690 [WARN] MainPanel:289 - <html><b><center>Warning: This peripheral has no parameters to be configured<br></b></html>
2026-04-14 23:25:39,697 [INFO] UtilMem:75 - Begin LoadConfig() Used Memory: 662764696 Bytes (867172352)
2026-04-14 23:25:39,699 [INFO] MicroXplorer:468 - Change Database Path : 
2026-04-14 23:25:39,699 [INFO] MicroXplorer:498 - Change Database Version : DB.6.0.150
2026-04-14 23:25:39,699 [INFO] OpenFileManager:355 - Change cursor
2026-04-14 23:25:39,786 [INFO] RulesReader:64 - Compatibility file has been processed (317 Rules)
2026-04-14 23:25:39,815 [INFO] Mcu:2029 - Initializing MCU STM32F446R(C-E)Tx STM32F446RETx STM32F446RET6
2026-04-14 23:25:41,119 [INFO] Context:786 - Trying to add GPIOservice into a context  which must be forbidden
2026-04-14 23:25:42,055 [INFO] ImportTextPane:234 - (OptionalMessage_ERROR) Pin12 (VP_RIF_VS_RIF1) cannot be retrieved for this MCU
2026-04-14 23:25:42,120 [INFO] RtosManager:558 - Registered RTOS mode: class=CMSIS, group=RTOS, mode=CMSIS_V1, owner=FREERTOS
2026-04-14 23:25:42,122 [INFO] RtosManager:558 - Registered RTOS mode: class=CMSIS, group=RTOS2, mode=CMSIS_V2, owner=FREERTOS
2026-04-14 23:25:42,122 [INFO] RtosManager:558 - Registered RTOS mode: class=RTOS, group=Core, mode=CMSIS_V1, owner=FREERTOS
2026-04-14 23:25:42,123 [INFO] RtosManager:558 - Registered RTOS mode: class=RTOS, group=Core, mode=CMSIS_V2, owner=FREERTOS
2026-04-14 23:25:42,123 [WARN] ModelIntegratedComponent:184 - Missing modes for component STMicroelectronics:FreeRTOS:0.0.1:STMicroelectronics:RTOS:FreeRTOS:Core:::10.2.0:
2026-04-14 23:25:42,124 [WARN] ModelIntegratedComponent:63 - No mode defined for component null
2026-04-14 23:25:42,125 [WARN] ModelIntegratedComponent:63 - No mode defined for component null
2026-04-14 23:25:42,125 [WARN] ModelIntegratedComponent:63 - No mode defined for component null
2026-04-14 23:25:42,126 [WARN] ModelIntegratedComponent:63 - No mode defined for component null
2026-04-14 23:25:42,126 [WARN] ModelIntegratedComponent:63 - No mode defined for component null
2026-04-14 23:25:42,126 [WARN] ModelIntegratedComponent:63 - No mode defined for component null
2026-04-14 23:25:42,126 [WARN] ModelIntegratedComponent:63 - No mode defined for component null
2026-04-14 23:25:42,126 [WARN] ModelIntegratedComponent:63 - No mode defined for component null
2026-04-14 23:25:42,126 [WARN] ModelIntegratedComponent:63 - No mode defined for component null
2026-04-14 23:25:42,126 [WARN] ModelIntegratedComponent:63 - No mode defined for component null
2026-04-14 23:25:42,127 [WARN] ModelIntegratedComponent:63 - No mode defined for component null
2026-04-14 23:25:42,127 [WARN] ModelIntegratedComponent:63 - No mode defined for component null
2026-04-14 23:25:42,127 [WARN] ModelIntegratedComponent:63 - No mode defined for component null
2026-04-14 23:25:42,128 [WARN] ModelIntegratedComponent:63 - No mode defined for component null
2026-04-14 23:25:42,128 [WARN] ModelIntegratedComponent:63 - No mode defined for component null
2026-04-14 23:25:42,128 [WARN] ModelIntegratedComponent:63 - No mode defined for component null
2026-04-14 23:25:42,128 [WARN] ModelIntegratedComponent:63 - No mode defined for component null
2026-04-14 23:25:42,128 [WARN] ModelIntegratedComponent:63 - No mode defined for component null
2026-04-14 23:25:42,128 [WARN] ModelIntegratedComponent:63 - No mode defined for component null
2026-04-14 23:25:42,129 [WARN] ModelIntegratedComponent:63 - No mode defined for component null
2026-04-14 23:25:42,129 [WARN] ModelIntegratedComponent:63 - No mode defined for component null
2026-04-14 23:25:42,130 [WARN] ModelIntegratedComponent:63 - No mode defined for component null
2026-04-14 23:25:42,130 [WARN] ModelIntegratedComponent:63 - No mode defined for component null
2026-04-14 23:25:42,131 [WARN] ModelIntegratedComponent:63 - No mode defined for component null
2026-04-14 23:25:42,131 [WARN] ModelIntegratedComponent:63 - No mode defined for component null
2026-04-14 23:25:42,132 [WARN] ModelIntegratedComponent:63 - No mode defined for component null
2026-04-14 23:25:42,132 [WARN] ModelIntegratedComponent:63 - No mode defined for component null
2026-04-14 23:25:42,132 [WARN] ModelIntegratedComponent:63 - No mode defined for component null
2026-04-14 23:25:42,132 [WARN] ModelIntegratedComponent:63 - No mode defined for component null
2026-04-14 23:25:42,132 [WARN] ModelIntegratedComponent:63 - No mode defined for component null
2026-04-14 23:25:42,132 [WARN] ModelIntegratedComponent:63 - No mode defined for component null
2026-04-14 23:25:42,132 [WARN] ModelIntegratedComponent:63 - No mode defined for component null
2026-04-14 23:25:42,132 [WARN] ModelIntegratedComponent:63 - No mode defined for component null
2026-04-14 23:25:42,133 [WARN] ModelIntegratedComponent:63 - No mode defined for component null
2026-04-14 23:25:42,133 [WARN] ModelIntegratedComponent:63 - No mode defined for component null
2026-04-14 23:25:42,133 [WARN] ModelPack:524 - Component already loaded: STMicroelectronics:HAL Drivers:0.0.0:STMicroelectronics:Device:STMicro_Driver:XSPI:HAL::0.0.1:HAL_XSPI
2026-04-14 23:25:42,143 [INFO] ThirdPartyModel:298 - Start build external matchings
2026-04-14 23:25:42,147 [INFO] ThirdPartyModel:316 - End build external matchings
2026-04-14 23:25:42,358 [INFO] UtilMem:75 - End LoadConfig() Used Memory: 653673800 Bytes (867172352)
2026-04-14 23:25:42,482 [WARN] ThirdParty:833 - waiting for thirdparty lock release [change project]
2026-04-14 23:25:42,486 [INFO] ThirdParty:835 - entering critical section [change project]
2026-04-14 23:25:42,487 [INFO] ThirdParty:1030 - CMSIS Pack Vendor :STMicroelectronics USBPD 4.1
2026-04-14 23:25:42,487 [INFO] ThirdParty:1030 - CMSIS Pack Vendor :STMicroelectronics ThreadX 1.0.0
2026-04-14 23:25:42,487 [INFO] ThirdParty:1030 - CMSIS Pack Vendor :STMicroelectronics USB_HOST 2.0.0
2026-04-14 23:25:42,487 [INFO] ThirdParty:1030 - CMSIS Pack Vendor :STMicroelectronics LIBJPEG 8.0.0
2026-04-14 23:25:42,487 [INFO] ThirdParty:1030 - CMSIS Pack Vendor :STMicroelectronics FreeRTOS 0.0.1
2026-04-14 23:25:42,487 [INFO] ThirdParty:1030 - CMSIS Pack Vendor :STMicroelectronics USB_DEVICE 1.0.0
2026-04-14 23:25:42,487 [INFO] ThirdParty:1030 - CMSIS Pack Vendor :STMicroelectronics STM32_WPAN 1.0.0
2026-04-14 23:25:42,487 [INFO] ThirdParty:1030 - CMSIS Pack Vendor :STMicroelectronics USB_DEVICE 3.0.0
2026-04-14 23:25:42,487 [INFO] ThirdParty:1030 - CMSIS Pack Vendor :STMicroelectronics HAL Drivers 0.0.0
2026-04-14 23:25:42,487 [INFO] ThirdParty:1030 - CMSIS Pack Vendor :STMicroelectronics MBEDTLS 2.16.2
2026-04-14 23:25:42,487 [INFO] ThirdParty:1030 - CMSIS Pack Vendor :STMicroelectronics ThreadX 0.0.2
2026-04-14 23:25:42,487 [INFO] ThirdParty:1030 - CMSIS Pack Vendor :STMicroelectronics lwIP 2.0.3
2026-04-14 23:25:42,488 [INFO] ThirdParty:1030 - CMSIS Pack Vendor :STMicroelectronics lwIP 2.1.2
2026-04-14 23:25:42,488 [INFO] ThirdParty:1030 - CMSIS Pack Vendor :STMicroelectronics MBEDTLS 2.14.1
2026-04-14 23:25:42,488 [INFO] ThirdParty:1030 - CMSIS Pack Vendor :STMicroelectronics USB_HOST 1.0.0
2026-04-14 23:25:42,488 [INFO] ThirdParty:1030 - CMSIS Pack Vendor :STMicroelectronics PDM2PCM 3.1.0
2026-04-14 23:25:42,488 [INFO] ThirdParty:1030 - CMSIS Pack Vendor :STMicroelectronics USB_DEVICE 2.0.0
2026-04-14 23:25:42,488 [INFO] ThirdParty:1030 - CMSIS Pack Vendor :STMicroelectronics PDM2PCM 3.2.0
2026-04-14 23:25:42,488 [INFO] ThirdParty:1030 - CMSIS Pack Vendor :STMicroelectronics PDM2PCM 3.3.0
2026-04-14 23:25:42,489 [INFO] ThirdParty:841 - exiting critical section [change project]
2026-04-14 23:25:43,216 [INFO] PinOutPanel:1589 - setPackage(No Configuration,No Configuration)
2026-04-14 23:25:43,221 [INFO] PinOutPanel:1589 - setPackage(STM32F446RETx,LQFP64)
2026-04-14 23:25:43,860 [INFO] UtilMem:75 - Before build in PCC Used Memory: 374749928 Bytes (867172352)
2026-04-14 23:25:44,457 [INFO] UtilMem:75 - After build in PCC Used Memory: 425081576 Bytes (867172352)
2026-04-14 23:25:44,497 [INFO] IPUIPlugin:80 - create IPUIPlugin
2026-04-14 23:25:44,498 [INFO] IPUIPlugin:80 - create IPUIPlugin
2026-04-14 23:25:44,498 [INFO] IPUIPlugin:80 - create IPUIPlugin
2026-04-14 23:25:44,498 [INFO] IPUIPlugin:80 - create IPUIPlugin
2026-04-14 23:25:44,498 [INFO] IPUIPlugin:80 - create IPUIPlugin
2026-04-14 23:25:44,499 [INFO] IPUIPlugin:80 - create IPUIPlugin
2026-04-14 23:25:44,499 [INFO] IPUIPlugin:80 - create IPUIPlugin
2026-04-14 23:25:44,499 [INFO] IPUIPlugin:80 - create IPUIPlugin
2026-04-14 23:25:44,499 [INFO] IPUIPlugin:80 - create IPUIPlugin
2026-04-14 23:25:44,500 [INFO] IPUIPlugin:80 - create IPUIPlugin
2026-04-14 23:25:44,502 [INFO] IPUIPlugin:80 - create IPUIPlugin
2026-04-14 23:25:44,502 [INFO] IPUIPlugin:80 - create IPUIPlugin
2026-04-14 23:25:44,502 [INFO] IPUIPlugin:80 - create IPUIPlugin
2026-04-14 23:25:44,503 [INFO] IPUIPlugin:80 - create IPUIPlugin
2026-04-14 23:25:44,503 [INFO] IPUIPlugin:80 - create IPUIPlugin
2026-04-14 23:25:44,503 [INFO] IPUIPlugin:80 - create IPUIPlugin
2026-04-14 23:25:44,503 [INFO] IPUIPlugin:80 - create IPUIPlugin
2026-04-14 23:25:44,503 [INFO] IPUIPlugin:80 - create IPUIPlugin
2026-04-14 23:25:44,503 [INFO] IPUIPlugin:80 - create IPUIPlugin
2026-04-14 23:25:44,503 [INFO] IPUIPlugin:80 - create IPUIPlugin
2026-04-14 23:25:44,504 [INFO] IPUIPlugin:80 - create IPUIPlugin
2026-04-14 23:25:44,504 [INFO] IPUIPlugin:80 - create IPUIPlugin
2026-04-14 23:25:44,504 [INFO] IPUIPlugin:80 - create IPUIPlugin
2026-04-14 23:25:44,504 [INFO] IPUIPlugin:80 - create IPUIPlugin
2026-04-14 23:25:44,504 [INFO] IPUIPlugin:80 - create IPUIPlugin
2026-04-14 23:25:44,505 [INFO] IPUIPlugin:80 - create IPUIPlugin
2026-04-14 23:25:44,505 [INFO] IPUIPlugin:80 - create IPUIPlugin
2026-04-14 23:25:44,505 [INFO] IPUIPlugin:80 - create IPUIPlugin
2026-04-14 23:25:44,506 [INFO] IPUIPlugin:80 - create IPUIPlugin
2026-04-14 23:25:44,508 [INFO] IPUIPlugin:80 - create IPUIPlugin
2026-04-14 23:25:44,509 [INFO] IPUIPlugin:80 - create IPUIPlugin
2026-04-14 23:25:44,510 [INFO] IPUIPlugin:80 - create IPUIPlugin
2026-04-14 23:25:44,510 [INFO] IPUIPlugin:80 - create IPUIPlugin
2026-04-14 23:25:44,511 [INFO] IPUIPlugin:80 - create IPUIPlugin
2026-04-14 23:25:44,511 [INFO] IPUIPlugin:80 - create IPUIPlugin
2026-04-14 23:25:44,511 [INFO] IPUIPlugin:80 - create IPUIPlugin
2026-04-14 23:25:44,511 [INFO] IPUIPlugin:80 - create IPUIPlugin
2026-04-14 23:25:44,511 [INFO] IPUIPlugin:80 - create IPUIPlugin
2026-04-14 23:25:44,511 [INFO] IPUIPlugin:80 - create IPUIPlugin
2026-04-14 23:25:44,511 [INFO] IPUIPlugin:80 - create IPUIPlugin
2026-04-14 23:25:44,512 [INFO] IPUIPlugin:80 - create IPUIPlugin
2026-04-14 23:25:44,512 [INFO] IPUIPlugin:80 - create IPUIPlugin
2026-04-14 23:25:44,514 [INFO] IPUIPlugin:80 - create IPUIPlugin
2026-04-14 23:25:44,515 [INFO] IPUIPlugin:80 - create IPUIPlugin
2026-04-14 23:25:44,516 [INFO] IPUIPlugin:80 - create IPUIPlugin
2026-04-14 23:25:44,516 [INFO] IPUIPlugin:80 - create IPUIPlugin
2026-04-14 23:25:44,516 [INFO] IPUIPlugin:80 - create IPUIPlugin
2026-04-14 23:25:44,516 [INFO] IPUIPlugin:80 - create IPUIPlugin
2026-04-14 23:25:44,516 [INFO] IPUIPlugin:80 - create IPUIPlugin
2026-04-14 23:25:44,516 [INFO] IPUIPlugin:80 - create IPUIPlugin
2026-04-14 23:25:44,516 [INFO] IPUIPlugin:80 - create IPUIPlugin
2026-04-14 23:25:44,516 [INFO] IPUIPlugin:80 - create IPUIPlugin
2026-04-14 23:25:44,517 [INFO] IPUIPlugin:80 - create IPUIPlugin
2026-04-14 23:25:44,517 [INFO] IPUIPlugin:80 - create IPUIPlugin
2026-04-14 23:25:44,517 [INFO] IPUIPlugin:80 - create IPUIPlugin
2026-04-14 23:25:44,517 [INFO] IPUIPlugin:80 - create IPUIPlugin
2026-04-14 23:25:44,517 [INFO] IPUIPlugin:80 - create IPUIPlugin
2026-04-14 23:25:44,517 [INFO] IPUIPlugin:80 - create IPUIPlugin
2026-04-14 23:25:44,518 [INFO] IPUIPlugin:80 - create IPUIPlugin
2026-04-14 23:25:44,518 [INFO] IPUIPlugin:80 - create IPUIPlugin
2026-04-14 23:25:44,528 [INFO] ApiDbMcu:532 - Load IP Config File for PDM2PCM
2026-04-14 23:25:44,650 [INFO] CADModel:165 - CPN selected for project levelSTM32F446RET6
2026-04-14 23:25:44,651 [INFO] CADModel:114 - Register for checkConnection events
2026-04-14 23:25:44,692 [INFO] OpenFileManager:386 - Restore cursor
2026-04-14 23:25:58,242 [INFO] MainUpdater:2872 - connection check result : 22
2026-04-14 23:25:58,495 [INFO] MicroXplorer:468 - Change Database Path : 
2026-04-14 23:25:58,495 [INFO] MicroXplorer:498 - Change Database Version : DB.6.0.150
2026-04-14 23:25:58,543 [ERROR] ProjectManagerView:395 - 
java.lang.NullPointerException: Cannot invoke "javax.swing.JTextField.getText()" because the return value of "java.util.List.get(int)" is null
	at com.st.microxplorer.plugins.projectmanager.gui.ProjectChoiceTab$9.caretUpdate(ProjectChoiceTab.java:2706) ~[filemanager.jar:?]
	at javax.swing.text.JTextComponent.fireCaretUpdate(JTextComponent.java:408) ~[?:?]
	at javax.swing.text.JTextComponent$MutableCaretEvent.fire(JTextComponent.java:4484) ~[?:?]
	at javax.swing.text.JTextComponent$MutableCaretEvent.stateChanged(JTextComponent.java:4506) ~[?:?]
	at javax.swing.text.DefaultCaret.fireStateChanged(DefaultCaret.java:857) ~[?:?]
	at javax.swing.text.DefaultCaret.changeCaretPosition(DefaultCaret.java:1343) ~[?:?]
	at javax.swing.text.DefaultCaret.handleSetDot(DefaultCaret.java:1242) ~[?:?]
	at javax.swing.text.DefaultCaret.setDot(DefaultCaret.java:1223) ~[?:?]
	at javax.swing.text.DefaultCaret$Handler.insertUpdate(DefaultCaret.java:1819) ~[?:?]
	at javax.swing.text.AbstractDocument.fireInsertUpdate(AbstractDocument.java:227) ~[?:?]
	at javax.swing.text.AbstractDocument.handleInsertString(AbstractDocument.java:781) ~[?:?]
	at javax.swing.text.AbstractDocument.insertString(AbstractDocument.java:740) ~[?:?]
	at javax.swing.text.PlainDocument.insertString(PlainDocument.java:131) ~[?:?]
	at javax.swing.text.AbstractDocument.replace(AbstractDocument.java:699) ~[?:?]
	at javax.swing.text.JTextComponent.setText(JTextComponent.java:1725) ~[?:?]
	at com.st.microxplorer.plugins.projectmanager.gui.ProjectChoiceTab.createHeapStackFields(ProjectChoiceTab.java:993) ~[filemanager.jar:?]
	at com.st.microxplorer.plugins.projectmanager.gui.ProjectChoiceTab.buildLinkSettingsPanel(ProjectChoiceTab.java:3813) ~[filemanager.jar:?]
	at com.st.microxplorer.plugins.projectmanager.gui.ProjectChoiceTab.defineWindowsFields(ProjectChoiceTab.java:1987) ~[filemanager.jar:?]
	at com.st.microxplorer.plugins.projectmanager.gui.ProjectChoiceTab.updateSettings(ProjectChoiceTab.java:558) ~[filemanager.jar:?]
	at com.st.microxplorer.plugins.projectmanager.gui.ProjectSettingsPanel.UpdateDialog(ProjectSettingsPanel.java:247) ~[filemanager.jar:?]
	at com.st.microxplorer.plugins.projectmanager.ProjectManagerView.propertyChange(ProjectManagerView.java:392) ~[filemanager.jar:?]
	at java.beans.PropertyChangeSupport.fire(PropertyChangeSupport.java:343) ~[?:?]
	at java.beans.PropertyChangeSupport.firePropertyChange(PropertyChangeSupport.java:335) ~[?:?]
	at java.beans.PropertyChangeSupport.firePropertyChange(PropertyChangeSupport.java:268) ~[?:?]
	at com.st.microxplorer.util.MXPropertyChangeSupport.firePropertyChange(MXPropertyChangeSupport.java:54) ~[STM32CubeMX.jar:?]
	at com.st.microxplorer.mxsystem.MxSystem.closeConfig(MxSystem.java:899) ~[STM32CubeMX.jar:?]
	at com.st.microxplorer.maingui.MainPanel.closeConfig(MainPanel.java:792) ~[STM32CubeMX.jar:?]
	at com.st.microxplorer.plugins.filemanager.engine.OpenFileManager.loadConfigurationFile(OpenFileManager.java:288) ~[filemanager.jar:?]
	at com.st.microxplorer.plugins.filemanager.engine.MainFileManager.userLoadConfig(MainFileManager.java:364) ~[filemanager.jar:?]
	at com.st.microxplorer.plugins.filemanager.engine.MainFileManager.userLoadConfig(MainFileManager.java:342) ~[filemanager.jar:?]
	at com.st.microxplorer.plugins.filemanager.FileManagerView.getSpecificTask(FileManagerView.java:264) ~[filemanager.jar:?]
	at com.st.stm32cube.common.mx.editor.CubeMxEditor.getMxTabbedPaneInstance(CubeMxEditor.java:1198) ~[com.st.stm32cube.common.mx_6.15.0.202507011659/:?]
	at com.st.stm32cube.common.mx.editor.CubeMxEditor$12$1.createSwingComponent(CubeMxEditor.java:1068) ~[com.st.stm32cube.common.mx_6.15.0.202507011659/:?]
	at com.st.stm32cube.common.mx.oss.core.awtswtbridge.EmbeddedSwingComposite.doComponentCreation(EmbeddedSwingComposite.java:492) ~[com.st.stm32cube.common.mx.oss_6.15.0.202507011659/:?]
	at com.st.stm32cube.common.mx.oss.core.awtswtbridge.EmbeddedSwingComposite$4.run(EmbeddedSwingComposite.java:291) ~[com.st.stm32cube.common.mx.oss_6.15.0.202507011659/:?]
	at com.st.stm32cube.common.mx.oss.core.awtswtbridge.AwtEnvironment$2.run(AwtEnvironment.java:166) ~[com.st.stm32cube.common.mx.oss_6.15.0.202507011659/:?]
	at java.awt.event.InvocationEvent.dispatch(InvocationEvent.java:318) ~[?:?]
	at java.awt.EventQueue.dispatchEventImpl(EventQueue.java:773) ~[?:?]
	at java.awt.EventQueue$4.run(EventQueue.java:720) ~[?:?]
	at java.awt.EventQueue$4.run(EventQueue.java:714) ~[?:?]
	at java.security.AccessController.doPrivileged(AccessController.java:400) ~[?:?]
	at java.security.ProtectionDomain$JavaSecurityAccessImpl.doIntersectionPrivilege(ProtectionDomain.java:87) ~[?:?]
	at java.awt.EventQueue.dispatchEvent(EventQueue.java:742) ~[?:?]
	at java.awt.EventDispatchThread.pumpOneEventForFilters(EventDispatchThread.java:203) ~[?:?]
	at java.awt.EventDispatchThread.pumpEventsForFilter(EventDispatchThread.java:124) ~[?:?]
	at java.awt.EventDispatchThread.pumpEventsForHierarchy(EventDispatchThread.java:113) ~[?:?]
	at java.awt.EventDispatchThread.pumpEvents(EventDispatchThread.java:109) ~[?:?]
	at java.awt.EventDispatchThread.pumpEvents(EventDispatchThread.java:101) ~[?:?]
	at java.awt.EventDispatchThread.run(EventDispatchThread.java:90) ~[?:?]
2026-04-14 23:25:58,546 [WARN] ThirdParty:871 - waiting for thirdparty lock release [close project]
2026-04-14 23:25:58,546 [INFO] ThirdParty:873 - entering critical section [close project]
2026-04-14 23:25:58,546 [INFO] ThirdParty:883 - exiting critical section [close project]
2026-04-14 23:25:58,548 [INFO] PinOutPanel:1589 - setPackage(No Configuration,No Configuration)
2026-04-14 23:25:58,572 [WARN] IpParametersView:155 - Warning: This peripheral hasn't parameters
2026-04-14 23:25:58,590 [WARN] MainPanel:289 - <html><b><center>Warning: This peripheral has no parameters to be configured<br></b></html>
2026-04-14 23:25:58,593 [INFO] UtilMem:75 - Begin LoadConfig() Used Memory: 708275952 Bytes (867172352)
2026-04-14 23:25:58,595 [INFO] MicroXplorer:468 - Change Database Path : 
2026-04-14 23:25:58,595 [INFO] MicroXplorer:498 - Change Database Version : DB.6.0.150
2026-04-14 23:25:58,595 [INFO] OpenFileManager:355 - Change cursor
2026-04-14 23:25:58,616 [INFO] Mcu:2029 - Initializing MCU STM32F446R(C-E)Tx STM32F446RETx STM32F446RET6
2026-04-14 23:25:59,840 [INFO] Context:786 - Trying to add GPIOservice into a context  which must be forbidden
2026-04-14 23:26:00,233 [INFO] ImportTextPane:234 - (OptionalMessage_ERROR) Pin0 (VP_RIF_VS_RIF1) cannot be retrieved for this MCU
2026-04-14 23:26:00,273 [INFO] RtosManager:558 - Registered RTOS mode: class=CMSIS, group=RTOS, mode=CMSIS_V1, owner=FREERTOS
2026-04-14 23:26:00,273 [INFO] RtosManager:558 - Registered RTOS mode: class=CMSIS, group=RTOS2, mode=CMSIS_V2, owner=FREERTOS
2026-04-14 23:26:00,274 [INFO] RtosManager:558 - Registered RTOS mode: class=RTOS, group=Core, mode=CMSIS_V1, owner=FREERTOS
2026-04-14 23:26:00,274 [INFO] RtosManager:558 - Registered RTOS mode: class=RTOS, group=Core, mode=CMSIS_V2, owner=FREERTOS
2026-04-14 23:26:00,274 [WARN] ModelIntegratedComponent:184 - Missing modes for component STMicroelectronics:FreeRTOS:0.0.1:STMicroelectronics:RTOS:FreeRTOS:Core:::10.2.0:
2026-04-14 23:26:00,276 [WARN] ModelIntegratedComponent:63 - No mode defined for component null
2026-04-14 23:26:00,278 [WARN] ModelIntegratedComponent:63 - No mode defined for component null
2026-04-14 23:26:00,279 [WARN] ModelIntegratedComponent:63 - No mode defined for component null
2026-04-14 23:26:00,279 [WARN] ModelIntegratedComponent:63 - No mode defined for component null
2026-04-14 23:26:00,279 [WARN] ModelIntegratedComponent:63 - No mode defined for component null
2026-04-14 23:26:00,279 [WARN] ModelIntegratedComponent:63 - No mode defined for component null
2026-04-14 23:26:00,279 [WARN] ModelIntegratedComponent:63 - No mode defined for component null
2026-04-14 23:26:00,279 [WARN] ModelIntegratedComponent:63 - No mode defined for component null
2026-04-14 23:26:00,279 [WARN] ModelIntegratedComponent:63 - No mode defined for component null
2026-04-14 23:26:00,279 [WARN] ModelIntegratedComponent:63 - No mode defined for component null
2026-04-14 23:26:00,279 [WARN] ModelIntegratedComponent:63 - No mode defined for component null
2026-04-14 23:26:00,279 [WARN] ModelIntegratedComponent:63 - No mode defined for component null
2026-04-14 23:26:00,279 [WARN] ModelIntegratedComponent:63 - No mode defined for component null
2026-04-14 23:26:00,279 [WARN] ModelIntegratedComponent:63 - No mode defined for component null
2026-04-14 23:26:00,279 [WARN] ModelIntegratedComponent:63 - No mode defined for component null
2026-04-14 23:26:00,279 [WARN] ModelIntegratedComponent:63 - No mode defined for component null
2026-04-14 23:26:00,279 [WARN] ModelIntegratedComponent:63 - No mode defined for component null
2026-04-14 23:26:00,279 [WARN] ModelIntegratedComponent:63 - No mode defined for component null
2026-04-14 23:26:00,279 [WARN] ModelIntegratedComponent:63 - No mode defined for component null
2026-04-14 23:26:00,279 [WARN] ModelIntegratedComponent:63 - No mode defined for component null
2026-04-14 23:26:00,279 [WARN] ModelIntegratedComponent:63 - No mode defined for component null
2026-04-14 23:26:00,279 [WARN] ModelIntegratedComponent:63 - No mode defined for component null
2026-04-14 23:26:00,279 [WARN] ModelIntegratedComponent:63 - No mode defined for component null
2026-04-14 23:26:00,279 [WARN] ModelIntegratedComponent:63 - No mode defined for component null
2026-04-14 23:26:00,280 [WARN] ModelIntegratedComponent:63 - No mode defined for component null
2026-04-14 23:26:00,280 [WARN] ModelIntegratedComponent:63 - No mode defined for component null
2026-04-14 23:26:00,280 [WARN] ModelIntegratedComponent:63 - No mode defined for component null
2026-04-14 23:26:00,280 [WARN] ModelIntegratedComponent:63 - No mode defined for component null
2026-04-14 23:26:00,280 [WARN] ModelIntegratedComponent:63 - No mode defined for component null
2026-04-14 23:26:00,280 [WARN] ModelIntegratedComponent:63 - No mode defined for component null
2026-04-14 23:26:00,281 [WARN] ModelIntegratedComponent:63 - No mode defined for component null
2026-04-14 23:26:00,281 [WARN] ModelIntegratedComponent:63 - No mode defined for component null
2026-04-14 23:26:00,281 [WARN] ModelIntegratedComponent:63 - No mode defined for component null
2026-04-14 23:26:00,281 [WARN] ModelIntegratedComponent:63 - No mode defined for component null
2026-04-14 23:26:00,281 [WARN] ModelIntegratedComponent:63 - No mode defined for component null
2026-04-14 23:26:00,281 [WARN] ModelPack:524 - Component already loaded: STMicroelectronics:HAL Drivers:0.0.0:STMicroelectronics:Device:STMicro_Driver:XSPI:HAL::0.0.1:HAL_XSPI
2026-04-14 23:26:00,286 [INFO] ThirdPartyModel:298 - Start build external matchings
2026-04-14 23:26:00,288 [INFO] ThirdPartyModel:316 - End build external matchings
2026-04-14 23:26:00,445 [INFO] UtilMem:75 - End LoadConfig() Used Memory: 708930320 Bytes (867172352)
2026-04-14 23:26:00,556 [WARN] ThirdParty:833 - waiting for thirdparty lock release [change project]
2026-04-14 23:26:00,560 [INFO] ThirdParty:835 - entering critical section [change project]
2026-04-14 23:26:00,560 [INFO] ThirdParty:1030 - CMSIS Pack Vendor :STMicroelectronics USBPD 4.1
2026-04-14 23:26:00,560 [INFO] ThirdParty:1030 - CMSIS Pack Vendor :STMicroelectronics ThreadX 1.0.0
2026-04-14 23:26:00,560 [INFO] ThirdParty:1030 - CMSIS Pack Vendor :STMicroelectronics USB_HOST 2.0.0
2026-04-14 23:26:00,560 [INFO] ThirdParty:1030 - CMSIS Pack Vendor :STMicroelectronics LIBJPEG 8.0.0
2026-04-14 23:26:00,560 [INFO] ThirdParty:1030 - CMSIS Pack Vendor :STMicroelectronics FreeRTOS 0.0.1
2026-04-14 23:26:00,560 [INFO] ThirdParty:1030 - CMSIS Pack Vendor :STMicroelectronics USB_DEVICE 1.0.0
2026-04-14 23:26:00,560 [INFO] ThirdParty:1030 - CMSIS Pack Vendor :STMicroelectronics STM32_WPAN 1.0.0
2026-04-14 23:26:00,560 [INFO] ThirdParty:1030 - CMSIS Pack Vendor :STMicroelectronics USB_DEVICE 3.0.0
2026-04-14 23:26:00,560 [INFO] ThirdParty:1030 - CMSIS Pack Vendor :STMicroelectronics HAL Drivers 0.0.0
2026-04-14 23:26:00,560 [INFO] ThirdParty:1030 - CMSIS Pack Vendor :STMicroelectronics MBEDTLS 2.16.2
2026-04-14 23:26:00,560 [INFO] ThirdParty:1030 - CMSIS Pack Vendor :STMicroelectronics ThreadX 0.0.2
2026-04-14 23:26:00,560 [INFO] ThirdParty:1030 - CMSIS Pack Vendor :STMicroelectronics lwIP 2.0.3
2026-04-14 23:26:00,560 [INFO] ThirdParty:1030 - CMSIS Pack Vendor :STMicroelectronics lwIP 2.1.2
2026-04-14 23:26:00,560 [INFO] ThirdParty:1030 - CMSIS Pack Vendor :STMicroelectronics MBEDTLS 2.14.1
2026-04-14 23:26:00,560 [INFO] ThirdParty:1030 - CMSIS Pack Vendor :STMicroelectronics USB_HOST 1.0.0
2026-04-14 23:26:00,560 [INFO] ThirdParty:1030 - CMSIS Pack Vendor :STMicroelectronics PDM2PCM 3.1.0
2026-04-14 23:26:00,560 [INFO] ThirdParty:1030 - CMSIS Pack Vendor :STMicroelectronics USB_DEVICE 2.0.0
2026-04-14 23:26:00,560 [INFO] ThirdParty:1030 - CMSIS Pack Vendor :STMicroelectronics PDM2PCM 3.2.0
2026-04-14 23:26:00,560 [INFO] ThirdParty:1030 - CMSIS Pack Vendor :STMicroelectronics PDM2PCM 3.3.0
2026-04-14 23:26:00,561 [INFO] ThirdParty:841 - exiting critical section [change project]
2026-04-14 23:26:01,075 [INFO] PinOutPanel:1589 - setPackage(No Configuration,No Configuration)
2026-04-14 23:26:01,078 [INFO] PinOutPanel:1589 - setPackage(STM32F446RETx,LQFP64)
2026-04-14 23:26:01,621 [INFO] UtilMem:75 - Before build in PCC Used Memory: 318357512 Bytes (867172352)
2026-04-14 23:26:02,214 [INFO] UtilMem:75 - After build in PCC Used Memory: 367640584 Bytes (867172352)
2026-04-14 23:26:02,268 [INFO] IPUIPlugin:80 - create IPUIPlugin
2026-04-14 23:26:02,269 [INFO] IPUIPlugin:80 - create IPUIPlugin
2026-04-14 23:26:02,269 [INFO] IPUIPlugin:80 - create IPUIPlugin
2026-04-14 23:26:02,269 [INFO] IPUIPlugin:80 - create IPUIPlugin
2026-04-14 23:26:02,269 [INFO] IPUIPlugin:80 - create IPUIPlugin
2026-04-14 23:26:02,269 [INFO] IPUIPlugin:80 - create IPUIPlugin
2026-04-14 23:26:02,269 [INFO] IPUIPlugin:80 - create IPUIPlugin
2026-04-14 23:26:02,270 [INFO] IPUIPlugin:80 - create IPUIPlugin
2026-04-14 23:26:02,270 [INFO] IPUIPlugin:80 - create IPUIPlugin
2026-04-14 23:26:02,270 [INFO] IPUIPlugin:80 - create IPUIPlugin
2026-04-14 23:26:02,270 [INFO] IPUIPlugin:80 - create IPUIPlugin
2026-04-14 23:26:02,270 [INFO] IPUIPlugin:80 - create IPUIPlugin
2026-04-14 23:26:02,270 [INFO] IPUIPlugin:80 - create IPUIPlugin
2026-04-14 23:26:02,270 [INFO] IPUIPlugin:80 - create IPUIPlugin
2026-04-14 23:26:02,270 [INFO] IPUIPlugin:80 - create IPUIPlugin
2026-04-14 23:26:02,271 [INFO] IPUIPlugin:80 - create IPUIPlugin
2026-04-14 23:26:02,271 [INFO] IPUIPlugin:80 - create IPUIPlugin
2026-04-14 23:26:02,271 [INFO] IPUIPlugin:80 - create IPUIPlugin
2026-04-14 23:26:02,271 [INFO] IPUIPlugin:80 - create IPUIPlugin
2026-04-14 23:26:02,272 [INFO] IPUIPlugin:80 - create IPUIPlugin
2026-04-14 23:26:02,273 [INFO] IPUIPlugin:80 - create IPUIPlugin
2026-04-14 23:26:02,274 [INFO] IPUIPlugin:80 - create IPUIPlugin
2026-04-14 23:26:02,275 [INFO] IPUIPlugin:80 - create IPUIPlugin
2026-04-14 23:26:02,275 [INFO] IPUIPlugin:80 - create IPUIPlugin
2026-04-14 23:26:02,275 [INFO] IPUIPlugin:80 - create IPUIPlugin
2026-04-14 23:26:02,275 [INFO] IPUIPlugin:80 - create IPUIPlugin
2026-04-14 23:26:02,276 [INFO] IPUIPlugin:80 - create IPUIPlugin
2026-04-14 23:26:02,276 [INFO] IPUIPlugin:80 - create IPUIPlugin
2026-04-14 23:26:02,276 [INFO] IPUIPlugin:80 - create IPUIPlugin
2026-04-14 23:26:02,276 [INFO] IPUIPlugin:80 - create IPUIPlugin
2026-04-14 23:26:02,276 [INFO] IPUIPlugin:80 - create IPUIPlugin
2026-04-14 23:26:02,276 [INFO] IPUIPlugin:80 - create IPUIPlugin
2026-04-14 23:26:02,276 [INFO] IPUIPlugin:80 - create IPUIPlugin
2026-04-14 23:26:02,276 [INFO] IPUIPlugin:80 - create IPUIPlugin
2026-04-14 23:26:02,277 [INFO] IPUIPlugin:80 - create IPUIPlugin
2026-04-14 23:26:02,277 [INFO] IPUIPlugin:80 - create IPUIPlugin
2026-04-14 23:26:02,277 [INFO] IPUIPlugin:80 - create IPUIPlugin
2026-04-14 23:26:02,277 [INFO] IPUIPlugin:80 - create IPUIPlugin
2026-04-14 23:26:02,277 [INFO] IPUIPlugin:80 - create IPUIPlugin
2026-04-14 23:26:02,277 [INFO] IPUIPlugin:80 - create IPUIPlugin
2026-04-14 23:26:02,277 [INFO] IPUIPlugin:80 - create IPUIPlugin
2026-04-14 23:26:02,277 [INFO] IPUIPlugin:80 - create IPUIPlugin
2026-04-14 23:26:02,277 [INFO] IPUIPlugin:80 - create IPUIPlugin
2026-04-14 23:26:02,277 [INFO] IPUIPlugin:80 - create IPUIPlugin
2026-04-14 23:26:02,277 [INFO] IPUIPlugin:80 - create IPUIPlugin
2026-04-14 23:26:02,277 [INFO] IPUIPlugin:80 - create IPUIPlugin
2026-04-14 23:26:02,277 [INFO] IPUIPlugin:80 - create IPUIPlugin
2026-04-14 23:26:02,277 [INFO] IPUIPlugin:80 - create IPUIPlugin
2026-04-14 23:26:02,277 [INFO] IPUIPlugin:80 - create IPUIPlugin
2026-04-14 23:26:02,277 [INFO] IPUIPlugin:80 - create IPUIPlugin
2026-04-14 23:26:02,277 [INFO] IPUIPlugin:80 - create IPUIPlugin
2026-04-14 23:26:02,278 [INFO] IPUIPlugin:80 - create IPUIPlugin
2026-04-14 23:26:02,278 [INFO] IPUIPlugin:80 - create IPUIPlugin
2026-04-14 23:26:02,278 [INFO] IPUIPlugin:80 - create IPUIPlugin
2026-04-14 23:26:02,278 [INFO] IPUIPlugin:80 - create IPUIPlugin
2026-04-14 23:26:02,278 [INFO] IPUIPlugin:80 - create IPUIPlugin
2026-04-14 23:26:02,278 [INFO] IPUIPlugin:80 - create IPUIPlugin
2026-04-14 23:26:02,278 [INFO] IPUIPlugin:80 - create IPUIPlugin
2026-04-14 23:26:02,279 [INFO] IPUIPlugin:80 - create IPUIPlugin
2026-04-14 23:26:02,279 [INFO] IPUIPlugin:80 - create IPUIPlugin
2026-04-14 23:26:02,292 [INFO] ApiDbMcu:532 - Load IP Config File for PDM2PCM
2026-04-14 23:26:02,356 [INFO] CADModel:165 - CPN selected for project levelSTM32F446RET6
2026-04-14 23:26:02,357 [INFO] CADModel:114 - Register for checkConnection events
2026-04-14 23:26:02,403 [INFO] OpenFileManager:386 - Restore cursor
2026-04-14 23:26:54,097 [INFO] McuFinderGlobals:76 - Set McuFinderConnectedMode to false
2026-04-14 23:26:54,109 [INFO] MultiScanPanel:200 - Auto-refresh data requested => check proxy status ongoing
2026-04-14 23:26:54,111 [INFO] MultiScanPanel:204 - Proxy status is invalid
2026-04-14 23:26:54,113 [INFO] FinderPluginLoader:96 - Searching for filters in installed packs
2026-04-14 23:26:55,362 [WARN] DetailPanel:346 - Failed to get advertising image, set to default
2026-04-14 23:28:04,302 [INFO] MainUpdater:2872 - connection check result : 22
2026-04-14 23:28:04,880 [INFO] MicroXplorer:468 - Change Database Path : 
2026-04-14 23:28:04,884 [INFO] MicroXplorer:498 - Change Database Version : DB.6.0.150
2026-04-14 23:28:04,945 [ERROR] ProjectManagerView:395 - 
java.lang.NullPointerException: Cannot invoke "javax.swing.JTextField.getText()" because the return value of "java.util.List.get(int)" is null
	at com.st.microxplorer.plugins.projectmanager.gui.ProjectChoiceTab$9.caretUpdate(ProjectChoiceTab.java:2706) ~[filemanager.jar:?]
	at javax.swing.text.JTextComponent.fireCaretUpdate(JTextComponent.java:408) ~[?:?]
	at javax.swing.text.JTextComponent$MutableCaretEvent.fire(JTextComponent.java:4484) ~[?:?]
	at javax.swing.text.JTextComponent$MutableCaretEvent.stateChanged(JTextComponent.java:4506) ~[?:?]
	at javax.swing.text.DefaultCaret.fireStateChanged(DefaultCaret.java:857) ~[?:?]
	at javax.swing.text.DefaultCaret.changeCaretPosition(DefaultCaret.java:1343) ~[?:?]
	at javax.swing.text.DefaultCaret.handleSetDot(DefaultCaret.java:1242) ~[?:?]
	at javax.swing.text.DefaultCaret.setDot(DefaultCaret.java:1223) ~[?:?]
	at javax.swing.text.DefaultCaret$Handler.insertUpdate(DefaultCaret.java:1819) ~[?:?]
	at javax.swing.text.AbstractDocument.fireInsertUpdate(AbstractDocument.java:227) ~[?:?]
	at javax.swing.text.AbstractDocument.handleInsertString(AbstractDocument.java:781) ~[?:?]
	at javax.swing.text.AbstractDocument.insertString(AbstractDocument.java:740) ~[?:?]
	at javax.swing.text.PlainDocument.insertString(PlainDocument.java:131) ~[?:?]
	at javax.swing.text.AbstractDocument.replace(AbstractDocument.java:699) ~[?:?]
	at javax.swing.text.JTextComponent.setText(JTextComponent.java:1725) ~[?:?]
	at com.st.microxplorer.plugins.projectmanager.gui.ProjectChoiceTab.createHeapStackFields(ProjectChoiceTab.java:993) ~[filemanager.jar:?]
	at com.st.microxplorer.plugins.projectmanager.gui.ProjectChoiceTab.buildLinkSettingsPanel(ProjectChoiceTab.java:3813) ~[filemanager.jar:?]
	at com.st.microxplorer.plugins.projectmanager.gui.ProjectChoiceTab.defineWindowsFields(ProjectChoiceTab.java:1987) ~[filemanager.jar:?]
	at com.st.microxplorer.plugins.projectmanager.gui.ProjectChoiceTab.updateSettings(ProjectChoiceTab.java:558) ~[filemanager.jar:?]
	at com.st.microxplorer.plugins.projectmanager.gui.ProjectSettingsPanel.UpdateDialog(ProjectSettingsPanel.java:247) ~[filemanager.jar:?]
	at com.st.microxplorer.plugins.projectmanager.ProjectManagerView.propertyChange(ProjectManagerView.java:392) ~[filemanager.jar:?]
	at java.beans.PropertyChangeSupport.fire(PropertyChangeSupport.java:343) ~[?:?]
	at java.beans.PropertyChangeSupport.firePropertyChange(PropertyChangeSupport.java:335) ~[?:?]
	at java.beans.PropertyChangeSupport.firePropertyChange(PropertyChangeSupport.java:268) ~[?:?]
	at com.st.microxplorer.util.MXPropertyChangeSupport.firePropertyChange(MXPropertyChangeSupport.java:54) ~[STM32CubeMX.jar:?]
	at com.st.microxplorer.mxsystem.MxSystem.closeConfig(MxSystem.java:899) ~[STM32CubeMX.jar:?]
	at com.st.microxplorer.maingui.MainPanel.closeConfig(MainPanel.java:792) ~[STM32CubeMX.jar:?]
	at com.st.microxplorer.plugins.filemanager.engine.OpenFileManager.loadConfigurationFile(OpenFileManager.java:288) ~[filemanager.jar:?]
	at com.st.microxplorer.plugins.filemanager.engine.MainFileManager.userLoadConfig(MainFileManager.java:364) ~[filemanager.jar:?]
	at com.st.microxplorer.plugins.filemanager.engine.MainFileManager.userLoadConfig(MainFileManager.java:342) ~[filemanager.jar:?]
	at com.st.microxplorer.plugins.filemanager.FileManagerView.getSpecificTask(FileManagerView.java:264) ~[filemanager.jar:?]
	at com.st.stm32cube.common.mx.editor.CubeMxEditor.getMxTabbedPaneInstance(CubeMxEditor.java:1198) ~[com.st.stm32cube.common.mx_6.15.0.202507011659/:?]
	at com.st.stm32cube.common.mx.editor.CubeMxEditor$12$1.createSwingComponent(CubeMxEditor.java:1068) ~[com.st.stm32cube.common.mx_6.15.0.202507011659/:?]
	at com.st.stm32cube.common.mx.oss.core.awtswtbridge.EmbeddedSwingComposite.doComponentCreation(EmbeddedSwingComposite.java:492) ~[com.st.stm32cube.common.mx.oss_6.15.0.202507011659/:?]
	at com.st.stm32cube.common.mx.oss.core.awtswtbridge.EmbeddedSwingComposite$4.run(EmbeddedSwingComposite.java:291) ~[com.st.stm32cube.common.mx.oss_6.15.0.202507011659/:?]
	at com.st.stm32cube.common.mx.oss.core.awtswtbridge.AwtEnvironment$2.run(AwtEnvironment.java:166) ~[com.st.stm32cube.common.mx.oss_6.15.0.202507011659/:?]
	at java.awt.event.InvocationEvent.dispatch(InvocationEvent.java:318) ~[?:?]
	at java.awt.EventQueue.dispatchEventImpl(EventQueue.java:773) ~[?:?]
	at java.awt.EventQueue$4.run(EventQueue.java:720) ~[?:?]
	at java.awt.EventQueue$4.run(EventQueue.java:714) ~[?:?]
	at java.security.AccessController.doPrivileged(AccessController.java:400) ~[?:?]
	at java.security.ProtectionDomain$JavaSecurityAccessImpl.doIntersectionPrivilege(ProtectionDomain.java:87) ~[?:?]
	at java.awt.EventQueue.dispatchEvent(EventQueue.java:742) ~[?:?]
	at java.awt.EventDispatchThread.pumpOneEventForFilters(EventDispatchThread.java:203) ~[?:?]
	at java.awt.EventDispatchThread.pumpEventsForFilter(EventDispatchThread.java:124) ~[?:?]
	at java.awt.EventDispatchThread.pumpEventsForHierarchy(EventDispatchThread.java:113) ~[?:?]
	at java.awt.EventDispatchThread.pumpEvents(EventDispatchThread.java:109) ~[?:?]
	at java.awt.EventDispatchThread.pumpEvents(EventDispatchThread.java:101) ~[?:?]
	at java.awt.EventDispatchThread.run(EventDispatchThread.java:90) ~[?:?]
2026-04-14 23:28:04,948 [WARN] ThirdParty:871 - waiting for thirdparty lock release [close project]
2026-04-14 23:28:04,949 [INFO] ThirdParty:873 - entering critical section [close project]
2026-04-14 23:28:04,949 [INFO] ThirdParty:883 - exiting critical section [close project]
2026-04-14 23:28:04,951 [INFO] PinOutPanel:1589 - setPackage(No Configuration,No Configuration)
2026-04-14 23:28:04,973 [WARN] IpParametersView:155 - Warning: This peripheral hasn't parameters
2026-04-14 23:28:04,992 [WARN] MainPanel:289 - <html><b><center>Warning: This peripheral has no parameters to be configured<br></b></html>
2026-04-14 23:28:04,997 [INFO] UtilMem:75 - Begin LoadConfig() Used Memory: 723630416 Bytes (867172352)
2026-04-14 23:28:05,000 [INFO] MicroXplorer:468 - Change Database Path : 
2026-04-14 23:28:05,001 [INFO] MicroXplorer:498 - Change Database Version : DB.6.0.150
2026-04-14 23:28:05,001 [INFO] OpenFileManager:355 - Change cursor
2026-04-14 23:28:05,024 [INFO] Mcu:2029 - Initializing MCU STM32F446RETx STM32F446RETx STM32F446RET6
2026-04-14 23:28:05,796 [INFO] Context:786 - Trying to add GPIOservice into a context  which must be forbidden
2026-04-14 23:28:06,530 [INFO] ImportTextPane:234 - (OptionalMessage_ERROR) Unable to find key (Mcu.ThirdPartyNb) in loaded IOC file
2026-04-14 23:28:06,539 [INFO] ImportTextPane:234 - (OptionalMessage_ERROR) Unable to find key (Mcu.PinsNb) in loaded IOC file
2026-04-14 23:28:06,543 [INFO] ImportTextPane:234 - (OptionalMessage_ERROR) Pin0 (VP_RIF_VS_RIF1) cannot be retrieved for this MCU
2026-04-14 23:28:06,544 [INFO] ImportTextPane:234 - (OptionalMessage_ERROR) Unable to find key (Mcu.IPNb) in loaded IOC file
2026-04-14 23:28:06,580 [INFO] RtosManager:558 - Registered RTOS mode: class=CMSIS, group=RTOS, mode=CMSIS_V1, owner=FREERTOS
2026-04-14 23:28:06,580 [INFO] RtosManager:558 - Registered RTOS mode: class=CMSIS, group=RTOS2, mode=CMSIS_V2, owner=FREERTOS
2026-04-14 23:28:06,580 [INFO] RtosManager:558 - Registered RTOS mode: class=RTOS, group=Core, mode=CMSIS_V1, owner=FREERTOS
2026-04-14 23:28:06,580 [INFO] RtosManager:558 - Registered RTOS mode: class=RTOS, group=Core, mode=CMSIS_V2, owner=FREERTOS
2026-04-14 23:28:06,580 [WARN] ModelIntegratedComponent:184 - Missing modes for component STMicroelectronics:FreeRTOS:0.0.1:STMicroelectronics:RTOS:FreeRTOS:Core:::10.2.0:
2026-04-14 23:28:06,583 [WARN] ModelIntegratedComponent:63 - No mode defined for component null
2026-04-14 23:28:06,583 [WARN] ModelIntegratedComponent:63 - No mode defined for component null
2026-04-14 23:28:06,584 [WARN] ModelIntegratedComponent:63 - No mode defined for component null
2026-04-14 23:28:06,584 [WARN] ModelIntegratedComponent:63 - No mode defined for component null
2026-04-14 23:28:06,584 [WARN] ModelIntegratedComponent:63 - No mode defined for component null
2026-04-14 23:28:06,584 [WARN] ModelIntegratedComponent:63 - No mode defined for component null
2026-04-14 23:28:06,584 [WARN] ModelIntegratedComponent:63 - No mode defined for component null
2026-04-14 23:28:06,584 [WARN] ModelIntegratedComponent:63 - No mode defined for component null
2026-04-14 23:28:06,584 [WARN] ModelIntegratedComponent:63 - No mode defined for component null
2026-04-14 23:28:06,584 [WARN] ModelIntegratedComponent:63 - No mode defined for component null
2026-04-14 23:28:06,584 [WARN] ModelIntegratedComponent:63 - No mode defined for component null
2026-04-14 23:28:06,584 [WARN] ModelIntegratedComponent:63 - No mode defined for component null
2026-04-14 23:28:06,584 [WARN] ModelIntegratedComponent:63 - No mode defined for component null
2026-04-14 23:28:06,584 [WARN] ModelIntegratedComponent:63 - No mode defined for component null
2026-04-14 23:28:06,584 [WARN] ModelIntegratedComponent:63 - No mode defined for component null
2026-04-14 23:28:06,584 [WARN] ModelIntegratedComponent:63 - No mode defined for component null
2026-04-14 23:28:06,584 [WARN] ModelIntegratedComponent:63 - No mode defined for component null
2026-04-14 23:28:06,584 [WARN] ModelIntegratedComponent:63 - No mode defined for component null
2026-04-14 23:28:06,584 [WARN] ModelIntegratedComponent:63 - No mode defined for component null
2026-04-14 23:28:06,584 [WARN] ModelIntegratedComponent:63 - No mode defined for component null
2026-04-14 23:28:06,584 [WARN] ModelIntegratedComponent:63 - No mode defined for component null
2026-04-14 23:28:06,584 [WARN] ModelIntegratedComponent:63 - No mode defined for component null
2026-04-14 23:28:06,584 [WARN] ModelIntegratedComponent:63 - No mode defined for component null
2026-04-14 23:28:06,584 [WARN] ModelIntegratedComponent:63 - No mode defined for component null
2026-04-14 23:28:06,584 [WARN] ModelIntegratedComponent:63 - No mode defined for component null
2026-04-14 23:28:06,584 [WARN] ModelIntegratedComponent:63 - No mode defined for component null
2026-04-14 23:28:06,584 [WARN] ModelIntegratedComponent:63 - No mode defined for component null
2026-04-14 23:28:06,585 [WARN] ModelIntegratedComponent:63 - No mode defined for component null
2026-04-14 23:28:06,585 [WARN] ModelIntegratedComponent:63 - No mode defined for component null
2026-04-14 23:28:06,585 [WARN] ModelIntegratedComponent:63 - No mode defined for component null
2026-04-14 23:28:06,585 [WARN] ModelIntegratedComponent:63 - No mode defined for component null
2026-04-14 23:28:06,585 [WARN] ModelIntegratedComponent:63 - No mode defined for component null
2026-04-14 23:28:06,585 [WARN] ModelIntegratedComponent:63 - No mode defined for component null
2026-04-14 23:28:06,585 [WARN] ModelIntegratedComponent:63 - No mode defined for component null
2026-04-14 23:28:06,585 [WARN] ModelIntegratedComponent:63 - No mode defined for component null
2026-04-14 23:28:06,585 [WARN] ModelPack:524 - Component already loaded: STMicroelectronics:HAL Drivers:0.0.0:STMicroelectronics:Device:STMicro_Driver:XSPI:HAL::0.0.1:HAL_XSPI
2026-04-14 23:28:06,594 [INFO] ThirdPartyModel:298 - Start build external matchings
2026-04-14 23:28:06,596 [INFO] ThirdPartyModel:316 - End build external matchings
2026-04-14 23:28:06,789 [INFO] UtilMem:75 - End LoadConfig() Used Memory: 343904304 Bytes (867172352)
2026-04-14 23:28:07,155 [WARN] ThirdParty:833 - waiting for thirdparty lock release [change project]
2026-04-14 23:28:07,160 [INFO] ThirdParty:835 - entering critical section [change project]
2026-04-14 23:28:07,160 [INFO] ThirdParty:1030 - CMSIS Pack Vendor :STMicroelectronics USBPD 4.1
2026-04-14 23:28:07,160 [INFO] ThirdParty:1030 - CMSIS Pack Vendor :STMicroelectronics ThreadX 1.0.0
2026-04-14 23:28:07,160 [INFO] ThirdParty:1030 - CMSIS Pack Vendor :STMicroelectronics USB_HOST 2.0.0
2026-04-14 23:28:07,160 [INFO] ThirdParty:1030 - CMSIS Pack Vendor :STMicroelectronics LIBJPEG 8.0.0
2026-04-14 23:28:07,160 [INFO] ThirdParty:1030 - CMSIS Pack Vendor :STMicroelectronics FreeRTOS 0.0.1
2026-04-14 23:28:07,160 [INFO] ThirdParty:1030 - CMSIS Pack Vendor :STMicroelectronics USB_DEVICE 1.0.0
2026-04-14 23:28:07,160 [INFO] ThirdParty:1030 - CMSIS Pack Vendor :STMicroelectronics STM32_WPAN 1.0.0
2026-04-14 23:28:07,160 [INFO] ThirdParty:1030 - CMSIS Pack Vendor :STMicroelectronics USB_DEVICE 3.0.0
2026-04-14 23:28:07,160 [INFO] ThirdParty:1030 - CMSIS Pack Vendor :STMicroelectronics HAL Drivers 0.0.0
2026-04-14 23:28:07,160 [INFO] ThirdParty:1030 - CMSIS Pack Vendor :STMicroelectronics MBEDTLS 2.16.2
2026-04-14 23:28:07,160 [INFO] ThirdParty:1030 - CMSIS Pack Vendor :STMicroelectronics ThreadX 0.0.2
2026-04-14 23:28:07,160 [INFO] ThirdParty:1030 - CMSIS Pack Vendor :STMicroelectronics lwIP 2.0.3
2026-04-14 23:28:07,160 [INFO] ThirdParty:1030 - CMSIS Pack Vendor :STMicroelectronics lwIP 2.1.2
2026-04-14 23:28:07,160 [INFO] ThirdParty:1030 - CMSIS Pack Vendor :STMicroelectronics MBEDTLS 2.14.1
2026-04-14 23:28:07,160 [INFO] ThirdParty:1030 - CMSIS Pack Vendor :STMicroelectronics USB_HOST 1.0.0
2026-04-14 23:28:07,160 [INFO] ThirdParty:1030 - CMSIS Pack Vendor :STMicroelectronics PDM2PCM 3.1.0
2026-04-14 23:28:07,160 [INFO] ThirdParty:1030 - CMSIS Pack Vendor :STMicroelectronics USB_DEVICE 2.0.0
2026-04-14 23:28:07,160 [INFO] ThirdParty:1030 - CMSIS Pack Vendor :STMicroelectronics PDM2PCM 3.2.0
2026-04-14 23:28:07,160 [INFO] ThirdParty:1030 - CMSIS Pack Vendor :STMicroelectronics PDM2PCM 3.3.0
2026-04-14 23:28:07,160 [INFO] ThirdParty:841 - exiting critical section [change project]
2026-04-14 23:28:07,632 [INFO] PinOutPanel:1589 - setPackage(No Configuration,No Configuration)
2026-04-14 23:28:07,634 [INFO] PinOutPanel:1589 - setPackage(STM32F446RETx,LQFP64)
2026-04-14 23:28:07,914 [INFO] UtilMem:75 - Before build in PCC Used Memory: 560956880 Bytes (867172352)
2026-04-14 23:28:08,143 [INFO] UtilMem:75 - After build in PCC Used Memory: 610246112 Bytes (867172352)
2026-04-14 23:28:08,171 [INFO] IPUIPlugin:80 - create IPUIPlugin
2026-04-14 23:28:08,172 [INFO] IPUIPlugin:80 - create IPUIPlugin
2026-04-14 23:28:08,172 [INFO] IPUIPlugin:80 - create IPUIPlugin
2026-04-14 23:28:08,172 [INFO] IPUIPlugin:80 - create IPUIPlugin
2026-04-14 23:28:08,172 [INFO] IPUIPlugin:80 - create IPUIPlugin
2026-04-14 23:28:08,172 [INFO] IPUIPlugin:80 - create IPUIPlugin
2026-04-14 23:28:08,172 [INFO] IPUIPlugin:80 - create IPUIPlugin
2026-04-14 23:28:08,172 [INFO] IPUIPlugin:80 - create IPUIPlugin
2026-04-14 23:28:08,172 [INFO] IPUIPlugin:80 - create IPUIPlugin
2026-04-14 23:28:08,172 [INFO] IPUIPlugin:80 - create IPUIPlugin
2026-04-14 23:28:08,172 [INFO] IPUIPlugin:80 - create IPUIPlugin
2026-04-14 23:28:08,173 [INFO] IPUIPlugin:80 - create IPUIPlugin
2026-04-14 23:28:08,173 [INFO] IPUIPlugin:80 - create IPUIPlugin
2026-04-14 23:28:08,173 [INFO] IPUIPlugin:80 - create IPUIPlugin
2026-04-14 23:28:08,173 [INFO] IPUIPlugin:80 - create IPUIPlugin
2026-04-14 23:28:08,173 [INFO] IPUIPlugin:80 - create IPUIPlugin
2026-04-14 23:28:08,173 [INFO] IPUIPlugin:80 - create IPUIPlugin
2026-04-14 23:28:08,173 [INFO] IPUIPlugin:80 - create IPUIPlugin
2026-04-14 23:28:08,173 [INFO] IPUIPlugin:80 - create IPUIPlugin
2026-04-14 23:28:08,173 [INFO] IPUIPlugin:80 - create IPUIPlugin
2026-04-14 23:28:08,173 [INFO] IPUIPlugin:80 - create IPUIPlugin
2026-04-14 23:28:08,173 [INFO] IPUIPlugin:80 - create IPUIPlugin
2026-04-14 23:28:08,174 [INFO] IPUIPlugin:80 - create IPUIPlugin
2026-04-14 23:28:08,174 [INFO] IPUIPlugin:80 - create IPUIPlugin
2026-04-14 23:28:08,174 [INFO] IPUIPlugin:80 - create IPUIPlugin
2026-04-14 23:28:08,174 [INFO] IPUIPlugin:80 - create IPUIPlugin
2026-04-14 23:28:08,174 [INFO] IPUIPlugin:80 - create IPUIPlugin
2026-04-14 23:28:08,174 [INFO] IPUIPlugin:80 - create IPUIPlugin
2026-04-14 23:28:08,174 [INFO] IPUIPlugin:80 - create IPUIPlugin
2026-04-14 23:28:08,174 [INFO] IPUIPlugin:80 - create IPUIPlugin
2026-04-14 23:28:08,174 [INFO] IPUIPlugin:80 - create IPUIPlugin
2026-04-14 23:28:08,174 [INFO] IPUIPlugin:80 - create IPUIPlugin
2026-04-14 23:28:08,174 [INFO] IPUIPlugin:80 - create IPUIPlugin
2026-04-14 23:28:08,175 [INFO] IPUIPlugin:80 - create IPUIPlugin
2026-04-14 23:28:08,175 [INFO] IPUIPlugin:80 - create IPUIPlugin
2026-04-14 23:28:08,175 [INFO] IPUIPlugin:80 - create IPUIPlugin
2026-04-14 23:28:08,177 [INFO] IPUIPlugin:80 - create IPUIPlugin
2026-04-14 23:28:08,179 [INFO] IPUIPlugin:80 - create IPUIPlugin
2026-04-14 23:28:08,179 [INFO] IPUIPlugin:80 - create IPUIPlugin
2026-04-14 23:28:08,179 [INFO] IPUIPlugin:80 - create IPUIPlugin
2026-04-14 23:28:08,179 [INFO] IPUIPlugin:80 - create IPUIPlugin
2026-04-14 23:28:08,179 [INFO] IPUIPlugin:80 - create IPUIPlugin
2026-04-14 23:28:08,179 [INFO] IPUIPlugin:80 - create IPUIPlugin
2026-04-14 23:28:08,179 [INFO] IPUIPlugin:80 - create IPUIPlugin
2026-04-14 23:28:08,179 [INFO] IPUIPlugin:80 - create IPUIPlugin
2026-04-14 23:28:08,179 [INFO] IPUIPlugin:80 - create IPUIPlugin
2026-04-14 23:28:08,179 [INFO] IPUIPlugin:80 - create IPUIPlugin
2026-04-14 23:28:08,179 [INFO] IPUIPlugin:80 - create IPUIPlugin
2026-04-14 23:28:08,180 [INFO] IPUIPlugin:80 - create IPUIPlugin
2026-04-14 23:28:08,180 [INFO] IPUIPlugin:80 - create IPUIPlugin
2026-04-14 23:28:08,180 [INFO] IPUIPlugin:80 - create IPUIPlugin
2026-04-14 23:28:08,180 [INFO] IPUIPlugin:80 - create IPUIPlugin
2026-04-14 23:28:08,180 [INFO] IPUIPlugin:80 - create IPUIPlugin
2026-04-14 23:28:08,180 [INFO] IPUIPlugin:80 - create IPUIPlugin
2026-04-14 23:28:08,180 [INFO] IPUIPlugin:80 - create IPUIPlugin
2026-04-14 23:28:08,180 [INFO] IPUIPlugin:80 - create IPUIPlugin
2026-04-14 23:28:08,181 [INFO] IPUIPlugin:80 - create IPUIPlugin
2026-04-14 23:28:08,181 [INFO] IPUIPlugin:80 - create IPUIPlugin
2026-04-14 23:28:08,181 [INFO] IPUIPlugin:80 - create IPUIPlugin
2026-04-14 23:28:08,181 [INFO] IPUIPlugin:80 - create IPUIPlugin
2026-04-14 23:28:08,197 [INFO] ApiDbMcu:532 - Load IP Config File for PDM2PCM
2026-04-14 23:28:08,239 [INFO] CADModel:165 - CPN selected for project levelSTM32F446RET6
2026-04-14 23:28:08,239 [INFO] CADModel:114 - Register for checkConnection events
2026-04-14 23:28:08,281 [INFO] OpenFileManager:386 - Restore cursor
2026-04-14 23:28:08,925 [INFO] UtilMem:75 - End SaveConfig() Used Memory: 742360528 Bytes (867172352)
2026-04-14 23:28:08,985 [INFO] UtilMem:75 - End SaveConfig() Used Memory: 764902864 Bytes (867172352)
2026-04-14 23:28:09,061 [ERROR] ConfigurationRetriever:142 - IOException on connection: PKIX path building failed: sun.security.provider.certpath.SunCertPathBuilderException: unable to find valid certification path to requested target
2026-04-14 23:28:09,122 [ERROR] ConfigurationRetriever:142 - IOException on connection: PKIX path building failed: sun.security.provider.certpath.SunCertPathBuilderException: unable to find valid certification path to requested target
2026-04-14 23:28:09,136 [INFO] BlockDiagram:2775 - set Specific Code input for plugin: RCC
2026-04-14 23:28:09,136 [INFO] BlockDiagram:2775 - set Specific Code input for plugin: NVIC
2026-04-14 23:28:09,137 [INFO] CodeGenerator:892 - code generatio: config db path: /Applications/STM32CubeIDE.app/Contents/Eclipse/plugins/com.st.stm32cube.common.mx_6.15.0.202507011659//db/
2026-04-14 23:28:09,174 [ERROR] ConfigurationRetriever:142 - IOException on connection: PKIX path building failed: sun.security.provider.certpath.SunCertPathBuilderException: unable to find valid certification path to requested target
2026-04-14 23:28:09,537 [INFO] CodeEngine:265 - oldGeneratedFile, /Users/ggpai/Desktop/DMA/workspace/LED_TOGGLE_DMA/MXTmpFiles/license.tmp_save
2026-04-14 23:28:09,954 [INFO] CodeEngine:289 - Generated code: /Users/ggpai/Desktop/DMA/workspace/LED_TOGGLE_DMA/MXTmpFiles/license.tmp
2026-04-14 23:28:09,975 [INFO] CodeEngine:265 - oldGeneratedFile, /Users/ggpai/Desktop/DMA/workspace/LED_TOGGLE_DMA/Core/Src/stm32f4xx_it.c_save
2026-04-14 23:28:10,200 [INFO] CodeEngine:289 - Generated code: /Users/ggpai/Desktop/DMA/workspace/LED_TOGGLE_DMA/Core/Src/stm32f4xx_it.c
2026-04-14 23:28:10,205 [INFO] CodeEngine:265 - oldGeneratedFile, /Users/ggpai/Desktop/DMA/workspace/LED_TOGGLE_DMA/Core/Inc/stm32f4xx_it.h_save
2026-04-14 23:28:10,307 [INFO] CodeEngine:289 - Generated code: /Users/ggpai/Desktop/DMA/workspace/LED_TOGGLE_DMA/Core/Inc/stm32f4xx_it.h
2026-04-14 23:28:10,452 [INFO] CodeEngine:265 - oldGeneratedFile, /Users/ggpai/Desktop/DMA/workspace/LED_TOGGLE_DMA/Core/Src/stm32f4xx_hal_msp.c_save
2026-04-14 23:28:10,640 [INFO] CodeEngine:289 - Generated code: /Users/ggpai/Desktop/DMA/workspace/LED_TOGGLE_DMA/Core/Src/stm32f4xx_hal_msp.c
2026-04-14 23:28:10,644 [INFO] CodeEngine:265 - oldGeneratedFile, /Users/ggpai/Desktop/DMA/workspace/LED_TOGGLE_DMA/MXTmpFiles/system.tmp_save
2026-04-14 23:28:10,701 [INFO] CodeEngine:289 - Generated code: /Users/ggpai/Desktop/DMA/workspace/LED_TOGGLE_DMA/MXTmpFiles/system.tmp
2026-04-14 23:28:10,712 [INFO] CodeEngine:321 - oldGeneratedFile, /Users/ggpai/Desktop/DMA/workspace/LED_TOGGLE_DMA/Core/Inc/stm32f4xx_hal_conf.h_save
2026-04-14 23:28:10,773 [INFO] CodeEngine:345 - Generated code: /Users/ggpai/Desktop/DMA/workspace/LED_TOGGLE_DMA/Core/Inc/stm32f4xx_hal_conf.h
2026-04-14 23:28:10,816 [WARN] IPConfigManager:3238 - Warning: the RefConfig PLL2P_FOR_MCO is not available in your config.xml file
2026-04-14 23:28:10,825 [INFO] ApiDbMcu:532 - Load IP Config File for RCC
2026-04-14 23:28:10,832 [INFO] CodeEngine:265 - oldGeneratedFile, /Users/ggpai/Desktop/DMA/workspace/LED_TOGGLE_DMA/Core/Inc/main.h_save
2026-04-14 23:28:10,956 [INFO] CodeEngine:289 - Generated code: /Users/ggpai/Desktop/DMA/workspace/LED_TOGGLE_DMA/Core/Inc/main.h
2026-04-14 23:28:10,960 [INFO] CodeEngine:265 - oldGeneratedFile, /Users/ggpai/Desktop/DMA/workspace/LED_TOGGLE_DMA/Core/Src/main.c_save
2026-04-14 23:28:11,076 [INFO] CodeEngine:289 - Generated code: /Users/ggpai/Desktop/DMA/workspace/LED_TOGGLE_DMA/Core/Src/main.c
2026-04-14 23:28:11,380 [INFO] ProjectBuilder:3606 - Time for Copy HAL[1] : 99mS.
2026-04-14 23:28:11,387 [INFO] ProjectBuilder:5216 - Project Generator version: 4.7.0-B52
2026-04-14 23:28:11,463 [INFO] ConfigFileManager:1595 - The Die is : DIE421
2026-04-14 23:28:11,467 [INFO] ApiDbMcu:532 - Load IP Config File for FATFS
2026-04-14 23:28:11,474 [INFO] ApiDbMcu:532 - Load IP Config File for FREERTOS
2026-04-14 23:28:11,476 [INFO] ApiDbMcu:532 - Load IP Config File for LIBJPEG
2026-04-14 23:28:11,481 [INFO] ApiDbMcu:532 - Load IP Config File for MBEDTLS
2026-04-14 23:28:11,489 [INFO] ApiDbMcu:532 - Load IP Config File for USB_DEVICE
2026-04-14 23:28:11,497 [INFO] ApiDbMcu:532 - Load IP Config File for USB_HOST
2026-04-14 23:28:14,532 [INFO] ProjectBuilder:5496 - Time for Generating toolchain IDE Files: 3145mS.
2026-04-14 23:28:14,535 [INFO] ProjectBuilder:3463 - Time for Copy CMSIS : 0mS.
2026-04-14 23:28:14,537 [INFO] ProjectBuilder:3463 - Time for Copy CMSIS : 0mS.
2026-04-14 23:28:15,386 [ERROR] ConfigurationRetriever:142 - IOException on connection: PKIX path building failed: sun.security.provider.certpath.SunCertPathBuilderException: unable to find valid certification path to requested target
2026-04-14 23:28:15,438 [ERROR] ConfigurationRetriever:142 - IOException on connection: PKIX path building failed: sun.security.provider.certpath.SunCertPathBuilderException: unable to find valid certification path to requested target
2026-04-14 23:28:15,488 [ERROR] ConfigurationRetriever:142 - IOException on connection: PKIX path building failed: sun.security.provider.certpath.SunCertPathBuilderException: unable to find valid certification path to requested target
2026-04-14 23:28:15,545 [INFO] McuFinderGlobals:76 - Set McuFinderConnectedMode to true
2026-04-14 23:28:15,554 [INFO] ApiDb:448 - Save user favorites file /Users/ggpai/.stm32cubeide/favorites.mcus.txt: 0 item(s)
2026-04-14 23:28:15,555 [INFO] ApiDb:452 - User favorites MCUs=[]
2026-04-14 23:28:41,465 [INFO] MainUpdater:2872 - connection check result : 22
2026-04-14 23:28:41,655 [INFO] MicroXplorer:468 - Change Database Path : 
2026-04-14 23:28:41,657 [INFO] MicroXplorer:498 - Change Database Version : DB.6.0.150
2026-04-14 23:28:41,728 [ERROR] ProjectManagerView:395 - 
java.lang.NullPointerException: Cannot invoke "javax.swing.JTextField.getText()" because the return value of "java.util.List.get(int)" is null
	at com.st.microxplorer.plugins.projectmanager.gui.ProjectChoiceTab$9.caretUpdate(ProjectChoiceTab.java:2706) ~[filemanager.jar:?]
	at javax.swing.text.JTextComponent.fireCaretUpdate(JTextComponent.java:408) ~[?:?]
	at javax.swing.text.JTextComponent$MutableCaretEvent.fire(JTextComponent.java:4484) ~[?:?]
	at javax.swing.text.JTextComponent$MutableCaretEvent.stateChanged(JTextComponent.java:4506) ~[?:?]
	at javax.swing.text.DefaultCaret.fireStateChanged(DefaultCaret.java:857) ~[?:?]
	at javax.swing.text.DefaultCaret.changeCaretPosition(DefaultCaret.java:1343) ~[?:?]
	at javax.swing.text.DefaultCaret.handleSetDot(DefaultCaret.java:1242) ~[?:?]
	at javax.swing.text.DefaultCaret.setDot(DefaultCaret.java:1223) ~[?:?]
	at javax.swing.text.DefaultCaret$Handler.insertUpdate(DefaultCaret.java:1819) ~[?:?]
	at javax.swing.text.AbstractDocument.fireInsertUpdate(AbstractDocument.java:227) ~[?:?]
	at javax.swing.text.AbstractDocument.handleInsertString(AbstractDocument.java:781) ~[?:?]
	at javax.swing.text.AbstractDocument.insertString(AbstractDocument.java:740) ~[?:?]
	at javax.swing.text.PlainDocument.insertString(PlainDocument.java:131) ~[?:?]
	at javax.swing.text.AbstractDocument.replace(AbstractDocument.java:699) ~[?:?]
	at javax.swing.text.JTextComponent.setText(JTextComponent.java:1725) ~[?:?]
	at com.st.microxplorer.plugins.projectmanager.gui.ProjectChoiceTab.createHeapStackFields(ProjectChoiceTab.java:993) ~[filemanager.jar:?]
	at com.st.microxplorer.plugins.projectmanager.gui.ProjectChoiceTab.buildLinkSettingsPanel(ProjectChoiceTab.java:3813) ~[filemanager.jar:?]
	at com.st.microxplorer.plugins.projectmanager.gui.ProjectChoiceTab.defineWindowsFields(ProjectChoiceTab.java:1987) ~[filemanager.jar:?]
	at com.st.microxplorer.plugins.projectmanager.gui.ProjectChoiceTab.updateSettings(ProjectChoiceTab.java:558) ~[filemanager.jar:?]
	at com.st.microxplorer.plugins.projectmanager.gui.ProjectSettingsPanel.UpdateDialog(ProjectSettingsPanel.java:247) ~[filemanager.jar:?]
	at com.st.microxplorer.plugins.projectmanager.ProjectManagerView.propertyChange(ProjectManagerView.java:392) ~[filemanager.jar:?]
	at java.beans.PropertyChangeSupport.fire(PropertyChangeSupport.java:343) ~[?:?]
	at java.beans.PropertyChangeSupport.firePropertyChange(PropertyChangeSupport.java:335) ~[?:?]
	at java.beans.PropertyChangeSupport.firePropertyChange(PropertyChangeSupport.java:268) ~[?:?]
	at com.st.microxplorer.util.MXPropertyChangeSupport.firePropertyChange(MXPropertyChangeSupport.java:54) ~[STM32CubeMX.jar:?]
	at com.st.microxplorer.mxsystem.MxSystem.closeConfig(MxSystem.java:899) ~[STM32CubeMX.jar:?]
	at com.st.microxplorer.maingui.MainPanel.closeConfig(MainPanel.java:792) ~[STM32CubeMX.jar:?]
	at com.st.microxplorer.plugins.filemanager.engine.OpenFileManager.loadConfigurationFile(OpenFileManager.java:288) ~[filemanager.jar:?]
	at com.st.microxplorer.plugins.filemanager.engine.MainFileManager.userLoadConfig(MainFileManager.java:364) ~[filemanager.jar:?]
	at com.st.microxplorer.plugins.filemanager.engine.MainFileManager.userLoadConfig(MainFileManager.java:342) ~[filemanager.jar:?]
	at com.st.microxplorer.plugins.filemanager.FileManagerView.getSpecificTask(FileManagerView.java:264) ~[filemanager.jar:?]
	at com.st.stm32cube.common.mx.editor.CubeMxEditor.getMxTabbedPaneInstance(CubeMxEditor.java:1198) ~[com.st.stm32cube.common.mx_6.15.0.202507011659/:?]
	at com.st.stm32cube.common.mx.editor.CubeMxEditor$12$1.createSwingComponent(CubeMxEditor.java:1068) ~[com.st.stm32cube.common.mx_6.15.0.202507011659/:?]
	at com.st.stm32cube.common.mx.oss.core.awtswtbridge.EmbeddedSwingComposite.doComponentCreation(EmbeddedSwingComposite.java:492) ~[com.st.stm32cube.common.mx.oss_6.15.0.202507011659/:?]
	at com.st.stm32cube.common.mx.oss.core.awtswtbridge.EmbeddedSwingComposite$4.run(EmbeddedSwingComposite.java:291) ~[com.st.stm32cube.common.mx.oss_6.15.0.202507011659/:?]
	at com.st.stm32cube.common.mx.oss.core.awtswtbridge.AwtEnvironment$2.run(AwtEnvironment.java:166) ~[com.st.stm32cube.common.mx.oss_6.15.0.202507011659/:?]
	at java.awt.event.InvocationEvent.dispatch(InvocationEvent.java:318) ~[?:?]
	at java.awt.EventQueue.dispatchEventImpl(EventQueue.java:773) ~[?:?]
	at java.awt.EventQueue$4.run(EventQueue.java:720) ~[?:?]
	at java.awt.EventQueue$4.run(EventQueue.java:714) ~[?:?]
	at java.security.AccessController.doPrivileged(AccessController.java:400) ~[?:?]
	at java.security.ProtectionDomain$JavaSecurityAccessImpl.doIntersectionPrivilege(ProtectionDomain.java:87) ~[?:?]
	at java.awt.EventQueue.dispatchEvent(EventQueue.java:742) ~[?:?]
	at java.awt.EventDispatchThread.pumpOneEventForFilters(EventDispatchThread.java:203) ~[?:?]
	at java.awt.EventDispatchThread.pumpEventsForFilter(EventDispatchThread.java:124) ~[?:?]
	at java.awt.EventDispatchThread.pumpEventsForHierarchy(EventDispatchThread.java:113) ~[?:?]
	at java.awt.EventDispatchThread.pumpEvents(EventDispatchThread.java:109) ~[?:?]
	at java.awt.EventDispatchThread.pumpEvents(EventDispatchThread.java:101) ~[?:?]
	at java.awt.EventDispatchThread.run(EventDispatchThread.java:90) ~[?:?]
2026-04-14 23:28:41,731 [WARN] ThirdParty:871 - waiting for thirdparty lock release [close project]
2026-04-14 23:28:41,731 [INFO] ThirdParty:873 - entering critical section [close project]
2026-04-14 23:28:41,731 [INFO] ThirdParty:883 - exiting critical section [close project]
2026-04-14 23:28:41,736 [INFO] PinOutPanel:1589 - setPackage(No Configuration,No Configuration)
2026-04-14 23:28:41,760 [WARN] IpParametersView:155 - Warning: This peripheral hasn't parameters
2026-04-14 23:28:41,774 [WARN] MainPanel:289 - <html><b><center>Warning: This peripheral has no parameters to be configured<br></b></html>
2026-04-14 23:28:41,781 [INFO] UtilMem:75 - Begin LoadConfig() Used Memory: 633084080 Bytes (867172352)
2026-04-14 23:28:41,783 [INFO] MicroXplorer:468 - Change Database Path : 
2026-04-14 23:28:41,783 [INFO] MicroXplorer:498 - Change Database Version : DB.6.0.150
2026-04-14 23:28:41,783 [INFO] OpenFileManager:355 - Change cursor
2026-04-14 23:28:41,814 [INFO] RulesReader:64 - Compatibility file has been processed (317 Rules)
2026-04-14 23:28:41,824 [INFO] Mcu:2029 - Initializing MCU STM32F446R(C-E)Tx STM32F446RETx STM32F446RET6
2026-04-14 23:28:42,903 [INFO] Context:786 - Trying to add GPIOservice into a context  which must be forbidden
2026-04-14 23:28:43,304 [INFO] ImportTextPane:234 - (OptionalMessage_ERROR) Pin12 (VP_RIF_VS_RIF1) cannot be retrieved for this MCU
2026-04-14 23:28:43,348 [INFO] RtosManager:558 - Registered RTOS mode: class=CMSIS, group=RTOS, mode=CMSIS_V1, owner=FREERTOS
2026-04-14 23:28:43,348 [INFO] RtosManager:558 - Registered RTOS mode: class=CMSIS, group=RTOS2, mode=CMSIS_V2, owner=FREERTOS
2026-04-14 23:28:43,348 [INFO] RtosManager:558 - Registered RTOS mode: class=RTOS, group=Core, mode=CMSIS_V1, owner=FREERTOS
2026-04-14 23:28:43,348 [INFO] RtosManager:558 - Registered RTOS mode: class=RTOS, group=Core, mode=CMSIS_V2, owner=FREERTOS
2026-04-14 23:28:43,348 [WARN] ModelIntegratedComponent:184 - Missing modes for component STMicroelectronics:FreeRTOS:0.0.1:STMicroelectronics:RTOS:FreeRTOS:Core:::10.2.0:
2026-04-14 23:28:43,350 [WARN] ModelIntegratedComponent:63 - No mode defined for component null
2026-04-14 23:28:43,350 [WARN] ModelIntegratedComponent:63 - No mode defined for component null
2026-04-14 23:28:43,350 [WARN] ModelIntegratedComponent:63 - No mode defined for component null
2026-04-14 23:28:43,350 [WARN] ModelIntegratedComponent:63 - No mode defined for component null
2026-04-14 23:28:43,350 [WARN] ModelIntegratedComponent:63 - No mode defined for component null
2026-04-14 23:28:43,350 [WARN] ModelIntegratedComponent:63 - No mode defined for component null
2026-04-14 23:28:43,350 [WARN] ModelIntegratedComponent:63 - No mode defined for component null
2026-04-14 23:28:43,350 [WARN] ModelIntegratedComponent:63 - No mode defined for component null
2026-04-14 23:28:43,350 [WARN] ModelIntegratedComponent:63 - No mode defined for component null
2026-04-14 23:28:43,350 [WARN] ModelIntegratedComponent:63 - No mode defined for component null
2026-04-14 23:28:43,350 [WARN] ModelIntegratedComponent:63 - No mode defined for component null
2026-04-14 23:28:43,350 [WARN] ModelIntegratedComponent:63 - No mode defined for component null
2026-04-14 23:28:43,350 [WARN] ModelIntegratedComponent:63 - No mode defined for component null
2026-04-14 23:28:43,350 [WARN] ModelIntegratedComponent:63 - No mode defined for component null
2026-04-14 23:28:43,350 [WARN] ModelIntegratedComponent:63 - No mode defined for component null
2026-04-14 23:28:43,350 [WARN] ModelIntegratedComponent:63 - No mode defined for component null
2026-04-14 23:28:43,350 [WARN] ModelIntegratedComponent:63 - No mode defined for component null
2026-04-14 23:28:43,350 [WARN] ModelIntegratedComponent:63 - No mode defined for component null
2026-04-14 23:28:43,350 [WARN] ModelIntegratedComponent:63 - No mode defined for component null
2026-04-14 23:28:43,350 [WARN] ModelIntegratedComponent:63 - No mode defined for component null
2026-04-14 23:28:43,350 [WARN] ModelIntegratedComponent:63 - No mode defined for component null
2026-04-14 23:28:43,350 [WARN] ModelIntegratedComponent:63 - No mode defined for component null
2026-04-14 23:28:43,350 [WARN] ModelIntegratedComponent:63 - No mode defined for component null
2026-04-14 23:28:43,350 [WARN] ModelIntegratedComponent:63 - No mode defined for component null
2026-04-14 23:28:43,350 [WARN] ModelIntegratedComponent:63 - No mode defined for component null
2026-04-14 23:28:43,350 [WARN] ModelIntegratedComponent:63 - No mode defined for component null
2026-04-14 23:28:43,350 [WARN] ModelIntegratedComponent:63 - No mode defined for component null
2026-04-14 23:28:43,350 [WARN] ModelIntegratedComponent:63 - No mode defined for component null
2026-04-14 23:28:43,350 [WARN] ModelIntegratedComponent:63 - No mode defined for component null
2026-04-14 23:28:43,350 [WARN] ModelIntegratedComponent:63 - No mode defined for component null
2026-04-14 23:28:43,350 [WARN] ModelIntegratedComponent:63 - No mode defined for component null
2026-04-14 23:28:43,350 [WARN] ModelIntegratedComponent:63 - No mode defined for component null
2026-04-14 23:28:43,350 [WARN] ModelIntegratedComponent:63 - No mode defined for component null
2026-04-14 23:28:43,350 [WARN] ModelIntegratedComponent:63 - No mode defined for component null
2026-04-14 23:28:43,350 [WARN] ModelIntegratedComponent:63 - No mode defined for component null
2026-04-14 23:28:43,350 [WARN] ModelPack:524 - Component already loaded: STMicroelectronics:HAL Drivers:0.0.0:STMicroelectronics:Device:STMicro_Driver:XSPI:HAL::0.0.1:HAL_XSPI
2026-04-14 23:28:43,357 [INFO] ThirdPartyModel:298 - Start build external matchings
2026-04-14 23:28:43,359 [INFO] ThirdPartyModel:316 - End build external matchings
2026-04-14 23:28:43,549 [INFO] UtilMem:75 - End LoadConfig() Used Memory: 610382664 Bytes (867172352)
2026-04-14 23:28:43,663 [WARN] ThirdParty:833 - waiting for thirdparty lock release [change project]
2026-04-14 23:28:43,663 [INFO] ThirdParty:835 - entering critical section [change project]
2026-04-14 23:28:43,663 [INFO] ThirdParty:1030 - CMSIS Pack Vendor :STMicroelectronics USBPD 4.1
2026-04-14 23:28:43,663 [INFO] ThirdParty:1030 - CMSIS Pack Vendor :STMicroelectronics ThreadX 1.0.0
2026-04-14 23:28:43,663 [INFO] ThirdParty:1030 - CMSIS Pack Vendor :STMicroelectronics USB_HOST 2.0.0
2026-04-14 23:28:43,663 [INFO] ThirdParty:1030 - CMSIS Pack Vendor :STMicroelectronics LIBJPEG 8.0.0
2026-04-14 23:28:43,663 [INFO] ThirdParty:1030 - CMSIS Pack Vendor :STMicroelectronics FreeRTOS 0.0.1
2026-04-14 23:28:43,663 [INFO] ThirdParty:1030 - CMSIS Pack Vendor :STMicroelectronics USB_DEVICE 1.0.0
2026-04-14 23:28:43,664 [INFO] ThirdParty:1030 - CMSIS Pack Vendor :STMicroelectronics STM32_WPAN 1.0.0
2026-04-14 23:28:43,664 [INFO] ThirdParty:1030 - CMSIS Pack Vendor :STMicroelectronics USB_DEVICE 3.0.0
2026-04-14 23:28:43,664 [INFO] ThirdParty:1030 - CMSIS Pack Vendor :STMicroelectronics HAL Drivers 0.0.0
2026-04-14 23:28:43,664 [INFO] ThirdParty:1030 - CMSIS Pack Vendor :STMicroelectronics MBEDTLS 2.16.2
2026-04-14 23:28:43,664 [INFO] ThirdParty:1030 - CMSIS Pack Vendor :STMicroelectronics ThreadX 0.0.2
2026-04-14 23:28:43,664 [INFO] ThirdParty:1030 - CMSIS Pack Vendor :STMicroelectronics lwIP 2.0.3
2026-04-14 23:28:43,664 [INFO] ThirdParty:1030 - CMSIS Pack Vendor :STMicroelectronics lwIP 2.1.2
2026-04-14 23:28:43,664 [INFO] ThirdParty:1030 - CMSIS Pack Vendor :STMicroelectronics MBEDTLS 2.14.1
2026-04-14 23:28:43,664 [INFO] ThirdParty:1030 - CMSIS Pack Vendor :STMicroelectronics USB_HOST 1.0.0
2026-04-14 23:28:43,664 [INFO] ThirdParty:1030 - CMSIS Pack Vendor :STMicroelectronics PDM2PCM 3.1.0
2026-04-14 23:28:43,664 [INFO] ThirdParty:1030 - CMSIS Pack Vendor :STMicroelectronics USB_DEVICE 2.0.0
2026-04-14 23:28:43,664 [INFO] ThirdParty:1030 - CMSIS Pack Vendor :STMicroelectronics PDM2PCM 3.2.0
2026-04-14 23:28:43,664 [INFO] ThirdParty:1030 - CMSIS Pack Vendor :STMicroelectronics PDM2PCM 3.3.0
2026-04-14 23:28:43,664 [INFO] ThirdParty:841 - exiting critical section [change project]
2026-04-14 23:28:44,142 [INFO] PinOutPanel:1589 - setPackage(No Configuration,No Configuration)
2026-04-14 23:28:44,143 [INFO] PinOutPanel:1589 - setPackage(STM32F446RETx,LQFP64)
2026-04-14 23:28:44,735 [INFO] UtilMem:75 - Before build in PCC Used Memory: 336701672 Bytes (867172352)
2026-04-14 23:28:45,290 [INFO] UtilMem:75 - After build in PCC Used Memory: 385458408 Bytes (867172352)
2026-04-14 23:28:45,355 [INFO] IPUIPlugin:80 - create IPUIPlugin
2026-04-14 23:28:45,355 [INFO] IPUIPlugin:80 - create IPUIPlugin
2026-04-14 23:28:45,355 [INFO] IPUIPlugin:80 - create IPUIPlugin
2026-04-14 23:28:45,355 [INFO] IPUIPlugin:80 - create IPUIPlugin
2026-04-14 23:28:45,355 [INFO] IPUIPlugin:80 - create IPUIPlugin
2026-04-14 23:28:45,355 [INFO] IPUIPlugin:80 - create IPUIPlugin
2026-04-14 23:28:45,355 [INFO] IPUIPlugin:80 - create IPUIPlugin
2026-04-14 23:28:45,355 [INFO] IPUIPlugin:80 - create IPUIPlugin
2026-04-14 23:28:45,356 [INFO] IPUIPlugin:80 - create IPUIPlugin
2026-04-14 23:28:45,356 [INFO] IPUIPlugin:80 - create IPUIPlugin
2026-04-14 23:28:45,356 [INFO] IPUIPlugin:80 - create IPUIPlugin
2026-04-14 23:28:45,356 [INFO] IPUIPlugin:80 - create IPUIPlugin
2026-04-14 23:28:45,356 [INFO] IPUIPlugin:80 - create IPUIPlugin
2026-04-14 23:28:45,356 [INFO] IPUIPlugin:80 - create IPUIPlugin
2026-04-14 23:28:45,356 [INFO] IPUIPlugin:80 - create IPUIPlugin
2026-04-14 23:28:45,357 [INFO] IPUIPlugin:80 - create IPUIPlugin
2026-04-14 23:28:45,357 [INFO] IPUIPlugin:80 - create IPUIPlugin
2026-04-14 23:28:45,357 [INFO] IPUIPlugin:80 - create IPUIPlugin
2026-04-14 23:28:45,357 [INFO] IPUIPlugin:80 - create IPUIPlugin
2026-04-14 23:28:45,357 [INFO] IPUIPlugin:80 - create IPUIPlugin
2026-04-14 23:28:45,357 [INFO] IPUIPlugin:80 - create IPUIPlugin
2026-04-14 23:28:45,357 [INFO] IPUIPlugin:80 - create IPUIPlugin
2026-04-14 23:28:45,357 [INFO] IPUIPlugin:80 - create IPUIPlugin
2026-04-14 23:28:45,357 [INFO] IPUIPlugin:80 - create IPUIPlugin
2026-04-14 23:28:45,357 [INFO] IPUIPlugin:80 - create IPUIPlugin
2026-04-14 23:28:45,357 [INFO] IPUIPlugin:80 - create IPUIPlugin
2026-04-14 23:28:45,358 [INFO] IPUIPlugin:80 - create IPUIPlugin
2026-04-14 23:28:45,358 [INFO] IPUIPlugin:80 - create IPUIPlugin
2026-04-14 23:28:45,358 [INFO] IPUIPlugin:80 - create IPUIPlugin
2026-04-14 23:28:45,358 [INFO] IPUIPlugin:80 - create IPUIPlugin
2026-04-14 23:28:45,358 [INFO] IPUIPlugin:80 - create IPUIPlugin
2026-04-14 23:28:45,358 [INFO] IPUIPlugin:80 - create IPUIPlugin
2026-04-14 23:28:45,358 [INFO] IPUIPlugin:80 - create IPUIPlugin
2026-04-14 23:28:45,358 [INFO] IPUIPlugin:80 - create IPUIPlugin
2026-04-14 23:28:45,358 [INFO] IPUIPlugin:80 - create IPUIPlugin
2026-04-14 23:28:45,358 [INFO] IPUIPlugin:80 - create IPUIPlugin
2026-04-14 23:28:45,358 [INFO] IPUIPlugin:80 - create IPUIPlugin
2026-04-14 23:28:45,358 [INFO] IPUIPlugin:80 - create IPUIPlugin
2026-04-14 23:28:45,358 [INFO] IPUIPlugin:80 - create IPUIPlugin
2026-04-14 23:28:45,359 [INFO] IPUIPlugin:80 - create IPUIPlugin
2026-04-14 23:28:45,359 [INFO] IPUIPlugin:80 - create IPUIPlugin
2026-04-14 23:28:45,359 [INFO] IPUIPlugin:80 - create IPUIPlugin
2026-04-14 23:28:45,359 [INFO] IPUIPlugin:80 - create IPUIPlugin
2026-04-14 23:28:45,359 [INFO] IPUIPlugin:80 - create IPUIPlugin
2026-04-14 23:28:45,359 [INFO] IPUIPlugin:80 - create IPUIPlugin
2026-04-14 23:28:45,359 [INFO] IPUIPlugin:80 - create IPUIPlugin
2026-04-14 23:28:45,359 [INFO] IPUIPlugin:80 - create IPUIPlugin
2026-04-14 23:28:45,359 [INFO] IPUIPlugin:80 - create IPUIPlugin
2026-04-14 23:28:45,359 [INFO] IPUIPlugin:80 - create IPUIPlugin
2026-04-14 23:28:45,359 [INFO] IPUIPlugin:80 - create IPUIPlugin
2026-04-14 23:28:45,359 [INFO] IPUIPlugin:80 - create IPUIPlugin
2026-04-14 23:28:45,360 [INFO] IPUIPlugin:80 - create IPUIPlugin
2026-04-14 23:28:45,360 [INFO] IPUIPlugin:80 - create IPUIPlugin
2026-04-14 23:28:45,361 [INFO] IPUIPlugin:80 - create IPUIPlugin
2026-04-14 23:28:45,361 [INFO] IPUIPlugin:80 - create IPUIPlugin
2026-04-14 23:28:45,361 [INFO] IPUIPlugin:80 - create IPUIPlugin
2026-04-14 23:28:45,361 [INFO] IPUIPlugin:80 - create IPUIPlugin
2026-04-14 23:28:45,361 [INFO] IPUIPlugin:80 - create IPUIPlugin
2026-04-14 23:28:45,362 [INFO] IPUIPlugin:80 - create IPUIPlugin
2026-04-14 23:28:45,362 [INFO] IPUIPlugin:80 - create IPUIPlugin
2026-04-14 23:28:45,379 [INFO] ApiDbMcu:532 - Load IP Config File for PDM2PCM
2026-04-14 23:28:45,471 [INFO] CADModel:165 - CPN selected for project levelSTM32F446RET6
2026-04-14 23:28:45,471 [INFO] CADModel:114 - Register for checkConnection events
2026-04-14 23:28:45,519 [INFO] OpenFileManager:386 - Restore cursor
2026-04-14 23:28:49,412 [INFO] MainUpdater:2872 - connection check result : 22
2026-04-14 23:28:49,607 [INFO] MicroXplorer:468 - Change Database Path : 
2026-04-14 23:28:49,607 [INFO] MicroXplorer:498 - Change Database Version : DB.6.0.150
2026-04-14 23:28:49,618 [ERROR] ProjectManagerView:395 - 
java.lang.NullPointerException: Cannot invoke "javax.swing.JTextField.getText()" because the return value of "java.util.List.get(int)" is null
	at com.st.microxplorer.plugins.projectmanager.gui.ProjectChoiceTab$9.caretUpdate(ProjectChoiceTab.java:2706) ~[filemanager.jar:?]
	at javax.swing.text.JTextComponent.fireCaretUpdate(JTextComponent.java:408) ~[?:?]
	at javax.swing.text.JTextComponent$MutableCaretEvent.fire(JTextComponent.java:4484) ~[?:?]
	at javax.swing.text.JTextComponent$MutableCaretEvent.stateChanged(JTextComponent.java:4506) ~[?:?]
	at javax.swing.text.DefaultCaret.fireStateChanged(DefaultCaret.java:857) ~[?:?]
	at javax.swing.text.DefaultCaret.changeCaretPosition(DefaultCaret.java:1343) ~[?:?]
	at javax.swing.text.DefaultCaret.handleSetDot(DefaultCaret.java:1242) ~[?:?]
	at javax.swing.text.DefaultCaret.setDot(DefaultCaret.java:1223) ~[?:?]
	at javax.swing.text.DefaultCaret$Handler.insertUpdate(DefaultCaret.java:1819) ~[?:?]
	at javax.swing.text.AbstractDocument.fireInsertUpdate(AbstractDocument.java:227) ~[?:?]
	at javax.swing.text.AbstractDocument.handleInsertString(AbstractDocument.java:781) ~[?:?]
	at javax.swing.text.AbstractDocument.insertString(AbstractDocument.java:740) ~[?:?]
	at javax.swing.text.PlainDocument.insertString(PlainDocument.java:131) ~[?:?]
	at javax.swing.text.AbstractDocument.replace(AbstractDocument.java:699) ~[?:?]
	at javax.swing.text.JTextComponent.setText(JTextComponent.java:1725) ~[?:?]
	at com.st.microxplorer.plugins.projectmanager.gui.ProjectChoiceTab.createHeapStackFields(ProjectChoiceTab.java:993) ~[filemanager.jar:?]
	at com.st.microxplorer.plugins.projectmanager.gui.ProjectChoiceTab.buildLinkSettingsPanel(ProjectChoiceTab.java:3813) ~[filemanager.jar:?]
	at com.st.microxplorer.plugins.projectmanager.gui.ProjectChoiceTab.defineWindowsFields(ProjectChoiceTab.java:1987) ~[filemanager.jar:?]
	at com.st.microxplorer.plugins.projectmanager.gui.ProjectChoiceTab.updateSettings(ProjectChoiceTab.java:558) ~[filemanager.jar:?]
	at com.st.microxplorer.plugins.projectmanager.gui.ProjectSettingsPanel.UpdateDialog(ProjectSettingsPanel.java:247) ~[filemanager.jar:?]
	at com.st.microxplorer.plugins.projectmanager.ProjectManagerView.propertyChange(ProjectManagerView.java:392) ~[filemanager.jar:?]
	at java.beans.PropertyChangeSupport.fire(PropertyChangeSupport.java:343) ~[?:?]
	at java.beans.PropertyChangeSupport.firePropertyChange(PropertyChangeSupport.java:335) ~[?:?]
	at java.beans.PropertyChangeSupport.firePropertyChange(PropertyChangeSupport.java:268) ~[?:?]
	at com.st.microxplorer.util.MXPropertyChangeSupport.firePropertyChange(MXPropertyChangeSupport.java:54) ~[STM32CubeMX.jar:?]
	at com.st.microxplorer.mxsystem.MxSystem.closeConfig(MxSystem.java:899) ~[STM32CubeMX.jar:?]
	at com.st.microxplorer.maingui.MainPanel.closeConfig(MainPanel.java:792) ~[STM32CubeMX.jar:?]
	at com.st.microxplorer.plugins.filemanager.engine.OpenFileManager.loadConfigurationFile(OpenFileManager.java:288) ~[filemanager.jar:?]
	at com.st.microxplorer.plugins.filemanager.engine.MainFileManager.userLoadConfig(MainFileManager.java:364) ~[filemanager.jar:?]
	at com.st.microxplorer.plugins.filemanager.engine.MainFileManager.userLoadConfig(MainFileManager.java:342) ~[filemanager.jar:?]
	at com.st.microxplorer.plugins.filemanager.FileManagerView.getSpecificTask(FileManagerView.java:264) ~[filemanager.jar:?]
	at com.st.stm32cube.common.mx.editor.CubeMxEditor.getMxTabbedPaneInstance(CubeMxEditor.java:1198) ~[com.st.stm32cube.common.mx_6.15.0.202507011659/:?]
	at com.st.stm32cube.common.mx.editor.CubeMxEditor$12$1.createSwingComponent(CubeMxEditor.java:1068) ~[com.st.stm32cube.common.mx_6.15.0.202507011659/:?]
	at com.st.stm32cube.common.mx.oss.core.awtswtbridge.EmbeddedSwingComposite.doComponentCreation(EmbeddedSwingComposite.java:492) ~[com.st.stm32cube.common.mx.oss_6.15.0.202507011659/:?]
	at com.st.stm32cube.common.mx.oss.core.awtswtbridge.EmbeddedSwingComposite$4.run(EmbeddedSwingComposite.java:291) ~[com.st.stm32cube.common.mx.oss_6.15.0.202507011659/:?]
	at com.st.stm32cube.common.mx.oss.core.awtswtbridge.AwtEnvironment$2.run(AwtEnvironment.java:166) ~[com.st.stm32cube.common.mx.oss_6.15.0.202507011659/:?]
	at java.awt.event.InvocationEvent.dispatch(InvocationEvent.java:318) ~[?:?]
	at java.awt.EventQueue.dispatchEventImpl(EventQueue.java:773) ~[?:?]
	at java.awt.EventQueue$4.run(EventQueue.java:720) ~[?:?]
	at java.awt.EventQueue$4.run(EventQueue.java:714) ~[?:?]
	at java.security.AccessController.doPrivileged(AccessController.java:400) ~[?:?]
	at java.security.ProtectionDomain$JavaSecurityAccessImpl.doIntersectionPrivilege(ProtectionDomain.java:87) ~[?:?]
	at java.awt.EventQueue.dispatchEvent(EventQueue.java:742) ~[?:?]
	at java.awt.EventDispatchThread.pumpOneEventForFilters(EventDispatchThread.java:203) ~[?:?]
	at java.awt.EventDispatchThread.pumpEventsForFilter(EventDispatchThread.java:124) ~[?:?]
	at java.awt.EventDispatchThread.pumpEventsForHierarchy(EventDispatchThread.java:113) ~[?:?]
	at java.awt.EventDispatchThread.pumpEvents(EventDispatchThread.java:109) ~[?:?]
	at java.awt.EventDispatchThread.pumpEvents(EventDispatchThread.java:101) ~[?:?]
	at java.awt.EventDispatchThread.run(EventDispatchThread.java:90) ~[?:?]
2026-04-14 23:28:49,621 [WARN] ThirdParty:871 - waiting for thirdparty lock release [close project]
2026-04-14 23:28:49,622 [INFO] ThirdParty:873 - entering critical section [close project]
2026-04-14 23:28:49,622 [INFO] ThirdParty:883 - exiting critical section [close project]
2026-04-14 23:28:49,623 [INFO] PinOutPanel:1589 - setPackage(No Configuration,No Configuration)
2026-04-14 23:28:49,636 [WARN] IpParametersView:155 - Warning: This peripheral hasn't parameters
2026-04-14 23:28:49,642 [WARN] MainPanel:289 - <html><b><center>Warning: This peripheral has no parameters to be configured<br></b></html>
2026-04-14 23:28:49,645 [INFO] UtilMem:75 - Begin LoadConfig() Used Memory: 621914344 Bytes (867172352)
2026-04-14 23:28:49,646 [INFO] MicroXplorer:468 - Change Database Path : 
2026-04-14 23:28:49,646 [INFO] MicroXplorer:498 - Change Database Version : DB.6.0.150
2026-04-14 23:28:49,646 [INFO] OpenFileManager:355 - Change cursor
2026-04-14 23:28:49,658 [INFO] Mcu:2029 - Initializing MCU STM32F446R(C-E)Tx STM32F446RETx STM32F446RET6
2026-04-14 23:28:50,400 [INFO] Context:786 - Trying to add GPIOservice into a context  which must be forbidden
2026-04-14 23:28:51,087 [INFO] ImportTextPane:234 - (OptionalMessage_ERROR) Pin0 (VP_RIF_VS_RIF1) cannot be retrieved for this MCU
2026-04-14 23:28:51,144 [INFO] RtosManager:558 - Registered RTOS mode: class=CMSIS, group=RTOS, mode=CMSIS_V1, owner=FREERTOS
2026-04-14 23:28:51,147 [INFO] RtosManager:558 - Registered RTOS mode: class=CMSIS, group=RTOS2, mode=CMSIS_V2, owner=FREERTOS
2026-04-14 23:28:51,147 [INFO] RtosManager:558 - Registered RTOS mode: class=RTOS, group=Core, mode=CMSIS_V1, owner=FREERTOS
2026-04-14 23:28:51,147 [INFO] RtosManager:558 - Registered RTOS mode: class=RTOS, group=Core, mode=CMSIS_V2, owner=FREERTOS
2026-04-14 23:28:51,148 [WARN] ModelIntegratedComponent:184 - Missing modes for component STMicroelectronics:FreeRTOS:0.0.1:STMicroelectronics:RTOS:FreeRTOS:Core:::10.2.0:
2026-04-14 23:28:51,149 [WARN] ModelIntegratedComponent:63 - No mode defined for component null
2026-04-14 23:28:51,149 [WARN] ModelIntegratedComponent:63 - No mode defined for component null
2026-04-14 23:28:51,149 [WARN] ModelIntegratedComponent:63 - No mode defined for component null
2026-04-14 23:28:51,149 [WARN] ModelIntegratedComponent:63 - No mode defined for component null
2026-04-14 23:28:51,149 [WARN] ModelIntegratedComponent:63 - No mode defined for component null
2026-04-14 23:28:51,150 [WARN] ModelIntegratedComponent:63 - No mode defined for component null
2026-04-14 23:28:51,150 [WARN] ModelIntegratedComponent:63 - No mode defined for component null
2026-04-14 23:28:51,150 [WARN] ModelIntegratedComponent:63 - No mode defined for component null
2026-04-14 23:28:51,150 [WARN] ModelIntegratedComponent:63 - No mode defined for component null
2026-04-14 23:28:51,150 [WARN] ModelIntegratedComponent:63 - No mode defined for component null
2026-04-14 23:28:51,150 [WARN] ModelIntegratedComponent:63 - No mode defined for component null
2026-04-14 23:28:51,150 [WARN] ModelIntegratedComponent:63 - No mode defined for component null
2026-04-14 23:28:51,150 [WARN] ModelIntegratedComponent:63 - No mode defined for component null
2026-04-14 23:28:51,150 [WARN] ModelIntegratedComponent:63 - No mode defined for component null
2026-04-14 23:28:51,150 [WARN] ModelIntegratedComponent:63 - No mode defined for component null
2026-04-14 23:28:51,150 [WARN] ModelIntegratedComponent:63 - No mode defined for component null
2026-04-14 23:28:51,150 [WARN] ModelIntegratedComponent:63 - No mode defined for component null
2026-04-14 23:28:51,150 [WARN] ModelIntegratedComponent:63 - No mode defined for component null
2026-04-14 23:28:51,150 [WARN] ModelIntegratedComponent:63 - No mode defined for component null
2026-04-14 23:28:51,150 [WARN] ModelIntegratedComponent:63 - No mode defined for component null
2026-04-14 23:28:51,150 [WARN] ModelIntegratedComponent:63 - No mode defined for component null
2026-04-14 23:28:51,150 [WARN] ModelIntegratedComponent:63 - No mode defined for component null
2026-04-14 23:28:51,150 [WARN] ModelIntegratedComponent:63 - No mode defined for component null
2026-04-14 23:28:51,150 [WARN] ModelIntegratedComponent:63 - No mode defined for component null
2026-04-14 23:28:51,150 [WARN] ModelIntegratedComponent:63 - No mode defined for component null
2026-04-14 23:28:51,150 [WARN] ModelIntegratedComponent:63 - No mode defined for component null
2026-04-14 23:28:51,150 [WARN] ModelIntegratedComponent:63 - No mode defined for component null
2026-04-14 23:28:51,150 [WARN] ModelIntegratedComponent:63 - No mode defined for component null
2026-04-14 23:28:51,150 [WARN] ModelIntegratedComponent:63 - No mode defined for component null
2026-04-14 23:28:51,150 [WARN] ModelIntegratedComponent:63 - No mode defined for component null
2026-04-14 23:28:51,150 [WARN] ModelIntegratedComponent:63 - No mode defined for component null
2026-04-14 23:28:51,150 [WARN] ModelIntegratedComponent:63 - No mode defined for component null
2026-04-14 23:28:51,150 [WARN] ModelIntegratedComponent:63 - No mode defined for component null
2026-04-14 23:28:51,150 [WARN] ModelIntegratedComponent:63 - No mode defined for component null
2026-04-14 23:28:51,150 [WARN] ModelIntegratedComponent:63 - No mode defined for component null
2026-04-14 23:28:51,150 [WARN] ModelPack:524 - Component already loaded: STMicroelectronics:HAL Drivers:0.0.0:STMicroelectronics:Device:STMicro_Driver:XSPI:HAL::0.0.1:HAL_XSPI
2026-04-14 23:28:51,154 [INFO] ThirdPartyModel:298 - Start build external matchings
2026-04-14 23:28:51,156 [INFO] ThirdPartyModel:316 - End build external matchings
2026-04-14 23:28:51,330 [INFO] UtilMem:75 - End LoadConfig() Used Memory: 673318720 Bytes (867172352)
2026-04-14 23:28:51,444 [WARN] ThirdParty:833 - waiting for thirdparty lock release [change project]
2026-04-14 23:28:51,444 [INFO] ThirdParty:835 - entering critical section [change project]
2026-04-14 23:28:51,444 [INFO] ThirdParty:1030 - CMSIS Pack Vendor :STMicroelectronics USBPD 4.1
2026-04-14 23:28:51,444 [INFO] ThirdParty:1030 - CMSIS Pack Vendor :STMicroelectronics ThreadX 1.0.0
2026-04-14 23:28:51,444 [INFO] ThirdParty:1030 - CMSIS Pack Vendor :STMicroelectronics USB_HOST 2.0.0
2026-04-14 23:28:51,444 [INFO] ThirdParty:1030 - CMSIS Pack Vendor :STMicroelectronics LIBJPEG 8.0.0
2026-04-14 23:28:51,444 [INFO] ThirdParty:1030 - CMSIS Pack Vendor :STMicroelectronics FreeRTOS 0.0.1
2026-04-14 23:28:51,444 [INFO] ThirdParty:1030 - CMSIS Pack Vendor :STMicroelectronics USB_DEVICE 1.0.0
2026-04-14 23:28:51,444 [INFO] ThirdParty:1030 - CMSIS Pack Vendor :STMicroelectronics STM32_WPAN 1.0.0
2026-04-14 23:28:51,444 [INFO] ThirdParty:1030 - CMSIS Pack Vendor :STMicroelectronics USB_DEVICE 3.0.0
2026-04-14 23:28:51,444 [INFO] ThirdParty:1030 - CMSIS Pack Vendor :STMicroelectronics HAL Drivers 0.0.0
2026-04-14 23:28:51,444 [INFO] ThirdParty:1030 - CMSIS Pack Vendor :STMicroelectronics MBEDTLS 2.16.2
2026-04-14 23:28:51,444 [INFO] ThirdParty:1030 - CMSIS Pack Vendor :STMicroelectronics ThreadX 0.0.2
2026-04-14 23:28:51,444 [INFO] ThirdParty:1030 - CMSIS Pack Vendor :STMicroelectronics lwIP 2.0.3
2026-04-14 23:28:51,444 [INFO] ThirdParty:1030 - CMSIS Pack Vendor :STMicroelectronics lwIP 2.1.2
2026-04-14 23:28:51,444 [INFO] ThirdParty:1030 - CMSIS Pack Vendor :STMicroelectronics MBEDTLS 2.14.1
2026-04-14 23:28:51,444 [INFO] ThirdParty:1030 - CMSIS Pack Vendor :STMicroelectronics USB_HOST 1.0.0
2026-04-14 23:28:51,444 [INFO] ThirdParty:1030 - CMSIS Pack Vendor :STMicroelectronics PDM2PCM 3.1.0
2026-04-14 23:28:51,444 [INFO] ThirdParty:1030 - CMSIS Pack Vendor :STMicroelectronics USB_DEVICE 2.0.0
2026-04-14 23:28:51,444 [INFO] ThirdParty:1030 - CMSIS Pack Vendor :STMicroelectronics PDM2PCM 3.2.0
2026-04-14 23:28:51,445 [INFO] ThirdParty:1030 - CMSIS Pack Vendor :STMicroelectronics PDM2PCM 3.3.0
2026-04-14 23:28:51,445 [INFO] ThirdParty:841 - exiting critical section [change project]
2026-04-14 23:28:51,883 [INFO] PinOutPanel:1589 - setPackage(No Configuration,No Configuration)
2026-04-14 23:28:51,886 [INFO] PinOutPanel:1589 - setPackage(STM32F446RETx,LQFP64)
2026-04-14 23:28:52,142 [INFO] UtilMem:75 - Before build in PCC Used Memory: 421138240 Bytes (867172352)
2026-04-14 23:28:52,368 [INFO] UtilMem:75 - After build in PCC Used Memory: 470421312 Bytes (867172352)
2026-04-14 23:28:52,389 [INFO] IPUIPlugin:80 - create IPUIPlugin
2026-04-14 23:28:52,389 [INFO] IPUIPlugin:80 - create IPUIPlugin
2026-04-14 23:28:52,389 [INFO] IPUIPlugin:80 - create IPUIPlugin
2026-04-14 23:28:52,389 [INFO] IPUIPlugin:80 - create IPUIPlugin
2026-04-14 23:28:52,389 [INFO] IPUIPlugin:80 - create IPUIPlugin
2026-04-14 23:28:52,390 [INFO] IPUIPlugin:80 - create IPUIPlugin
2026-04-14 23:28:52,390 [INFO] IPUIPlugin:80 - create IPUIPlugin
2026-04-14 23:28:52,390 [INFO] IPUIPlugin:80 - create IPUIPlugin
2026-04-14 23:28:52,390 [INFO] IPUIPlugin:80 - create IPUIPlugin
2026-04-14 23:28:52,390 [INFO] IPUIPlugin:80 - create IPUIPlugin
2026-04-14 23:28:52,390 [INFO] IPUIPlugin:80 - create IPUIPlugin
2026-04-14 23:28:52,390 [INFO] IPUIPlugin:80 - create IPUIPlugin
2026-04-14 23:28:52,390 [INFO] IPUIPlugin:80 - create IPUIPlugin
2026-04-14 23:28:52,390 [INFO] IPUIPlugin:80 - create IPUIPlugin
2026-04-14 23:28:52,390 [INFO] IPUIPlugin:80 - create IPUIPlugin
2026-04-14 23:28:52,390 [INFO] IPUIPlugin:80 - create IPUIPlugin
2026-04-14 23:28:52,391 [INFO] IPUIPlugin:80 - create IPUIPlugin
2026-04-14 23:28:52,391 [INFO] IPUIPlugin:80 - create IPUIPlugin
2026-04-14 23:28:52,391 [INFO] IPUIPlugin:80 - create IPUIPlugin
2026-04-14 23:28:52,391 [INFO] IPUIPlugin:80 - create IPUIPlugin
2026-04-14 23:28:52,391 [INFO] IPUIPlugin:80 - create IPUIPlugin
2026-04-14 23:28:52,391 [INFO] IPUIPlugin:80 - create IPUIPlugin
2026-04-14 23:28:52,391 [INFO] IPUIPlugin:80 - create IPUIPlugin
2026-04-14 23:28:52,391 [INFO] IPUIPlugin:80 - create IPUIPlugin
2026-04-14 23:28:52,391 [INFO] IPUIPlugin:80 - create IPUIPlugin
2026-04-14 23:28:52,391 [INFO] IPUIPlugin:80 - create IPUIPlugin
2026-04-14 23:28:52,391 [INFO] IPUIPlugin:80 - create IPUIPlugin
2026-04-14 23:28:52,391 [INFO] IPUIPlugin:80 - create IPUIPlugin
2026-04-14 23:28:52,392 [INFO] IPUIPlugin:80 - create IPUIPlugin
2026-04-14 23:28:52,392 [INFO] IPUIPlugin:80 - create IPUIPlugin
2026-04-14 23:28:52,392 [INFO] IPUIPlugin:80 - create IPUIPlugin
2026-04-14 23:28:52,392 [INFO] IPUIPlugin:80 - create IPUIPlugin
2026-04-14 23:28:52,392 [INFO] IPUIPlugin:80 - create IPUIPlugin
2026-04-14 23:28:52,392 [INFO] IPUIPlugin:80 - create IPUIPlugin
2026-04-14 23:28:52,392 [INFO] IPUIPlugin:80 - create IPUIPlugin
2026-04-14 23:28:52,392 [INFO] IPUIPlugin:80 - create IPUIPlugin
2026-04-14 23:28:52,392 [INFO] IPUIPlugin:80 - create IPUIPlugin
2026-04-14 23:28:52,392 [INFO] IPUIPlugin:80 - create IPUIPlugin
2026-04-14 23:28:52,392 [INFO] IPUIPlugin:80 - create IPUIPlugin
2026-04-14 23:28:52,392 [INFO] IPUIPlugin:80 - create IPUIPlugin
2026-04-14 23:28:52,392 [INFO] IPUIPlugin:80 - create IPUIPlugin
2026-04-14 23:28:52,392 [INFO] IPUIPlugin:80 - create IPUIPlugin
2026-04-14 23:28:52,393 [INFO] IPUIPlugin:80 - create IPUIPlugin
2026-04-14 23:28:52,393 [INFO] IPUIPlugin:80 - create IPUIPlugin
2026-04-14 23:28:52,393 [INFO] IPUIPlugin:80 - create IPUIPlugin
2026-04-14 23:28:52,393 [INFO] IPUIPlugin:80 - create IPUIPlugin
2026-04-14 23:28:52,393 [INFO] IPUIPlugin:80 - create IPUIPlugin
2026-04-14 23:28:52,393 [INFO] IPUIPlugin:80 - create IPUIPlugin
2026-04-14 23:28:52,393 [INFO] IPUIPlugin:80 - create IPUIPlugin
2026-04-14 23:28:52,393 [INFO] IPUIPlugin:80 - create IPUIPlugin
2026-04-14 23:28:52,393 [INFO] IPUIPlugin:80 - create IPUIPlugin
2026-04-14 23:28:52,393 [INFO] IPUIPlugin:80 - create IPUIPlugin
2026-04-14 23:28:52,393 [INFO] IPUIPlugin:80 - create IPUIPlugin
2026-04-14 23:28:52,393 [INFO] IPUIPlugin:80 - create IPUIPlugin
2026-04-14 23:28:52,393 [INFO] IPUIPlugin:80 - create IPUIPlugin
2026-04-14 23:28:52,394 [INFO] IPUIPlugin:80 - create IPUIPlugin
2026-04-14 23:28:52,394 [INFO] IPUIPlugin:80 - create IPUIPlugin
2026-04-14 23:28:52,394 [INFO] IPUIPlugin:80 - create IPUIPlugin
2026-04-14 23:28:52,394 [INFO] IPUIPlugin:80 - create IPUIPlugin
2026-04-14 23:28:52,394 [INFO] IPUIPlugin:80 - create IPUIPlugin
2026-04-14 23:28:52,404 [INFO] ApiDbMcu:532 - Load IP Config File for PDM2PCM
2026-04-14 23:28:52,447 [INFO] CADModel:165 - CPN selected for project levelSTM32F446RET6
2026-04-14 23:28:52,447 [INFO] CADModel:114 - Register for checkConnection events
2026-04-14 23:28:52,490 [INFO] OpenFileManager:386 - Restore cursor
2026-04-14 23:29:49,723 [INFO] DmaTabbedPanel:205 - Cannot restore the selected Tab for DMA
2026-04-14 23:30:39,973 [INFO] McuFinderGlobals:76 - Set McuFinderConnectedMode to false
2026-04-14 23:30:39,979 [INFO] MultiScanPanel:200 - Auto-refresh data requested => check proxy status ongoing
2026-04-14 23:30:39,979 [INFO] MultiScanPanel:204 - Proxy status is invalid
2026-04-14 23:30:39,979 [INFO] FinderPluginLoader:96 - Searching for filters in installed packs
2026-04-14 23:30:41,359 [WARN] DetailPanel:346 - Failed to get advertising image, set to default
2026-04-14 23:31:20,024 [ERROR] McuDetailPanel:497 - No block diagram available for MCU STM32F446RET6
2026-04-14 23:31:20,037 [INFO] McuAction:173 - Block Diagram
2026-04-14 23:31:21,337 [INFO] McuAction:78 - Docs & Resources
2026-04-14 23:31:22,523 [INFO] McuAction:198 - https://www.st.com/content/ccc/fragment/product_related/rpn_information/product_circuit_diagram/group0/f7/17/af/d3/ab/f5/4e/4d/bd_stm32f446xe_512k/files/bd_stm32f446xe_512k.jpg/jcr:content/translations/en.bd_stm32f446xe_512k.jpg
2026-04-14 23:31:22,526 [INFO] McuDetailPanel:502 - Internet connection configuration mode: 2
2026-04-14 23:31:22,542 [WARN] McuDetailPanel:510 - Internet connection is required for CAD resources feature
2026-04-14 23:31:22,543 [INFO] McuAction:202 - CAD Resources
2026-04-14 23:31:23,554 [INFO] GuiUtils:266 - Cannot open the file :/Users/ggpai/STM32Cube/Repository///DS10693.pdf using Desktop.
2026-04-14 23:31:23,632 [INFO] McuAction:142 - Datasheet
2026-04-14 23:31:29,281 [INFO] MultiScanPanel:200 - Auto-refresh data requested => check proxy status ongoing
2026-04-14 23:31:29,282 [INFO] MultiScanPanel:204 - Proxy status is invalid
2026-04-14 23:31:29,383 [WARN] DetailPanel:346 - Failed to get advertising image, set to default
2026-04-14 23:32:02,962 [INFO] MainUpdater:2872 - connection check result : 22
2026-04-14 23:32:03,452 [ERROR] IocParser:57 - IOException caught: /Users/ggpai/Desktop/DMA/workspace/LED_TOGGLE_DMA/LED_TOGGLE_DMA.ioc (No such file or directory)
2026-04-14 23:32:03,456 [ERROR] PeripheralListParser:95 - Something went wrong with ioc file reading: /Users/ggpai/Desktop/DMA/workspace/LED_TOGGLE_DMA/LED_TOGGLE_DMA.ioc (No such file or directory)
2026-04-14 23:32:03,457 [ERROR] RegexParser:59 - Issue caught when parsing regex: /Users/ggpai/Desktop/DMA/workspace/LED_TOGGLE_DMA/LED_TOGGLE_DMA.ioc (No such file or directory)
2026-04-14 23:32:03,557 [INFO] MicroXplorer:468 - Change Database Path : 
2026-04-14 23:32:03,557 [INFO] MicroXplorer:498 - Change Database Version : DB.6.0.150
2026-04-14 23:32:03,627 [ERROR] ProjectManagerView:395 - 
java.lang.NullPointerException: Cannot invoke "javax.swing.JTextField.getText()" because the return value of "java.util.List.get(int)" is null
	at com.st.microxplorer.plugins.projectmanager.gui.ProjectChoiceTab$9.caretUpdate(ProjectChoiceTab.java:2706) ~[filemanager.jar:?]
	at javax.swing.text.JTextComponent.fireCaretUpdate(JTextComponent.java:408) ~[?:?]
	at javax.swing.text.JTextComponent$MutableCaretEvent.fire(JTextComponent.java:4484) ~[?:?]
	at javax.swing.text.JTextComponent$MutableCaretEvent.stateChanged(JTextComponent.java:4506) ~[?:?]
	at javax.swing.text.DefaultCaret.fireStateChanged(DefaultCaret.java:857) ~[?:?]
	at javax.swing.text.DefaultCaret.changeCaretPosition(DefaultCaret.java:1343) ~[?:?]
	at javax.swing.text.DefaultCaret.handleSetDot(DefaultCaret.java:1242) ~[?:?]
	at javax.swing.text.DefaultCaret.setDot(DefaultCaret.java:1223) ~[?:?]
	at javax.swing.text.DefaultCaret$Handler.insertUpdate(DefaultCaret.java:1819) ~[?:?]
	at javax.swing.text.AbstractDocument.fireInsertUpdate(AbstractDocument.java:227) ~[?:?]
	at javax.swing.text.AbstractDocument.handleInsertString(AbstractDocument.java:781) ~[?:?]
	at javax.swing.text.AbstractDocument.insertString(AbstractDocument.java:740) ~[?:?]
	at javax.swing.text.PlainDocument.insertString(PlainDocument.java:131) ~[?:?]
	at javax.swing.text.AbstractDocument.replace(AbstractDocument.java:699) ~[?:?]
	at javax.swing.text.JTextComponent.setText(JTextComponent.java:1725) ~[?:?]
	at com.st.microxplorer.plugins.projectmanager.gui.ProjectChoiceTab.createHeapStackFields(ProjectChoiceTab.java:993) ~[filemanager.jar:?]
	at com.st.microxplorer.plugins.projectmanager.gui.ProjectChoiceTab.buildLinkSettingsPanel(ProjectChoiceTab.java:3813) ~[filemanager.jar:?]
	at com.st.microxplorer.plugins.projectmanager.gui.ProjectChoiceTab.defineWindowsFields(ProjectChoiceTab.java:1987) ~[filemanager.jar:?]
	at com.st.microxplorer.plugins.projectmanager.gui.ProjectChoiceTab.updateSettings(ProjectChoiceTab.java:558) ~[filemanager.jar:?]
	at com.st.microxplorer.plugins.projectmanager.gui.ProjectSettingsPanel.UpdateDialog(ProjectSettingsPanel.java:247) ~[filemanager.jar:?]
	at com.st.microxplorer.plugins.projectmanager.ProjectManagerView.propertyChange(ProjectManagerView.java:392) ~[filemanager.jar:?]
	at java.beans.PropertyChangeSupport.fire(PropertyChangeSupport.java:343) ~[?:?]
	at java.beans.PropertyChangeSupport.firePropertyChange(PropertyChangeSupport.java:335) ~[?:?]
	at java.beans.PropertyChangeSupport.firePropertyChange(PropertyChangeSupport.java:268) ~[?:?]
	at com.st.microxplorer.util.MXPropertyChangeSupport.firePropertyChange(MXPropertyChangeSupport.java:54) ~[STM32CubeMX.jar:?]
	at com.st.microxplorer.mxsystem.MxSystem.closeConfig(MxSystem.java:899) ~[STM32CubeMX.jar:?]
	at com.st.microxplorer.maingui.MainPanel.closeConfig(MainPanel.java:792) ~[STM32CubeMX.jar:?]
	at com.st.microxplorer.plugins.filemanager.engine.OpenFileManager.loadConfigurationFile(OpenFileManager.java:288) ~[filemanager.jar:?]
	at com.st.microxplorer.plugins.filemanager.engine.MainFileManager.userLoadConfig(MainFileManager.java:364) ~[filemanager.jar:?]
	at com.st.microxplorer.plugins.filemanager.FileManagerView.getSpecificTask(FileManagerView.java:268) ~[filemanager.jar:?]
	at com.st.stm32cube.common.mx.editor.CubeMxEditor.getMxTabbedPaneInstance(CubeMxEditor.java:1191) ~[com.st.stm32cube.common.mx_6.15.0.202507011659/:?]
	at com.st.stm32cube.common.mx.editor.CubeMxEditor$12$1.createSwingComponent(CubeMxEditor.java:1068) ~[com.st.stm32cube.common.mx_6.15.0.202507011659/:?]
	at com.st.stm32cube.common.mx.oss.core.awtswtbridge.EmbeddedSwingComposite.doComponentCreation(EmbeddedSwingComposite.java:492) ~[com.st.stm32cube.common.mx.oss_6.15.0.202507011659/:?]
	at com.st.stm32cube.common.mx.oss.core.awtswtbridge.EmbeddedSwingComposite$4.run(EmbeddedSwingComposite.java:291) ~[com.st.stm32cube.common.mx.oss_6.15.0.202507011659/:?]
	at com.st.stm32cube.common.mx.oss.core.awtswtbridge.AwtEnvironment$2.run(AwtEnvironment.java:166) ~[com.st.stm32cube.common.mx.oss_6.15.0.202507011659/:?]
	at java.awt.event.InvocationEvent.dispatch(InvocationEvent.java:318) ~[?:?]
	at java.awt.EventQueue.dispatchEventImpl(EventQueue.java:773) ~[?:?]
	at java.awt.EventQueue$4.run(EventQueue.java:720) ~[?:?]
	at java.awt.EventQueue$4.run(EventQueue.java:714) ~[?:?]
	at java.security.AccessController.doPrivileged(AccessController.java:400) ~[?:?]
	at java.security.ProtectionDomain$JavaSecurityAccessImpl.doIntersectionPrivilege(ProtectionDomain.java:87) ~[?:?]
	at java.awt.EventQueue.dispatchEvent(EventQueue.java:742) ~[?:?]
	at java.awt.EventDispatchThread.pumpOneEventForFilters(EventDispatchThread.java:203) ~[?:?]
	at java.awt.EventDispatchThread.pumpEventsForFilter(EventDispatchThread.java:124) ~[?:?]
	at java.awt.EventDispatchThread.pumpEventsForHierarchy(EventDispatchThread.java:113) ~[?:?]
	at java.awt.EventDispatchThread.pumpEvents(EventDispatchThread.java:109) ~[?:?]
	at java.awt.EventDispatchThread.pumpEvents(EventDispatchThread.java:101) ~[?:?]
	at java.awt.EventDispatchThread.run(EventDispatchThread.java:90) ~[?:?]
2026-04-14 23:32:03,629 [WARN] ThirdParty:871 - waiting for thirdparty lock release [close project]
2026-04-14 23:32:03,629 [INFO] ThirdParty:873 - entering critical section [close project]
2026-04-14 23:32:03,630 [INFO] ThirdParty:883 - exiting critical section [close project]
2026-04-14 23:32:03,633 [INFO] PinOutPanel:1589 - setPackage(No Configuration,No Configuration)
2026-04-14 23:32:03,655 [WARN] IpParametersView:155 - Warning: This peripheral hasn't parameters
2026-04-14 23:32:03,672 [WARN] MainPanel:289 - <html><b><center>Warning: This peripheral has no parameters to be configured<br></b></html>
2026-04-14 23:32:03,678 [INFO] UtilMem:75 - Begin LoadConfig() Used Memory: 402641704 Bytes (867172352)
2026-04-14 23:32:03,682 [INFO] OpenFileManager:355 - Change cursor
2026-04-14 23:32:03,703 [INFO] ProjectFactory:514 - No CPN specified for board NUCLEO-F446RE => set CPN to STM32F446RET6
2026-04-14 23:32:03,703 [INFO] Mcu:2029 - Initializing MCU STM32F446R(C-E)Tx STM32F446RETx STM32F446RET6
2026-04-14 23:32:04,677 [INFO] Context:786 - Trying to add GPIOservice into a context  which must be forbidden
2026-04-14 23:32:04,961 [INFO] Rule:233 - rule 117617 - U5Cobra4M][GTZC] default value MPCBB3 and MPCBB5 - Not Secured memory - MPCBB1 is applicable
2026-04-14 23:32:04,961 [INFO] Rule:233 - rule 117617 - U5Cobra4M][GTZC] default value MPCBB3 and MPCBB5 - Not Secured memory - MPCBB1 is applicable
2026-04-14 23:32:04,961 [INFO] Rule:233 - rule 117617 - U5Cobra4M][GTZC] default value MPCBB3 and MPCBB5 - Not Secured memory - MPCBB2 is applicable
2026-04-14 23:32:04,961 [INFO] Rule:233 - rule 117617 - U5Cobra4M][GTZC] default value MPCBB3 and MPCBB5 - Not Secured memory - MPCBB2 is applicable
2026-04-14 23:32:04,961 [INFO] Rule:233 - rule 117617 - U5Cobra4M][GTZC] default value MPCBB3 and MPCBB5 - Not Secured memory - MPCBB3 is applicable
2026-04-14 23:32:04,961 [INFO] Rule:233 - rule 117617 - U5Cobra4M][GTZC] default value MPCBB3 and MPCBB5 - Not Secured memory - MPCBB3 is applicable
2026-04-14 23:32:04,961 [INFO] Rule:233 - rule 117617 - U5Cobra4M][GTZC] default value MPCBB3 and MPCBB5 - Not Secured memory - MPCBB4 is applicable
2026-04-14 23:32:04,961 [INFO] Rule:233 - rule 117617 - U5Cobra4M][GTZC] default value MPCBB3 and MPCBB5 - Not Secured memory - MPCBB4 is applicable
2026-04-14 23:32:04,961 [INFO] Rule:233 - rule 117617 - U5Cobra4M][GTZC] default value MPCBB3 and MPCBB5 - Secured memory - MPCBB1 is applicable
2026-04-14 23:32:04,961 [INFO] Rule:233 - rule 117617 - U5Cobra4M][GTZC] default value MPCBB3 and MPCBB5 - Secured memory - MPCBB2 is applicable
2026-04-14 23:32:04,961 [INFO] Rule:233 - rule 117617 - U5Cobra4M][GTZC] default value MPCBB3 and MPCBB5 - Secured memory - MPCBB3 is applicable
2026-04-14 23:32:04,961 [INFO] Rule:233 - rule 117617 - U5Cobra4M][GTZC] default value MPCBB3 and MPCBB5 - Secured memory - MPCBB4 is applicable
2026-04-14 23:32:04,961 [INFO] Rule:233 - rule 117617 - U5Cobra4M][GTZC] default value MPCBB3 and MPCBB5 - Privileged memory - MPCBB1 is applicable
2026-04-14 23:32:04,961 [INFO] Rule:233 - rule 117617 - U5Cobra4M][GTZC] default value MPCBB3 and MPCBB5 - Privileged memory - MPCBB2 is applicable
2026-04-14 23:32:04,961 [INFO] Rule:233 - rule 117617 - U5Cobra4M][GTZC] default value MPCBB3 and MPCBB5 - Privileged memory - MPCBB3 is applicable
2026-04-14 23:32:04,961 [INFO] Rule:233 - rule 117617 - U5Cobra4M][GTZC] default value MPCBB3 and MPCBB5 - Privileged memory - MPCBB4 is applicable
2026-04-14 23:32:04,961 [INFO] Rule:233 - rule 117617 - U5Cobra4M][GTZC] default value MPCBB3 and MPCBB5 - Not Privileged memory - MPCBB1 is applicable
2026-04-14 23:32:04,961 [INFO] Rule:233 - rule 117617 - U5Cobra4M][GTZC] default value MPCBB3 and MPCBB5 - Not Privileged memory - MPCBB2 is applicable
2026-04-14 23:32:04,961 [INFO] Rule:233 - rule 117617 - U5Cobra4M][GTZC] default value MPCBB3 and MPCBB5 - Not Privileged memory - MPCBB3 is applicable
2026-04-14 23:32:04,961 [INFO] Rule:233 - rule 117617 - U5Cobra4M][GTZC] default value MPCBB3 and MPCBB5 - Not Privileged memory - MPCBB4 is applicable
2026-04-14 23:32:04,961 [INFO] Rule:233 - rule 117617 - U5Cobra4M][GTZC] default value MPCBB3 and MPCBB5 - Privileged memory - MPCBB1 is applicable
2026-04-14 23:32:04,961 [INFO] Rule:233 - rule 117617 - U5Cobra4M][GTZC] default value MPCBB3 and MPCBB5 - Privileged memory - MPCBB2 is applicable
2026-04-14 23:32:04,961 [INFO] Rule:233 - rule 117617 - U5Cobra4M][GTZC] default value MPCBB3 and MPCBB5 - Privileged memory - MPCBB3 is applicable
2026-04-14 23:32:04,961 [INFO] Rule:233 - rule 117617 - U5Cobra4M][GTZC] default value MPCBB3 and MPCBB5 - Privileged memory - MPCBB4 is applicable
2026-04-14 23:32:04,961 [INFO] Rule:233 - rule 117617 - U5Cobra4M][GTZC] default value MPCBB3 and MPCBB5 - Privileged memory - MPCBB1 is applicable
2026-04-14 23:32:04,961 [INFO] Rule:233 - rule 117617 - U5Cobra4M][GTZC] default value MPCBB3 and MPCBB5 - Privileged memory - MPCBB2 is applicable
2026-04-14 23:32:04,961 [INFO] Rule:233 - rule 117617 - U5Cobra4M][GTZC] default value MPCBB3 and MPCBB5 - Privileged memory - MPCBB3 is applicable
2026-04-14 23:32:04,961 [INFO] Rule:233 - rule 117617 - U5Cobra4M][GTZC] default value MPCBB3 and MPCBB5 - Privileged memory - MPCBB4 is applicable
2026-04-14 23:32:04,961 [INFO] Rule:233 - rule 117617 - U5Cobra4M][GTZC] default value MPCBB3 and MPCBB5 - Not Privileged memory - MPCBB1 is applicable
2026-04-14 23:32:04,961 [INFO] Rule:233 - rule 117617 - U5Cobra4M][GTZC] default value MPCBB3 and MPCBB5 - Not Privileged memory - MPCBB2 is applicable
2026-04-14 23:32:04,961 [INFO] Rule:233 - rule 117617 - U5Cobra4M][GTZC] default value MPCBB3 and MPCBB5 - Not Privileged memory - MPCBB3 is applicable
2026-04-14 23:32:04,961 [INFO] Rule:233 - rule 117617 - U5Cobra4M][GTZC] default value MPCBB3 and MPCBB5 - Not Privileged memory - MPCBB4 is applicable
2026-04-14 23:32:04,961 [INFO] Rule:233 - rule 117617 - U5Cobra4M][GTZC] default value MPCBB3 and MPCBB5 - Privileged memory - MPCBB1 is applicable
2026-04-14 23:32:04,961 [INFO] Rule:233 - rule 117617 - U5Cobra4M][GTZC] default value MPCBB3 and MPCBB5 - Privileged memory - MPCBB2 is applicable
2026-04-14 23:32:04,961 [INFO] Rule:233 - rule 117617 - U5Cobra4M][GTZC] default value MPCBB3 and MPCBB5 - Privileged memory - MPCBB3 is applicable
2026-04-14 23:32:04,961 [INFO] Rule:233 - rule 117617 - U5Cobra4M][GTZC] default value MPCBB3 and MPCBB5 - Privileged memory - MPCBB4 is applicable
2026-04-14 23:32:04,961 [INFO] Rule:233 - rule Rename SubGHz_Phy SUBGHZ_APPLICATION SUBGHZ_PINGPONG to SUBGHZ_ADV_APPLICATION is applicable
2026-04-14 23:32:04,961 [INFO] Rule:233 - rule Rename Enabled to IBEACON is applicable
2026-04-14 23:32:04,961 [INFO] Rule:233 - rule GTZC_S instance for project manager is applicable
2026-04-14 23:32:04,961 [INFO] Rule:233 - rule GTZC_S instance for context M33S is applicable
2026-04-14 23:32:04,961 [INFO] Rule:233 - rule GTZC_S instance value for IP GTZC is applicable
2026-04-14 23:32:04,961 [INFO] Rule:233 - rule GTZC_S instance for mcu.IP is applicable
2026-04-14 23:32:04,961 [INFO] Rule:233 - rule GTZC_S instance for VP is applicable
2026-04-14 23:32:04,961 [INFO] Rule:233 - rule GTZC_S instance for signal is applicable
2026-04-14 23:32:04,961 [INFO] Rule:233 - rule GTZC_S instance for mcu.Pin is applicable
2026-04-14 23:32:04,961 [INFO] Rule:233 - rule GTZC_S instance for VP is applicable
2026-04-14 23:32:04,961 [INFO] Rule:233 - rule GTZC_S instance for signal is applicable
2026-04-14 23:32:04,962 [INFO] Rule:233 - rule GTZC_S instance for mcu is applicable
2026-04-14 23:32:04,962 [INFO] Rule:233 - rule GTZC_S instance for mcu.Pin is applicable
2026-04-14 23:32:04,962 [INFO] Rule:233 - rule GTZC_S instance value for IP GTZC is applicable
2026-04-14 23:32:04,962 [INFO] Rule:233 - rule GTZC_S instance for project manager is applicable
2026-04-14 23:32:04,962 [INFO] Rule:233 - rule GTZC_S instance for context M33S is applicable
2026-04-14 23:32:04,962 [INFO] Rule:233 - rule GTZC_S instance for VP is applicable
2026-04-14 23:32:04,962 [INFO] Rule:233 - rule GTZC_S instance for signal is applicable
2026-04-14 23:32:04,962 [INFO] Rule:233 - rule SPDIFRX instance for mcu is applicable
2026-04-14 23:32:04,962 [INFO] Rule:233 - rule Rename Tracer Mode is applicable
2026-04-14 23:32:04,962 [INFO] Rule:233 - rule SPDIFRX instance value for IP SPDIFRX is applicable
2026-04-14 23:32:04,962 [INFO] Rule:233 - rule SPDIFRX instance for signal is applicable
2026-04-14 23:32:04,962 [INFO] Rule:233 - rule SPDIFRX instance for project manager is applicable
2026-04-14 23:32:04,962 [INFO] Rule:233 - rule SPDIFRX instance for project manager is applicable
2026-04-14 23:32:04,962 [INFO] Rule:233 - rule ADC Scan  fix with FW F7 is applicable
2026-04-14 23:32:04,962 [INFO] Rule:233 - rule ADC Scan  fix with FW F7 is applicable
2026-04-14 23:32:04,962 [INFO] Rule:233 - rule DFSDM instance value for IP DFSDM is applicable
2026-04-14 23:32:04,962 [INFO] Rule:233 - rule DFSDM instance for mcu is applicable
2026-04-14 23:32:04,962 [INFO] Rule:233 - rule DFSDM instance for VP is applicable
2026-04-14 23:32:04,962 [INFO] Rule:233 - rule DFSDM instance for signal is applicable
2026-04-14 23:32:04,962 [INFO] Rule:233 - rule DFSDM instance for shared is applicable
2026-04-14 23:32:04,962 [INFO] Rule:233 - rule BreakInputSource parameter for IP Timer is applicable
2026-04-14 23:32:04,962 [INFO] Rule:233 - rule Sourcebreak parameter for IP Timer is applicable
2026-04-14 23:32:04,962 [INFO] Rule:233 - rule Sourcebreak parameter for IP Timer is applicable
2026-04-14 23:32:04,962 [INFO] Rule:233 - rule DFSDM for PCC is applicable
2026-04-14 23:32:04,962 [INFO] Rule:233 - rule Serial_Wire Mode is applicable
2026-04-14 23:32:04,962 [INFO] Rule:233 - rule JTAG_4_pins Mode is applicable
2026-04-14 23:32:04,962 [INFO] Rule:233 - rule JTAG_5_pins Mode is applicable
2026-04-14 23:32:04,962 [INFO] Rule:233 - rule Trace_Asynchronous_SW Mode is applicable
2026-04-14 23:32:04,962 [INFO] Rule:233 - rule Trace_Synchro_1bit_JTAG Mode is applicable
2026-04-14 23:32:04,962 [INFO] Rule:233 - rule Trace_Synchro_2bits_JTAG Mode is applicable
2026-04-14 23:32:04,962 [INFO] Rule:233 - rule Trace_Synchro_4bits_JTAG Mode is applicable
2026-04-14 23:32:04,962 [INFO] Rule:233 - rule Trace_Synchro_1bit_SW Mode is applicable
2026-04-14 23:32:04,962 [INFO] Rule:233 - rule Trace_Synchro_2bits_SW Mode is applicable
2026-04-14 23:32:04,962 [INFO] Rule:233 - rule Trace_Synchro_4bits_SW Mode is applicable
2026-04-14 23:32:04,962 [INFO] Rule:233 - rule SYS_WakeUp0 Mode is applicable
2026-04-14 23:32:04,962 [INFO] Rule:233 - rule SYS_WakeUp0 Mode for STM32F446 is applicable
2026-04-14 23:32:04,962 [INFO] Rule:233 - rule SYS_WakeUp1 Mode is applicable
2026-04-14 23:32:04,962 [INFO] Rule:233 - rule SYS_WakeUp1 Mode for STM32F446 is applicable
2026-04-14 23:32:04,962 [INFO] Rule:233 - rule SYS_WakeUp2 Mode is applicable
2026-04-14 23:32:04,962 [INFO] Rule:233 - rule SYS_WakeUp3 Mode is applicable
2026-04-14 23:32:04,962 [INFO] Rule:233 - rule SYS_WakeUp4 Mode is applicable
2026-04-14 23:32:04,962 [INFO] Rule:233 - rule SYS_WakeUp5 Mode is applicable
2026-04-14 23:32:04,962 [INFO] Rule:233 - rule SYS_WakeUp6 Mode is applicable
2026-04-14 23:32:04,962 [INFO] Rule:233 - rule SYS_WakeUp7 Mode is applicable
2026-04-14 23:32:04,962 [INFO] Rule:233 - rule WakeUp0 Mode is applicable
2026-04-14 23:32:04,962 [INFO] Rule:233 - rule WakeUp0 SIGNAL is applicable
2026-04-14 23:32:04,962 [INFO] Rule:233 - rule WakeUp1 Mode is applicable
2026-04-14 23:32:04,962 [INFO] Rule:233 - rule WakeUp1 SIGNAL is applicable
2026-04-14 23:32:04,962 [INFO] Rule:233 - rule WakeUp2 Mode is applicable
2026-04-14 23:32:04,962 [INFO] Rule:233 - rule WakeUp2 SIGNAL is applicable
2026-04-14 23:32:04,963 [INFO] Rule:233 - rule WakeUp4 Mode is applicable
2026-04-14 23:32:04,963 [INFO] Rule:233 - rule WakeUp4 SIGNAL is applicable
2026-04-14 23:32:04,963 [INFO] Rule:233 - rule WakeUp5 Mode is applicable
2026-04-14 23:32:04,963 [INFO] Rule:233 - rule WakeUp5 SIGNAL is applicable
2026-04-14 23:32:04,963 [INFO] Rule:233 - rule Mode_PVD_Ext is applicable
2026-04-14 23:32:04,964 [INFO] Rule:233 - rule Mode_PVD_Int is applicable
2026-04-14 23:32:04,965 [INFO] Rule:233 - rule Add RTC Activate Clock Source is applicable
2026-04-14 23:32:04,965 [INFO] Rule:233 - rule Add RTC Activate Calendar 1 is applicable
2026-04-14 23:32:04,966 [INFO] Rule:233 - rule Add RTC Activate Calendar 2 is applicable
2026-04-14 23:32:04,966 [INFO] Rule:233 - rule Add RTC Activate Calendar 3 is applicable
2026-04-14 23:32:04,966 [INFO] Rule:233 - rule UART/USART TX Mode is applicable
2026-04-14 23:32:04,966 [INFO] Rule:233 - rule UART/USART RX Mode is applicable
2026-04-14 23:32:04,966 [INFO] Rule:233 - rule UART/USART RX TX Mode is applicable
2026-04-14 23:32:04,966 [INFO] Rule:233 - rule UART/USART PARITY NONE is applicable
2026-04-14 23:32:04,966 [INFO] Rule:233 - rule UART/USART PARITY EVEN is applicable
2026-04-14 23:32:04,966 [INFO] Rule:233 - rule UART/USART PARITY ODD is applicable
2026-04-14 23:32:04,966 [INFO] Rule:233 - rule USART StopBits 1 is applicable
2026-04-14 23:32:04,966 [INFO] Rule:233 - rule USART StopBits 2 is applicable
2026-04-14 23:32:04,966 [INFO] Rule:233 - rule USART StopBits 1.5 is applicable
2026-04-14 23:32:04,966 [INFO] Rule:233 - rule USART StopBits 0.5 is applicable
2026-04-14 23:32:04,966 [INFO] Rule:233 - rule UART/USART WORD LENGTH 7 is applicable
2026-04-14 23:32:04,966 [INFO] Rule:233 - rule UART/USART WORD LENGTH 8 is applicable
2026-04-14 23:32:04,966 [INFO] Rule:233 - rule UART/USART WORD LENGTH 9 is applicable
2026-04-14 23:32:04,966 [INFO] Rule:233 - rule Rename FMC NAND NCE signal is applicable
2026-04-14 23:32:04,966 [INFO] Rule:233 - rule Rename FMC NAND INT signal is applicable
2026-04-14 23:32:04,966 [INFO] Rule:233 - rule Change Default Value for LSE Drive Capability for WB family is applicable
2026-04-14 23:32:04,966 [INFO] Rule:233 - rule Change Default Value for ADC Clock Prescaler G0 family is applicable
2026-04-14 23:32:04,966 [INFO] Rule:233 - rule Change Default Value for ADC ExternalTrigConv L4 family is applicable
2026-04-14 23:32:04,966 [INFO] Rule:233 - rule Change Default Value for ADC ExternalTrigInjecConv L4 family is applicable
2026-04-14 23:32:04,966 [INFO] Rule:233 - rule Change Default Value for ADC ExternalTrigConv F3 family is applicable
2026-04-14 23:32:04,966 [INFO] Rule:233 - rule Change Default Value for ADC ExternalTrigInjecConv F3 family is applicable
2026-04-14 23:32:04,966 [INFO] Rule:233 - rule Change Default Value for ADC ExternalTrigConv Goldfish serie is applicable
2026-04-14 23:32:04,966 [INFO] Rule:233 - rule Change Default Value for ADC ExternalTrigInjecConv Goldfish serie is applicable
2026-04-14 23:32:04,966 [INFO] Rule:233 - rule Change Default Value for ADC ExternalTrigConv L0 family is applicable
2026-04-14 23:32:04,966 [INFO] Rule:233 - rule Change Default Value for ADC ExternalTrigConv F0 family is applicable
2026-04-14 23:32:04,966 [INFO] Rule:233 - rule Change Default Value for ADC ExternalTrigConvn L1 family is applicable
2026-04-14 23:32:04,966 [INFO] Rule:233 - rule Change Default Value for ADC ExternalTrigInjecConv L1 family is applicable
2026-04-14 23:32:04,966 [INFO] Rule:233 - rule Change Default Value for ADC ExternalTrigConv F1 family is applicable
2026-04-14 23:32:04,966 [INFO] Rule:233 - rule Change Default Value for ADC ExternalTrigInjecConv F1 family is applicable
2026-04-14 23:32:04,966 [INFO] Rule:233 - rule Change Default Value for ADC ExternalTrigConv F7 family is applicable
2026-04-14 23:32:04,966 [INFO] Rule:233 - rule Change Default Value for ADC ExternalTrigInjecConv F7 family is applicable
2026-04-14 23:32:04,966 [INFO] Rule:233 - rule Change Default Value for ADC ExternalTrigConv F4 and F2 family is applicable
2026-04-14 23:32:04,966 [INFO] Rule:233 - rule Change Default Value for ADC ExternalTrigInjecConv F4 and F2 family is applicable
2026-04-14 23:32:04,966 [INFO] Rule:233 - rule ADC SamplingTime fix with FW L0  is applicable
2026-04-14 23:32:04,966 [INFO] Rule:233 - rule ADC SamplingTime fix with FW L0  is applicable
2026-04-14 23:32:04,966 [INFO] Rule:233 - rule ADC SamplingTime fix with FW L0 is applicable
2026-04-14 23:32:04,966 [INFO] Rule:233 - rule ADC SamplingTime fix with FW L0 is applicable
2026-04-14 23:32:04,966 [INFO] Rule:233 - rule ADC SamplingTime fix with FW L0  is applicable
2026-04-14 23:32:04,966 [INFO] Rule:233 - rule ADC SamplingTime fix with FW L0 is applicable
2026-04-14 23:32:04,966 [INFO] Rule:233 - rule Rename USB_OE Signal is applicable
2026-04-14 23:32:04,966 [INFO] Rule:233 - rule Rename Activate_OE Mode is applicable
2026-04-14 23:32:04,966 [INFO] Rule:233 - rule Rename DIE462/DIE415 pin PC14/OSC32_IN -> PC14-OSC32_IN (PC14) is applicable
2026-04-14 23:32:04,967 [INFO] Rule:233 - rule Rename DIE462/DIE415 pin PC15/OSC32_OUT -> PC15-OSC32_OUT (PC15) is applicable
2026-04-14 23:32:04,967 [INFO] Rule:233 - rule Rename DIE462/DIE415 pin PH0/OSC_IN -> PH0-OSC_IN (PH0) is applicable
2026-04-14 23:32:04,967 [INFO] Rule:233 - rule Rename DIE462/DIE415 pin PH1/OSC_OUT -> PH1-OSC_OUT (PH1) is applicable
2026-04-14 23:32:04,967 [INFO] Rule:233 - rule Rename DIE462 pin PA13 -> PA13 (JTMS/SWDIO) is applicable
2026-04-14 23:32:04,967 [INFO] Rule:233 - rule Rename DIE415 pin PA13 -> PA13 (JTMS/SWDIO) is applicable
2026-04-14 23:32:04,967 [INFO] Rule:233 - rule Rename DIE462 pin PA14 -> PA14 (JTCK/SWCLK) is applicable
2026-04-14 23:32:04,967 [INFO] Rule:233 - rule Rename DIE415 pin PA14 -> PA14 (JTCK/SWCLK) is applicable
2026-04-14 23:32:04,967 [INFO] Rule:233 - rule Rename DIE462/DIE415 pin PA15 -> PA15 (JTDI) is applicable
2026-04-14 23:32:04,967 [INFO] Rule:233 - rule Rename DIE462 pin PB3 -> PB3 (JTD0/TRACESWO) is applicable
2026-04-14 23:32:04,967 [INFO] Rule:233 - rule Rename DIE415 pin PB3 -> PB3 (JTD0-TRACESWO) is applicable
2026-04-14 23:32:04,967 [INFO] Rule:233 - rule Rename DIE462/DIE415 pin PB4 -> PB4 (NJTRST) is applicable
2026-04-14 23:32:04,967 [INFO] Rule:233 - rule Rename DIE462 pin PH3/BOOT0 -> PH3-BOOT0 (BOOT0) is applicable
2026-04-14 23:32:04,967 [INFO] Rule:233 - rule Rename CRYP DataEncryptionTypesList to Algorithm is applicable
2026-04-14 23:32:04,967 [INFO] Rule:233 - rule Rename AES DataEncryptionTypesList to Algorithm is applicable
2026-04-14 23:32:04,967 [INFO] Rule:233 - rule Rename TDESECB to CRYP_TDES_ECB is applicable
2026-04-14 23:32:04,967 [INFO] Rule:233 - rule Rename TDESCBC to CRYP_TDES_CBC is applicable
2026-04-14 23:32:04,967 [INFO] Rule:233 - rule Rename DESECB to CRYP_DES_ECB is applicable
2026-04-14 23:32:04,967 [INFO] Rule:233 - rule Rename DESCBC to CRYP_DES_CBC is applicable
2026-04-14 23:32:04,967 [INFO] Rule:233 - rule Rename AESECB to CRYP_AES_ECB is applicable
2026-04-14 23:32:04,967 [INFO] Rule:233 - rule Rename AESCBC to CRYP_AES_CBC is applicable
2026-04-14 23:32:04,967 [INFO] Rule:233 - rule Rename AESCTR to CRYP_AES_CTR is applicable
2026-04-14 23:32:04,967 [INFO] Rule:233 - rule Rename AESGCM to CRYP_AES_GCM is applicable
2026-04-14 23:32:04,967 [INFO] Rule:233 - rule Rename AESCCM to CRYP_AES_CCM is applicable
2026-04-14 23:32:04,967 [INFO] Rule:233 - rule Rename CAN TimeSeg1 to BS1 is applicable
2026-04-14 23:32:04,967 [INFO] Rule:233 - rule Rename CAN TimeSeg2 to BS2 is applicable
2026-04-14 23:32:04,967 [INFO] Rule:233 - rule Rename CAN SyncJumpWidth to SJW is applicable
2026-04-14 23:32:04,967 [INFO] Rule:233 - rule TimeTriggeredMode to TTCM is applicable
2026-04-14 23:32:04,967 [INFO] Rule:233 - rule Rename CAN AutoBusOff to ABOM is applicable
2026-04-14 23:32:04,967 [INFO] Rule:233 - rule Rename CAN AutoWakeUp to AWUM is applicable
2026-04-14 23:32:04,967 [INFO] Rule:233 - rule Rename CAN AutoRetransmission to NART is applicable
2026-04-14 23:32:04,967 [INFO] Rule:233 - rule Rename CAN ReceiveFifoLocked to RFLM is applicable
2026-04-14 23:32:04,967 [INFO] Rule:233 - rule Rename CAN TransmitFifoPriority to TXFP is applicable
2026-04-14 23:32:04,967 [INFO] Rule:233 - rule Rename HRTIMER HRTIM_OUTPUTFAULTLEVEL_HIGH in HRTIMER HRTIM_OUTPUTFAULTLEVEL_HIGHZ is applicable
2026-04-14 23:32:04,967 [INFO] Rule:233 - rule Rename TIMER TIM_CLEARINPUTSOURCE_OCREFCLR in  TIMER TIM_CLEARINPUTSOURCE_NONE for F7 family is applicable
2026-04-14 23:32:04,967 [INFO] Rule:233 - rule FDCAN_R1 - Rename FDCAN mode Master into Classic is applicable
2026-04-14 23:32:04,967 [INFO] Rule:233 - rule FDCAN_R2 - Rename FDCAN mode Slave into Classic is applicable
2026-04-14 23:32:04,967 [INFO] Rule:233 - rule FDCAN1_R3 - if PA10.Mode=FullDuplex, add Pin PA12 is applicable
2026-04-14 23:32:04,967 [INFO] Rule:233 - rule FDCAN1_R3 - if PA9.Mode=FullDuplex, add Pin PA11 is applicable
2026-04-14 23:32:04,967 [INFO] Rule:233 - rule FDCAN1_R3 - Alternatepin_1 - if PE1.Mode=FullDuplex, add Pin PB9 is applicable
2026-04-14 23:32:04,967 [INFO] Rule:233 - rule FDCAN1_R3 - Alternatepin_1 - if PE0.Mode=FullDuplex, add Pin PB8 is applicable
2026-04-14 23:32:04,967 [INFO] Rule:233 - rule FDCAN1_R3 - Alternatepin_2 - if PD5.Mode=FullDuplex, add Pin PD1 is applicable
2026-04-14 23:32:04,967 [INFO] Rule:233 - rule FDCAN1_R3 - Alternatepin_2 - if PD4.Mode=FullDuplex, add Pin PD0 is applicable
2026-04-14 23:32:04,967 [INFO] Rule:233 - rule FDCAN1_R4 - Rename Mode FullDuplex into Enable FDCAN_TXFD for pin PA10 is applicable
2026-04-14 23:32:04,967 [INFO] Rule:233 - rule FDCAN1_R4 - Rename Mode FullDuplex into Enable FDCAN_TXFD for pin PA9 is applicable
2026-04-14 23:32:04,967 [INFO] Rule:233 - rule FDCAN1_R4 - Alternatepin_1 - Rename Mode FullDuplex into Enable FDCAN_TXFD for pin PE1 is applicable
2026-04-14 23:32:04,967 [INFO] Rule:233 - rule FDCAN1_R4 - Alternatepin_1 - Rename Mode FullDuplex into Enable FDCAN_TXFD for pin PE0 is applicable
2026-04-14 23:32:04,967 [INFO] Rule:233 - rule FDCAN1_R4 - Alternatepin_2 - Rename Mode FullDuplex into Enable FDCAN_TXFD for pin PD5 is applicable
2026-04-14 23:32:04,967 [INFO] Rule:233 - rule FDCAN1_R4 - Alternatepin_2 - Rename Mode FullDuplex into Enable FDCAN_TXFD for pin PD4 is applicable
2026-04-14 23:32:04,968 [INFO] Rule:233 - rule FDCAN2_R3 - if PD10.Mode=FullDuplex, add Pin PB13 is applicable
2026-04-14 23:32:04,968 [INFO] Rule:233 - rule FDCAN2_R3 - if PD9.Mode=FullDuplex, add Pin PB12 is applicable
2026-04-14 23:32:04,968 [INFO] Rule:233 - rule FDCAN2_R3 - Alternatepin_1 - if PB7.Mode=FullDuplex, add Pin PB6 is applicable
2026-04-14 23:32:04,968 [INFO] Rule:233 - rule FDCAN2_R3 - Alternatepin_1 - if PD9.Mode=FullDuplex, add Pin PB12 is applicable
2026-04-14 23:32:04,968 [INFO] Rule:233 - rule FDCAN2_R4 - Rename Mode FullDuplex into Enable FDCAN_TXFD for pin PD10 is applicable
2026-04-14 23:32:04,968 [INFO] Rule:233 - rule FDCAN2_R4 - Rename Mode FullDuplex into Enable FDCAN_TXFD for pin PD9 is applicable
2026-04-14 23:32:04,968 [INFO] Rule:233 - rule FDCAN2_R4 - Alternatepin_1 - Rename Mode FullDuplex into Enable FDCAN_TXFD for pin PB7 is applicable
2026-04-14 23:32:04,968 [INFO] Rule:233 - rule FDCAN2_R4 - Alternatepin_1 - Rename Mode FullDuplex into Enable FDCAN_TXFD for pin PD6 is applicable
2026-04-14 23:32:04,968 [INFO] Rule:233 - rule USART TxPinLevelInvertParam Mode is applicable
2026-04-14 23:32:04,968 [INFO] Rule:233 - rule USART RxPinLevelInvertParam Mode is applicable
2026-04-14 23:32:04,968 [INFO] Rule:233 - rule USART DataInvertParam Mode is applicable
2026-04-14 23:32:04,968 [INFO] Rule:233 - rule USART SwapParam Mode is applicable
2026-04-14 23:32:04,968 [INFO] Rule:233 - rule USART OverrunDisableParam Mode is applicable
2026-04-14 23:32:04,968 [INFO] Rule:233 - rule USART DMADisableonRxErrorParam Mode is applicable
2026-04-14 23:32:04,968 [INFO] Rule:233 - rule USART MSBFirstParam Mode is applicable
2026-04-14 23:32:04,968 [INFO] Rule:233 - rule Update MwName for USB_DEVICE is applicable
2026-04-14 23:32:04,968 [INFO] Rule:233 - rule Change PWR_Regulator_Voltage_Scale Default Value for RCC  H7 family is applicable
2026-04-14 23:32:04,968 [INFO] Rule:233 - rule UART/USART IPParameter rename Prescaler parameter to ClockPrescaler is applicable
2026-04-14 23:32:04,968 [INFO] Rule:233 - rule UART/USART Prescaler rename Prescaler parameter to ClockPrescaler is applicable
2026-04-14 23:32:04,968 [INFO] Rule:233 - rule TIM1CLockSelection is applicable
2026-04-14 23:32:04,968 [INFO] Rule:233 - rule TIM15CLockSelection is applicable
2026-04-14 23:32:04,968 [INFO] Rule:233 - rule align RCC SDMMC3CLockSelection default value on MP1 is applicable
2026-04-14 23:32:04,968 [INFO] Rule:233 - rule align RCC SDMMC12CLockSelection default value on MP1 is applicable
2026-04-14 23:32:04,968 [INFO] Rule:233 - rule align RCC QSPICLockSelection default value on MP1 is applicable
2026-04-14 23:32:04,968 [INFO] Rule:233 - rule align RCC QSPICLockSelection default value on MP1 is applicable
2026-04-14 23:32:04,968 [INFO] Rule:233 - rule align RCC SPI6CLockSelection default value on MP1 is applicable
2026-04-14 23:32:04,968 [INFO] Rule:233 - rule align RCC LPTIM23CLockSelection default value on MP1 is applicable
2026-04-14 23:32:04,968 [INFO] Rule:233 - rule align RCC LPTIM1CLockSelection default value on MP1 is applicable
2026-04-14 23:32:04,968 [INFO] Rule:233 - rule align RCC USART1CLockSelection default value on MP1 is applicable
2026-04-14 23:32:04,968 [INFO] Rule:233 - rule align RCC USART24CLockSelection default value on MP1 is applicable
2026-04-14 23:32:04,968 [INFO] Rule:233 - rule align RCC USART6CLockSelection default value on MP1 is applicable
2026-04-14 23:32:04,968 [INFO] Rule:233 - rule align RCC UART78CLockSelection default value on MP1 is applicable
2026-04-14 23:32:04,968 [INFO] Rule:233 - rule align RCC USART35CLockSelection default value on MP1 is applicable
2026-04-14 23:32:04,968 [INFO] Rule:233 - rule align RCC SPI45CLockSelection default value on MP1 is applicable
2026-04-14 23:32:04,968 [INFO] Rule:233 - rule align RCC I2C46CLockSelection BCLK value on MP1 is applicable
2026-04-14 23:32:04,968 [INFO] Rule:233 - rule align RCC SPI45CLockSelection default value on MP1 is applicable
2026-04-14 23:32:04,968 [INFO] Rule:233 - rule align RCC I2C12CLockSelection default value on MP1 is applicable
2026-04-14 23:32:04,968 [INFO] Rule:233 - rule align RCC I2C35CLockSelection default value on MP1 is applicable
2026-04-14 23:32:04,968 [INFO] Rule:233 - rule align RCC LPTIM45CLockSelection default value on MP1 is applicable
2026-04-14 23:32:04,968 [INFO] Rule:233 - rule Rename DCMI PIXCK signal is applicable
2026-04-14 23:32:04,969 [INFO] Rule:233 - rule Change Default Value for I2C46CLockSelection MP1 family is applicable
2026-04-14 23:32:04,969 [INFO] Rule:233 - rule Change Default Value for UART for G4, G0 and WB families is applicable
2026-04-14 23:32:04,970 [INFO] Rule:233 - rule Change Default Value for USART for G4, G0 and WB families is applicable
2026-04-14 23:32:04,970 [INFO] Rule:233 - rule Change Default Value for USART for G4 family is applicable
2026-04-14 23:32:04,970 [INFO] Rule:233 - rule Change USART1CLockSelection refparam name for MP1 is applicable
2026-04-14 23:32:04,970 [INFO] Rule:233 - rule Change USART2CLockSelection refparam name for MP1 is applicable
2026-04-14 23:32:04,970 [INFO] Rule:233 - rule Change USART3CLockSelection refparam name for MP1 is applicable
2026-04-14 23:32:04,971 [INFO] Rule:233 - rule Change UART4CLockSelection refparam name for MP1 is applicable
2026-04-14 23:32:04,971 [INFO] Rule:233 - rule Change UART5CLockSelection refparam name for MP1 is applicable
2026-04-14 23:32:04,971 [INFO] Rule:233 - rule Change LPUART1CLockSelection refparam name for MP1 is applicable
2026-04-14 23:32:04,971 [INFO] Rule:233 - rule Change LPTIM1CLockSelection refparam name for MP1 is applicable
2026-04-14 23:32:04,971 [INFO] Rule:233 - rule Change LPTIM2CLockSelection refparam name for MP1 is applicable
2026-04-14 23:32:04,971 [INFO] Rule:233 - rule Change RCC_MCO1Source refparam name for MP1 is applicable
2026-04-14 23:32:04,971 [INFO] Rule:233 - rule Change LSCOSource1 refparam name for MP1 is applicable
2026-04-14 23:32:04,971 [INFO] Rule:233 - rule Change SMPSCLockSelection refparam name for MP1 is applicable
2026-04-14 23:32:04,971 [INFO] Rule:233 - rule Change LPTIM3CLockSelection refparam name for MP1 is applicable
2026-04-14 23:32:04,971 [INFO] Rule:233 - rule Change MPCBB* Default Template Mode to Parameters is applicable
2026-04-14 23:32:04,971 [INFO] Rule:233 - rule Change MPCWM* or MPCBB* Secure Mode to Parameters is applicable
2026-04-14 23:32:04,971 [INFO] Rule:233 - rule Change MPCWM* or MPCBB* No Secure Mode to Parameters is applicable
2026-04-14 23:32:04,971 [INFO] Rule:233 - rule Change TZSC IP Secure Mode to Parameters is applicable
2026-04-14 23:32:04,971 [INFO] Rule:233 - rule Change TZSC IP No Secure Mode to Parameters is applicable
2026-04-14 23:32:04,971 [INFO] Rule:233 - rule Change TZSC IP Privilege Mode to Parameters is applicable
2026-04-14 23:32:04,971 [INFO] Rule:233 - rule Change TZSC IP No Privilege Mode to Parameters is applicable
2026-04-14 23:32:04,971 [INFO] Rule:233 - rule Change TZIC IT Secure Mode to Parameters is applicable
2026-04-14 23:32:04,971 [INFO] Rule:233 - rule Change TZIC IT No Secure Mode to Parameters is applicable
2026-04-14 23:32:04,971 [INFO] Rule:233 - rule Add MPCBB1_NonSecureArea_Start_Address value with referenced to MPCBB1_NonSecureArea_Start value is applicable
2026-04-14 23:32:04,971 [INFO] Rule:233 - rule Add MPCBB2_NonSecureArea_Start_Address value with referenced to MPCBB2_NonSecureArea_Start value is applicable
2026-04-14 23:32:04,971 [INFO] Rule:233 - rule Add MPCWM1_NonSecureArea*_Start_Address value with referenced to MPCWM1_NonSecureArea*_Start value is applicable
2026-04-14 23:32:04,972 [INFO] Rule:233 - rule Add MPCWM2_NonSecureArea*_Start_Address value with referenced to MPCWM2_NonSecureArea*_Start value is applicable
2026-04-14 23:32:04,972 [INFO] Rule:233 - rule Add MPCWM3_NonSecureArea_Start_Address value with referenced to MPCWM3_NonSecureArea_Start value is applicable
2026-04-14 23:32:04,972 [INFO] Rule:233 - rule Change Default Value for PLL1UserDefinedConfig is applicable
2026-04-14 23:32:04,972 [INFO] Rule:233 - rule Change GPIO_PuPd Default Value for USART in async mode is applicable
2026-04-14 23:32:04,972 [INFO] Rule:233 - rule Change SMPSDivider Default Value is applicable
2026-04-14 23:32:04,972 [INFO] Rule:233 - rule OPAMP is applicable
2026-04-14 23:32:04,972 [INFO] Rule:233 - rule LPUART IPParameter rename Prescaler parameter to ClockPrescaler for STM32H7 is applicable
2026-04-14 23:32:04,972 [INFO] Rule:233 - rule LPUART IPParameter rename Prescaler parameter to ClockPrescaler for STM32H7 is applicable
2026-04-14 23:32:04,972 [INFO] Rule:233 - rule LPUART IPParameter rename Prescaler parameter to ClockPrescaler for STM32WB is applicable
2026-04-14 23:32:04,972 [INFO] Rule:233 - rule LPUART IPParameter rename Prescaler parameter to ClockPrescaler for STM32WB is applicable
2026-04-14 23:32:04,972 [INFO] Rule:233 - rule LPUART IPParameter rename Prescaler parameter to ClockPrescaler for STM32G4 is applicable
2026-04-14 23:32:04,972 [INFO] Rule:233 - rule LPUART IPParameter rename Prescaler parameter to ClockPrescaler for STM32G4 is applicable
2026-04-14 23:32:04,972 [INFO] Rule:233 - rule LPUART IPParameter rename Prescaler parameter to ClockPrescaler for STM32L5 is applicable
2026-04-14 23:32:04,972 [INFO] Rule:233 - rule LPUART IPParameter rename Prescaler parameter to ClockPrescaler for STM32L5 is applicable
2026-04-14 23:32:04,972 [INFO] Rule:233 - rule LPUART IPParameter rename Prescaler parameter to ClockPrescaler for STM32G4 is applicable
2026-04-14 23:32:04,972 [INFO] Rule:233 - rule LPUART IPParameter rename Prescaler parameter to ClockPrescaler for STM32G4 is applicable
2026-04-14 23:32:04,972 [INFO] Rule:233 - rule USB device lib V2.5.3 for L0 rename USBD_SUPPORT_USER_STRING parameter to USBD_SUPPORT_USER_STRING_DESC4 is applicable
2026-04-14 23:32:04,972 [INFO] Rule:233 - rule I2SCLockSelection clock entry align is applicable
2026-04-14 23:32:04,972 [INFO] Rule:233 - rule Assign TIMx context if used as SYS timebase is applicable
2026-04-14 23:32:04,972 [INFO] Rule:233 - rule Change GPIO_Pu Default Value for I2C is applicable
2026-04-14 23:32:04,972 [INFO] Rule:233 - rule Change GPIO_Pu Default Value for SMBus is applicable
2026-04-14 23:32:04,972 [INFO] Rule:233 - rule change FDCAN default value is applicable
2026-04-14 23:32:04,972 [INFO] Rule:233 - rule Change mode sai is applicable
2026-04-14 23:32:04,972 [INFO] Rule:233 - rule **Change sai mode is applicable
2026-04-14 23:32:04,972 [INFO] Rule:233 - rule Rename STM32WPAN CFG_BLE_IRK to CFG_BLE_IR is applicable
2026-04-14 23:32:04,972 [INFO] Rule:233 - rule Rename STM32WPAN CFG_BLE_ERK to CFG_BLE_ER is applicable
2026-04-14 23:32:04,972 [INFO] Rule:233 - rule Rename STM32WPAN CFG_BLE_IRK_HEX to CFG_BLE_IR_HEX is applicable
2026-04-14 23:32:04,972 [INFO] Rule:233 - rule Rename STM32WPAN CFG_BLE_ERK_HEX to CFG_BLE_ER_HEX is applicable
2026-04-14 23:32:04,972 [INFO] Rule:233 - rule Adapt Old IOC before rework replace old CORTEX_M33/CORTEX_M55 attributes by the new one. is applicable
2026-04-14 23:32:04,972 [INFO] Rule:233 - rule Rename parametre of RCC RCC_APBDBG_DIV2 to RCC_TIMPRES_DIV2 is applicable
2026-04-14 23:32:04,972 [INFO] Rule:233 - rule Rename DIE493 pin PA10 [PA12] -> PA10 is applicable
2026-04-14 23:32:04,972 [INFO] Rule:233 - rule Rename DIE493 pin PA9 [PA11] -> PA9 is applicable
2026-04-14 23:32:04,972 [INFO] Rule:233 - rule Rename DIE492 PartNumber CPN STM32WBA5MJGHx -> STM32WBA5MMGHx is applicable
2026-04-14 23:32:04,972 [INFO] Rule:233 - rule Rename DIE492 PartNumber  Name STM32WBA5MJGHx -> STM32WBA5MMGHx is applicable
2026-04-14 23:32:04,972 [INFO] Rule:233 - rule Rename DIE492 PartNumber UserName STM32WBA5MJGHx -> STM32WBA5MMGHx is applicable
2026-04-14 23:32:04,972 [INFO] Rule:233 - rule Rename DIE492 PartNumber DeviceId STM32WBA5MJGHx -> STM32WBA5MMGHx is applicable
2026-04-14 23:32:04,973 [INFO] Rule:233 - rule Adapt Old IOC CSI. is applicable
2026-04-14 23:32:04,973 [INFO] Rule:233 - rule Adapt Old IOC DCMIPP. is applicable
2026-04-14 23:32:04,973 [INFO] Rule:233 - rule Adapt Old IOC DCMIPP Mode Parallel. is applicable
2026-04-14 23:32:04,973 [INFO] Rule:233 - rule Adapt Old IOC LTDC. is applicable
2026-04-14 23:32:04,973 [INFO] Rule:233 - rule Rename STM32MP2 RIF Peripheral LTDC RIF.RISUP.LTDC_L0L1.Privilege -> RIF.RISUP.LTDC_L1L2.Privilege is applicable
2026-04-14 23:32:04,973 [INFO] Rule:233 - rule Rename STM32MP2 RIF Peripheral LTDC RIF.RISUP.LTDC_L0L1.Privilege -> RIF.RISUP.LTDC_L1L2.Privilege is applicable
2026-04-14 23:32:04,973 [INFO] Rule:233 - rule Rename STM32MP2 RIF Peripheral LTDC RIF.RISUP.LTDC_L0L1.Lock -> RIF.RISUP.LTDC_L1L2.Lock is applicable
2026-04-14 23:32:04,973 [INFO] Rule:233 - rule Rename STM32MP2 RIF Peripheral LTDC RIF.RISUP.LTDC_L2.Lock -> RIF.RISUP.LTDC_L3.Lock is applicable
2026-04-14 23:32:04,973 [INFO] Rule:233 - rule Adapt the old IOC example for updating the SYS when it is misconfigured. is applicable
2026-04-14 23:32:04,973 [INFO] Rule:233 - rule Rename STM32C09 Mcu.Package LQFP64 -> LQFP48 is applicable
2026-04-14 23:32:04,973 [INFO] Rule:233 - rule Adapt the old IOC example for updating the SYS when it is misconfigured. is applicable
2026-04-14 23:32:04,973 [INFO] Rule:233 - rule Adapt the old IOC example for updating the SYS when it is misconfigured. is applicable
2026-04-14 23:32:05,005 [INFO] DbConfProperties:307 - Apply Compatibility (82/313 Rules)
2026-04-14 23:32:05,018 [INFO] ImportTextPane:234 - (OptionalMessage_ERROR) Unable to find key (Mcu.ThirdPartyNb) in loaded IOC file
2026-04-14 23:32:05,023 [INFO] ImportTextPane:234 - (OptionalMessage_ERROR) Pin11 (VP_RIF_VS_RIF1) cannot be retrieved for this MCU
2026-04-14 23:32:05,050 [INFO] RtosManager:558 - Registered RTOS mode: class=CMSIS, group=RTOS, mode=CMSIS_V1, owner=FREERTOS
2026-04-14 23:32:05,051 [INFO] RtosManager:558 - Registered RTOS mode: class=CMSIS, group=RTOS2, mode=CMSIS_V2, owner=FREERTOS
2026-04-14 23:32:05,051 [INFO] RtosManager:558 - Registered RTOS mode: class=RTOS, group=Core, mode=CMSIS_V1, owner=FREERTOS
2026-04-14 23:32:05,051 [INFO] RtosManager:558 - Registered RTOS mode: class=RTOS, group=Core, mode=CMSIS_V2, owner=FREERTOS
2026-04-14 23:32:05,051 [WARN] ModelIntegratedComponent:184 - Missing modes for component STMicroelectronics:FreeRTOS:0.0.1:STMicroelectronics:RTOS:FreeRTOS:Core:::10.2.0:
2026-04-14 23:32:05,052 [WARN] ModelIntegratedComponent:63 - No mode defined for component null
2026-04-14 23:32:05,052 [WARN] ModelIntegratedComponent:63 - No mode defined for component null
2026-04-14 23:32:05,052 [WARN] ModelIntegratedComponent:63 - No mode defined for component null
2026-04-14 23:32:05,052 [WARN] ModelIntegratedComponent:63 - No mode defined for component null
2026-04-14 23:32:05,052 [WARN] ModelIntegratedComponent:63 - No mode defined for component null
2026-04-14 23:32:05,052 [WARN] ModelIntegratedComponent:63 - No mode defined for component null
2026-04-14 23:32:05,052 [WARN] ModelIntegratedComponent:63 - No mode defined for component null
2026-04-14 23:32:05,052 [WARN] ModelIntegratedComponent:63 - No mode defined for component null
2026-04-14 23:32:05,052 [WARN] ModelIntegratedComponent:63 - No mode defined for component null
2026-04-14 23:32:05,052 [WARN] ModelIntegratedComponent:63 - No mode defined for component null
2026-04-14 23:32:05,052 [WARN] ModelIntegratedComponent:63 - No mode defined for component null
2026-04-14 23:32:05,052 [WARN] ModelIntegratedComponent:63 - No mode defined for component null
2026-04-14 23:32:05,052 [WARN] ModelIntegratedComponent:63 - No mode defined for component null
2026-04-14 23:32:05,052 [WARN] ModelIntegratedComponent:63 - No mode defined for component null
2026-04-14 23:32:05,052 [WARN] ModelIntegratedComponent:63 - No mode defined for component null
2026-04-14 23:32:05,052 [WARN] ModelIntegratedComponent:63 - No mode defined for component null
2026-04-14 23:32:05,052 [WARN] ModelIntegratedComponent:63 - No mode defined for component null
2026-04-14 23:32:05,052 [WARN] ModelIntegratedComponent:63 - No mode defined for component null
2026-04-14 23:32:05,052 [WARN] ModelIntegratedComponent:63 - No mode defined for component null
2026-04-14 23:32:05,052 [WARN] ModelIntegratedComponent:63 - No mode defined for component null
2026-04-14 23:32:05,052 [WARN] ModelIntegratedComponent:63 - No mode defined for component null
2026-04-14 23:32:05,052 [WARN] ModelIntegratedComponent:63 - No mode defined for component null
2026-04-14 23:32:05,053 [WARN] ModelIntegratedComponent:63 - No mode defined for component null
2026-04-14 23:32:05,053 [WARN] ModelIntegratedComponent:63 - No mode defined for component null
2026-04-14 23:32:05,053 [WARN] ModelIntegratedComponent:63 - No mode defined for component null
2026-04-14 23:32:05,053 [WARN] ModelIntegratedComponent:63 - No mode defined for component null
2026-04-14 23:32:05,053 [WARN] ModelIntegratedComponent:63 - No mode defined for component null
2026-04-14 23:32:05,053 [WARN] ModelIntegratedComponent:63 - No mode defined for component null
2026-04-14 23:32:05,053 [WARN] ModelIntegratedComponent:63 - No mode defined for component null
2026-04-14 23:32:05,053 [WARN] ModelIntegratedComponent:63 - No mode defined for component null
2026-04-14 23:32:05,053 [WARN] ModelIntegratedComponent:63 - No mode defined for component null
2026-04-14 23:32:05,053 [WARN] ModelIntegratedComponent:63 - No mode defined for component null
2026-04-14 23:32:05,053 [WARN] ModelIntegratedComponent:63 - No mode defined for component null
2026-04-14 23:32:05,053 [WARN] ModelIntegratedComponent:63 - No mode defined for component null
2026-04-14 23:32:05,053 [WARN] ModelIntegratedComponent:63 - No mode defined for component null
2026-04-14 23:32:05,053 [WARN] ModelPack:524 - Component already loaded: STMicroelectronics:HAL Drivers:0.0.0:STMicroelectronics:Device:STMicro_Driver:XSPI:HAL::0.0.1:HAL_XSPI
2026-04-14 23:32:05,059 [INFO] ThirdPartyModel:298 - Start build external matchings
2026-04-14 23:32:05,060 [INFO] ThirdPartyModel:316 - End build external matchings
2026-04-14 23:32:05,402 [INFO] UtilMem:75 - End LoadConfig() Used Memory: 429436616 Bytes (867172352)
2026-04-14 23:32:05,556 [WARN] ThirdParty:833 - waiting for thirdparty lock release [change project]
2026-04-14 23:32:05,559 [INFO] ThirdParty:835 - entering critical section [change project]
2026-04-14 23:32:05,559 [INFO] ThirdParty:1030 - CMSIS Pack Vendor :STMicroelectronics USBPD 4.1
2026-04-14 23:32:05,559 [INFO] ThirdParty:1030 - CMSIS Pack Vendor :STMicroelectronics ThreadX 1.0.0
2026-04-14 23:32:05,559 [INFO] ThirdParty:1030 - CMSIS Pack Vendor :STMicroelectronics USB_HOST 2.0.0
2026-04-14 23:32:05,559 [INFO] ThirdParty:1030 - CMSIS Pack Vendor :STMicroelectronics LIBJPEG 8.0.0
2026-04-14 23:32:05,560 [INFO] ThirdParty:1030 - CMSIS Pack Vendor :STMicroelectronics FreeRTOS 0.0.1
2026-04-14 23:32:05,560 [INFO] ThirdParty:1030 - CMSIS Pack Vendor :STMicroelectronics USB_DEVICE 1.0.0
2026-04-14 23:32:05,560 [INFO] ThirdParty:1030 - CMSIS Pack Vendor :STMicroelectronics STM32_WPAN 1.0.0
2026-04-14 23:32:05,560 [INFO] ThirdParty:1030 - CMSIS Pack Vendor :STMicroelectronics USB_DEVICE 3.0.0
2026-04-14 23:32:05,560 [INFO] ThirdParty:1030 - CMSIS Pack Vendor :STMicroelectronics HAL Drivers 0.0.0
2026-04-14 23:32:05,560 [INFO] ThirdParty:1030 - CMSIS Pack Vendor :STMicroelectronics MBEDTLS 2.16.2
2026-04-14 23:32:05,560 [INFO] ThirdParty:1030 - CMSIS Pack Vendor :STMicroelectronics ThreadX 0.0.2
2026-04-14 23:32:05,560 [INFO] ThirdParty:1030 - CMSIS Pack Vendor :STMicroelectronics lwIP 2.0.3
2026-04-14 23:32:05,560 [INFO] ThirdParty:1030 - CMSIS Pack Vendor :STMicroelectronics lwIP 2.1.2
2026-04-14 23:32:05,560 [INFO] ThirdParty:1030 - CMSIS Pack Vendor :STMicroelectronics MBEDTLS 2.14.1
2026-04-14 23:32:05,560 [INFO] ThirdParty:1030 - CMSIS Pack Vendor :STMicroelectronics USB_HOST 1.0.0
2026-04-14 23:32:05,560 [INFO] ThirdParty:1030 - CMSIS Pack Vendor :STMicroelectronics PDM2PCM 3.1.0
2026-04-14 23:32:05,560 [INFO] ThirdParty:1030 - CMSIS Pack Vendor :STMicroelectronics USB_DEVICE 2.0.0
2026-04-14 23:32:05,560 [INFO] ThirdParty:1030 - CMSIS Pack Vendor :STMicroelectronics PDM2PCM 3.2.0
2026-04-14 23:32:05,560 [INFO] ThirdParty:1030 - CMSIS Pack Vendor :STMicroelectronics PDM2PCM 3.3.0
2026-04-14 23:32:05,583 [INFO] ThirdParty:841 - exiting critical section [change project]
2026-04-14 23:32:06,108 [INFO] PinOutPanel:1589 - setPackage(No Configuration,No Configuration)
2026-04-14 23:32:06,116 [INFO] PinOutPanel:1589 - setPackage(STM32F446RETx,LQFP64)
2026-04-14 23:32:06,551 [INFO] UtilMem:75 - Before build in PCC Used Memory: 634421880 Bytes (867172352)
2026-04-14 23:32:06,898 [INFO] UtilMem:75 - After build in PCC Used Memory: 684753528 Bytes (867172352)
2026-04-14 23:32:06,921 [INFO] IPUIPlugin:80 - create IPUIPlugin
2026-04-14 23:32:06,921 [INFO] IPUIPlugin:80 - create IPUIPlugin
2026-04-14 23:32:06,922 [INFO] IPUIPlugin:80 - create IPUIPlugin
2026-04-14 23:32:06,922 [INFO] IPUIPlugin:80 - create IPUIPlugin
2026-04-14 23:32:06,922 [INFO] IPUIPlugin:80 - create IPUIPlugin
2026-04-14 23:32:06,922 [INFO] IPUIPlugin:80 - create IPUIPlugin
2026-04-14 23:32:06,922 [INFO] IPUIPlugin:80 - create IPUIPlugin
2026-04-14 23:32:06,922 [INFO] IPUIPlugin:80 - create IPUIPlugin
2026-04-14 23:32:06,923 [INFO] IPUIPlugin:80 - create IPUIPlugin
2026-04-14 23:32:06,923 [INFO] IPUIPlugin:80 - create IPUIPlugin
2026-04-14 23:32:06,923 [INFO] IPUIPlugin:80 - create IPUIPlugin
2026-04-14 23:32:06,923 [INFO] IPUIPlugin:80 - create IPUIPlugin
2026-04-14 23:32:06,923 [INFO] IPUIPlugin:80 - create IPUIPlugin
2026-04-14 23:32:06,924 [INFO] IPUIPlugin:80 - create IPUIPlugin
2026-04-14 23:32:06,924 [INFO] IPUIPlugin:80 - create IPUIPlugin
2026-04-14 23:32:06,924 [INFO] IPUIPlugin:80 - create IPUIPlugin
2026-04-14 23:32:06,925 [INFO] IPUIPlugin:80 - create IPUIPlugin
2026-04-14 23:32:06,925 [INFO] IPUIPlugin:80 - create IPUIPlugin
2026-04-14 23:32:06,925 [INFO] IPUIPlugin:80 - create IPUIPlugin
2026-04-14 23:32:06,925 [INFO] IPUIPlugin:80 - create IPUIPlugin
2026-04-14 23:32:06,926 [INFO] IPUIPlugin:80 - create IPUIPlugin
2026-04-14 23:32:06,926 [INFO] IPUIPlugin:80 - create IPUIPlugin
2026-04-14 23:32:06,926 [INFO] IPUIPlugin:80 - create IPUIPlugin
2026-04-14 23:32:06,926 [INFO] IPUIPlugin:80 - create IPUIPlugin
2026-04-14 23:32:06,926 [INFO] IPUIPlugin:80 - create IPUIPlugin
2026-04-14 23:32:06,926 [INFO] IPUIPlugin:80 - create IPUIPlugin
2026-04-14 23:32:06,926 [INFO] IPUIPlugin:80 - create IPUIPlugin
2026-04-14 23:32:06,927 [INFO] IPUIPlugin:80 - create IPUIPlugin
2026-04-14 23:32:06,927 [INFO] IPUIPlugin:80 - create IPUIPlugin
2026-04-14 23:32:06,927 [INFO] IPUIPlugin:80 - create IPUIPlugin
2026-04-14 23:32:06,927 [INFO] IPUIPlugin:80 - create IPUIPlugin
2026-04-14 23:32:06,927 [INFO] IPUIPlugin:80 - create IPUIPlugin
2026-04-14 23:32:06,927 [INFO] IPUIPlugin:80 - create IPUIPlugin
2026-04-14 23:32:06,927 [INFO] IPUIPlugin:80 - create IPUIPlugin
2026-04-14 23:32:06,927 [INFO] IPUIPlugin:80 - create IPUIPlugin
2026-04-14 23:32:06,927 [INFO] IPUIPlugin:80 - create IPUIPlugin
2026-04-14 23:32:06,927 [INFO] IPUIPlugin:80 - create IPUIPlugin
2026-04-14 23:32:06,927 [INFO] IPUIPlugin:80 - create IPUIPlugin
2026-04-14 23:32:06,927 [INFO] IPUIPlugin:80 - create IPUIPlugin
2026-04-14 23:32:06,927 [INFO] IPUIPlugin:80 - create IPUIPlugin
2026-04-14 23:32:06,928 [INFO] IPUIPlugin:80 - create IPUIPlugin
2026-04-14 23:32:06,928 [INFO] IPUIPlugin:80 - create IPUIPlugin
2026-04-14 23:32:06,929 [INFO] IPUIPlugin:80 - create IPUIPlugin
2026-04-14 23:32:06,930 [INFO] IPUIPlugin:80 - create IPUIPlugin
2026-04-14 23:32:06,930 [INFO] IPUIPlugin:80 - create IPUIPlugin
2026-04-14 23:32:06,930 [INFO] IPUIPlugin:80 - create IPUIPlugin
2026-04-14 23:32:06,930 [INFO] IPUIPlugin:80 - create IPUIPlugin
2026-04-14 23:32:06,930 [INFO] IPUIPlugin:80 - create IPUIPlugin
2026-04-14 23:32:06,930 [INFO] IPUIPlugin:80 - create IPUIPlugin
2026-04-14 23:32:06,930 [INFO] IPUIPlugin:80 - create IPUIPlugin
2026-04-14 23:32:06,930 [INFO] IPUIPlugin:80 - create IPUIPlugin
2026-04-14 23:32:06,930 [INFO] IPUIPlugin:80 - create IPUIPlugin
2026-04-14 23:32:06,931 [INFO] IPUIPlugin:80 - create IPUIPlugin
2026-04-14 23:32:06,931 [INFO] IPUIPlugin:80 - create IPUIPlugin
2026-04-14 23:32:06,931 [INFO] IPUIPlugin:80 - create IPUIPlugin
2026-04-14 23:32:06,931 [INFO] IPUIPlugin:80 - create IPUIPlugin
2026-04-14 23:32:06,931 [INFO] IPUIPlugin:80 - create IPUIPlugin
2026-04-14 23:32:06,931 [INFO] IPUIPlugin:80 - create IPUIPlugin
2026-04-14 23:32:06,932 [INFO] IPUIPlugin:80 - create IPUIPlugin
2026-04-14 23:32:06,932 [INFO] IPUIPlugin:80 - create IPUIPlugin
2026-04-14 23:32:06,936 [INFO] ApiDbMcu:532 - Load IP Config File for PDM2PCM
2026-04-14 23:32:06,986 [INFO] CADModel:165 - CPN selected for project levelSTM32F446RET6
2026-04-14 23:32:06,986 [INFO] CADModel:114 - Register for checkConnection events
2026-04-14 23:32:07,030 [INFO] OpenFileManager:386 - Restore cursor
2026-04-14 23:32:07,904 [INFO] UtilMem:75 - End SaveConfig() Used Memory: 343899416 Bytes (867172352)
2026-04-14 23:32:07,980 [INFO] UtilMem:75 - End SaveConfig() Used Memory: 364870936 Bytes (867172352)
2026-04-14 23:32:08,024 [ERROR] ConfigurationRetriever:142 - IOException on connection: PKIX path building failed: sun.security.provider.certpath.SunCertPathBuilderException: unable to find valid certification path to requested target
2026-04-14 23:32:08,080 [ERROR] ConfigurationRetriever:142 - IOException on connection: PKIX path building failed: sun.security.provider.certpath.SunCertPathBuilderException: unable to find valid certification path to requested target
2026-04-14 23:32:08,117 [INFO] BlockDiagram:2775 - set Specific Code input for plugin: RCC
2026-04-14 23:32:08,117 [INFO] BlockDiagram:2775 - set Specific Code input for plugin: NVIC
2026-04-14 23:32:08,118 [INFO] BlockDiagram:2775 - set Specific Code input for plugin: GPIO
2026-04-14 23:32:08,118 [INFO] CodeGenerator:892 - code generatio: config db path: /Applications/STM32CubeIDE.app/Contents/Eclipse/plugins/com.st.stm32cube.common.mx_6.15.0.202507011659//db/
2026-04-14 23:32:08,130 [ERROR] ConfigurationRetriever:142 - IOException on connection: PKIX path building failed: sun.security.provider.certpath.SunCertPathBuilderException: unable to find valid certification path to requested target
2026-04-14 23:32:08,248 [INFO] CodeEngine:265 - oldGeneratedFile, /Users/ggpai/Desktop/DMA/workspace/DMA_LED_TOGGLE/MXTmpFiles/license.tmp_save
2026-04-14 23:32:08,495 [INFO] CodeEngine:289 - Generated code: /Users/ggpai/Desktop/DMA/workspace/DMA_LED_TOGGLE/MXTmpFiles/license.tmp
2026-04-14 23:32:08,544 [INFO] CodeEngine:265 - oldGeneratedFile, /Users/ggpai/Desktop/DMA/workspace/DMA_LED_TOGGLE/MXTmpFiles/gpio.tmp_save
2026-04-14 23:32:08,711 [INFO] CodeEngine:289 - Generated code: /Users/ggpai/Desktop/DMA/workspace/DMA_LED_TOGGLE/MXTmpFiles/gpio.tmp
2026-04-14 23:32:08,719 [INFO] CodeEngine:265 - oldGeneratedFile, /Users/ggpai/Desktop/DMA/workspace/DMA_LED_TOGGLE/Core/Src/stm32f4xx_it.c_save
2026-04-14 23:32:08,826 [INFO] CodeEngine:289 - Generated code: /Users/ggpai/Desktop/DMA/workspace/DMA_LED_TOGGLE/Core/Src/stm32f4xx_it.c
2026-04-14 23:32:08,828 [INFO] CodeEngine:265 - oldGeneratedFile, /Users/ggpai/Desktop/DMA/workspace/DMA_LED_TOGGLE/Core/Inc/stm32f4xx_it.h_save
2026-04-14 23:32:08,930 [INFO] CodeEngine:289 - Generated code: /Users/ggpai/Desktop/DMA/workspace/DMA_LED_TOGGLE/Core/Inc/stm32f4xx_it.h
2026-04-14 23:32:08,953 [INFO] CodeEngine:265 - oldGeneratedFile, /Users/ggpai/Desktop/DMA/workspace/DMA_LED_TOGGLE/Core/Src/stm32f4xx_hal_msp.c_save
2026-04-14 23:32:09,118 [INFO] CodeEngine:289 - Generated code: /Users/ggpai/Desktop/DMA/workspace/DMA_LED_TOGGLE/Core/Src/stm32f4xx_hal_msp.c
2026-04-14 23:32:09,121 [INFO] CodeEngine:265 - oldGeneratedFile, /Users/ggpai/Desktop/DMA/workspace/DMA_LED_TOGGLE/MXTmpFiles/system.tmp_save
2026-04-14 23:32:09,183 [INFO] CodeEngine:289 - Generated code: /Users/ggpai/Desktop/DMA/workspace/DMA_LED_TOGGLE/MXTmpFiles/system.tmp
2026-04-14 23:32:09,190 [INFO] CodeEngine:321 - oldGeneratedFile, /Users/ggpai/Desktop/DMA/workspace/DMA_LED_TOGGLE/Core/Inc/stm32f4xx_hal_conf.h_save
2026-04-14 23:32:09,267 [INFO] CodeEngine:345 - Generated code: /Users/ggpai/Desktop/DMA/workspace/DMA_LED_TOGGLE/Core/Inc/stm32f4xx_hal_conf.h
2026-04-14 23:32:09,308 [WARN] IPConfigManager:3238 - Warning: the RefConfig PLL2P_FOR_MCO is not available in your config.xml file
2026-04-14 23:32:09,315 [INFO] ApiDbMcu:532 - Load IP Config File for RCC
2026-04-14 23:32:09,321 [INFO] CodeEngine:265 - oldGeneratedFile, /Users/ggpai/Desktop/DMA/workspace/DMA_LED_TOGGLE/Core/Inc/main.h_save
2026-04-14 23:32:09,402 [INFO] CodeEngine:289 - Generated code: /Users/ggpai/Desktop/DMA/workspace/DMA_LED_TOGGLE/Core/Inc/main.h
2026-04-14 23:32:09,405 [INFO] CodeEngine:265 - oldGeneratedFile, /Users/ggpai/Desktop/DMA/workspace/DMA_LED_TOGGLE/Core/Src/main.c_save
2026-04-14 23:32:09,514 [INFO] CodeEngine:289 - Generated code: /Users/ggpai/Desktop/DMA/workspace/DMA_LED_TOGGLE/Core/Src/main.c
2026-04-14 23:32:09,725 [INFO] ProjectBuilder:3606 - Time for Copy HAL[1] : 100mS.
2026-04-14 23:32:09,727 [INFO] ProjectBuilder:5216 - Project Generator version: 4.7.0-B52
2026-04-14 23:32:09,797 [INFO] ConfigFileManager:1595 - The Die is : DIE421
2026-04-14 23:32:09,806 [INFO] ApiDbMcu:532 - Load IP Config File for FATFS
2026-04-14 23:32:09,816 [INFO] ApiDbMcu:532 - Load IP Config File for FREERTOS
2026-04-14 23:32:09,819 [INFO] ApiDbMcu:532 - Load IP Config File for LIBJPEG
2026-04-14 23:32:09,830 [INFO] ApiDbMcu:532 - Load IP Config File for MBEDTLS
2026-04-14 23:32:09,842 [INFO] ApiDbMcu:532 - Load IP Config File for USB_DEVICE
2026-04-14 23:32:09,846 [INFO] ApiDbMcu:532 - Load IP Config File for USB_HOST
2026-04-14 23:32:12,306 [INFO] ProjectBuilder:5496 - Time for Generating toolchain IDE Files: 2578mS.
2026-04-14 23:32:12,307 [INFO] ProjectBuilder:3463 - Time for Copy CMSIS : 1mS.
2026-04-14 23:32:12,308 [INFO] ProjectBuilder:3463 - Time for Copy CMSIS : 0mS.
2026-04-14 23:32:12,838 [ERROR] ConfigurationRetriever:142 - IOException on connection: PKIX path building failed: sun.security.provider.certpath.SunCertPathBuilderException: unable to find valid certification path to requested target
2026-04-14 23:32:12,889 [ERROR] ConfigurationRetriever:142 - IOException on connection: PKIX path building failed: sun.security.provider.certpath.SunCertPathBuilderException: unable to find valid certification path to requested target
2026-04-14 23:32:12,937 [ERROR] ConfigurationRetriever:142 - IOException on connection: PKIX path building failed: sun.security.provider.certpath.SunCertPathBuilderException: unable to find valid certification path to requested target
2026-04-14 23:32:12,951 [INFO] McuFinderGlobals:76 - Set McuFinderConnectedMode to true
2026-04-14 23:32:12,957 [INFO] ApiDb:448 - Save user favorites file /Users/ggpai/.stm32cubeide/favorites.mcus.txt: 0 item(s)
2026-04-14 23:32:12,957 [INFO] ApiDb:452 - User favorites MCUs=[]
2026-04-14 23:32:12,965 [INFO] ApiDb:448 - Save user favorites file /Users/ggpai/.stm32cubeide/favorites.boards.txt: 1 item(s)
2026-04-14 23:32:12,966 [INFO] ApiDb:452 - User favorites Boards=[STM32F407G-DISC1]
2026-04-14 23:36:46,809 [ERROR] ConfigurationRetriever:142 - IOException on connection: PKIX path building failed: sun.security.provider.certpath.SunCertPathBuilderException: unable to find valid certification path to requested target
2026-04-14 23:36:46,868 [ERROR] ConfigurationRetriever:142 - IOException on connection: PKIX path building failed: sun.security.provider.certpath.SunCertPathBuilderException: unable to find valid certification path to requested target
2026-04-14 23:36:46,975 [ERROR] ConfigurationRetriever:142 - IOException on connection: PKIX path building failed: sun.security.provider.certpath.SunCertPathBuilderException: unable to find valid certification path to requested target
2026-04-14 23:36:48,114 [INFO] LogOutputStream:77 - [STDOUT_REDIRECT] ***WARNING: Display must be created on main thread due to Cocoa restrictions. Use vmarg -XstartOnFirstThread
2026-04-14 23:36:48,181 [INFO] LogOutputStream:77 - [STDOUT_REDIRECT] ***WARNING: Display must be created on main thread due to Cocoa restrictions. Use vmarg -XstartOnFirstThread
2026-04-14 23:36:48,271 [INFO] LogOutputStream:77 - [STDOUT_REDIRECT] ***WARNING: Display must be created on main thread due to Cocoa restrictions. Use vmarg -XstartOnFirstThread
2026-04-14 23:36:48,275 [INFO] LogOutputStream:77 - [STDOUT_REDIRECT] ***WARNING: Display must be created on main thread due to Cocoa restrictions. Use vmarg -XstartOnFirstThread
