2026-04-21 00:19:28,966 [ERROR] ConfigurationRetriever:142 - IOException on connection: PKIX path building failed: sun.security.provider.certpath.SunCertPathBuilderException: unable to find valid certification path to requested target
2026-04-21 00:19:29,016 [ERROR] ConfigurationRetriever:142 - IOException on connection: PKIX path building failed: sun.security.provider.certpath.SunCertPathBuilderException: unable to find valid certification path to requested target
2026-04-21 00:19:29,062 [ERROR] ConfigurationRetriever:142 - IOException on connection: PKIX path building failed: sun.security.provider.certpath.SunCertPathBuilderException: unable to find valid certification path to requested target
2026-04-21 11:23:40,901 [INFO] Activator:176 - 


2026-04-21 11:23:40,902 [INFO] Activator:177 - !SESSION log4j initialized
2026-04-21 11:23:47,644 [INFO] LogOutputStream:77 - [STDOUT_REDIRECT] 
2026-04-21 11:23:48,139 [ERROR] LogOutputStream:75 - [STDERR_REDIRECT] 
2026-04-21 11:23:49,421 [INFO] LogOutputStream:77 - [STDOUT_REDIRECT] 
2026-04-21 11:23:50,681 [ERROR] ConfigurationRetriever:142 - IOException on connection: PKIX path building failed: sun.security.provider.certpath.SunCertPathBuilderException: unable to find valid certification path to requested target
2026-04-21 11:23:50,730 [ERROR] ConfigurationRetriever:142 - IOException on connection: PKIX path building failed: sun.security.provider.certpath.SunCertPathBuilderException: unable to find valid certification path to requested target
2026-04-21 11:23:50,776 [ERROR] ConfigurationRetriever:142 - IOException on connection: PKIX path building failed: sun.security.provider.certpath.SunCertPathBuilderException: unable to find valid certification path to requested target
2026-04-21 11:23:51,265 [INFO] ApplicationProperties:184 - Using Application install path: /Applications/STM32CubeIDE.app/Contents/Eclipse/plugins/com.st.stm32cube.common.mx_6.15.0.202507011659
2026-04-21 11:23:51,279 [INFO] DbMcusXml:78 - Set database path to: /Applications/STM32CubeIDE.app/Contents/Eclipse/plugins/com.st.stm32cube.common.mx_6.15.0.202507011659//db//mcu/
2026-04-21 11:23:51,279 [INFO] ApiDb:274 - Set plugin database path to: /Applications/STM32CubeIDE.app/Contents/Eclipse/plugins/com.st.stm32cube.common.mx_6.15.0.202507011659//db//plugins/boardmanager/
2026-04-21 11:23:51,279 [WARN] ApiDb:259 - Overriding images path with different value:  => /Applications/STM32CubeIDE.app/Contents/Eclipse/plugins/com.st.stm32cube.common.mx_6.15.0.202507011659//db//plugins/mcufinder/images/
2026-04-21 11:23:51,285 [INFO] ApiDb:250 - Set database path to: /Users/ggpai/.stmcufinder/plugins/mcufinder//mcu/
2026-04-21 11:23:51,286 [INFO] DbMcusAds:125 - Set database path to: /Users/ggpai/.stmcufinder/plugins/mcufinder//mcu/
2026-04-21 11:23:51,287 [INFO] CrossReferenceDbSqlite:203 - Set database path to: /Users/ggpai/.stmcufinder/plugins/mcufinder//mcu/cs/
2026-04-21 11:23:51,412 [INFO] RulesReader:64 - Compatibility file has been processed (317 Rules)
2026-04-21 11:23:51,463 [INFO] DbMcusXml:78 - Set database path to: /Applications/STM32CubeIDE.app/Contents/Eclipse/plugins/com.st.stm32cube.common.mx_6.15.0.202507011659//db//mcu/
2026-04-21 11:23:51,463 [INFO] ApiDb:274 - Set plugin database path to: /Applications/STM32CubeIDE.app/Contents/Eclipse/plugins/com.st.stm32cube.common.mx_6.15.0.202507011659//db//plugins/boardmanager/
2026-04-21 11:23:51,463 [INFO] ApiDb:261 - Set plugin images path to: /Applications/STM32CubeIDE.app/Contents/Eclipse/plugins/com.st.stm32cube.common.mx_6.15.0.202507011659//db//plugins/mcufinder/images/
2026-04-21 11:23:51,463 [WARN] DbFile:41 - Overriding database path with different value: /Users/ggpai/.stmcufinder/plugins/mcufinder/ => /Users/ggpai/.stmcufinder/plugins/mcufinder
2026-04-21 11:23:51,463 [INFO] ApiDb:250 - Set database path to: /Users/ggpai/.stmcufinder/plugins/mcufinder//mcu/
2026-04-21 11:23:51,464 [WARN] DbFile:41 - Overriding database path with different value: /Users/ggpai/.stmcufinder/plugins/mcufinder/ => /Users/ggpai/.stmcufinder/plugins/mcufinder
2026-04-21 11:23:51,464 [INFO] DbMcusAds:125 - Set database path to: /Users/ggpai/.stmcufinder/plugins/mcufinder//mcu/
2026-04-21 11:23:51,464 [WARN] DbFile:41 - Overriding database path with different value: /Users/ggpai/.stmcufinder/plugins/mcufinder/ => /Users/ggpai/.stmcufinder/plugins/mcufinder
2026-04-21 11:23:51,464 [WARN] DbFile:41 - Overriding database path with different value: /Users/ggpai/.stmcufinder/plugins/mcufinder/ => /Users/ggpai/.stmcufinder/plugins/mcufinder
2026-04-21 11:23:51,464 [INFO] CrossReferenceDbSqlite:203 - Set database path to: /Users/ggpai/.stmcufinder/plugins/mcufinder//mcu/cs/
2026-04-21 11:23:51,525 [INFO] MainPanel:274 - HeapMemory: 268435456
2026-04-21 11:23:52,044 [INFO] DbMcusXml:78 - Set database path to: /Applications/STM32CubeIDE.app/Contents/Eclipse/plugins/com.st.stm32cube.common.mx_6.15.0.202507011659//db//mcu/
2026-04-21 11:23:52,045 [INFO] ApiDb:274 - Set plugin database path to: /Applications/STM32CubeIDE.app/Contents/Eclipse/plugins/com.st.stm32cube.common.mx_6.15.0.202507011659//db//plugins/boardmanager/
2026-04-21 11:23:52,045 [INFO] ApiDb:261 - Set plugin images path to: /Applications/STM32CubeIDE.app/Contents/Eclipse/plugins/com.st.stm32cube.common.mx_6.15.0.202507011659//db//plugins/mcufinder/images/
2026-04-21 11:23:52,045 [WARN] DbFile:41 - Overriding database path with different value: /Users/ggpai/.stmcufinder/plugins/mcufinder/ => /Users/ggpai/.stmcufinder/plugins/mcufinder
2026-04-21 11:23:52,045 [INFO] ApiDb:250 - Set database path to: /Users/ggpai/.stmcufinder/plugins/mcufinder//mcu/
2026-04-21 11:23:52,045 [WARN] DbFile:41 - Overriding database path with different value: /Users/ggpai/.stmcufinder/plugins/mcufinder/ => /Users/ggpai/.stmcufinder/plugins/mcufinder
2026-04-21 11:23:52,045 [INFO] DbMcusAds:125 - Set database path to: /Users/ggpai/.stmcufinder/plugins/mcufinder//mcu/
2026-04-21 11:23:52,045 [WARN] DbFile:41 - Overriding database path with different value: /Users/ggpai/.stmcufinder/plugins/mcufinder/ => /Users/ggpai/.stmcufinder/plugins/mcufinder
2026-04-21 11:23:52,045 [WARN] DbFile:41 - Overriding database path with different value: /Users/ggpai/.stmcufinder/plugins/mcufinder/ => /Users/ggpai/.stmcufinder/plugins/mcufinder
2026-04-21 11:23:52,045 [INFO] CrossReferenceDbSqlite:203 - Set database path to: /Users/ggpai/.stmcufinder/plugins/mcufinder//mcu/cs/
2026-04-21 11:23:52,061 [INFO] ApplicationProperties:184 - Using Application install path: /Applications/STM32CubeIDE.app/Contents/Eclipse/plugins/com.st.stm32cube.common.mx_6.15.0.202507011659
2026-04-21 11:23:52,062 [INFO] PluginManage:196 - Search for loadable plugins [exclusion list=, ]
2026-04-21 11:23:52,063 [INFO] PluginManage:310 - Check plugin analytics
2026-04-21 11:23:52,258 [INFO] AnalyticsPlugin:253 - Accepted Software Licenses: STM32CubeMX.6.17.0
2026-04-21 11:23:52,258 [INFO] AnalyticsPlugin:255 - Accepted CMSIS Pack Licenses: 
2026-04-21 11:23:52,258 [INFO] AnalyticsPlugin:257 - Accepted Firmware Licenses: 
2026-04-21 11:23:52,266 [INFO] PluginManage:359 - Loaded plugin analytics (category:tool,tabindex:-1)
2026-04-21 11:23:52,267 [INFO] PluginManage:310 - Check plugin cadmodel
2026-04-21 11:23:52,280 [INFO] CADModel:105 - Init CAD model plugin
2026-04-21 11:23:52,280 [INFO] PluginManage:359 - Loaded plugin cadmodel (category:power,tabindex:5)
2026-04-21 11:23:52,280 [INFO] PluginManage:310 - Check plugin clock
2026-04-21 11:23:52,289 [INFO] PluginManage:359 - Loaded plugin clock (category:base,tabindex:2)
2026-04-21 11:23:52,289 [INFO] PluginManage:310 - Check plugin ddr
2026-04-21 11:23:52,291 [INFO] PluginManage:359 - Loaded plugin ddr (category:tool,tabindex:6)
2026-04-21 11:23:52,291 [INFO] PluginManage:310 - Check plugin filemanager
2026-04-21 11:23:52,316 [ERROR] ConfigurationRetriever:142 - IOException on connection: PKIX path building failed: sun.security.provider.certpath.SunCertPathBuilderException: unable to find valid certification path to requested target
2026-04-21 11:23:52,373 [ERROR] ConfigurationRetriever:142 - IOException on connection: PKIX path building failed: sun.security.provider.certpath.SunCertPathBuilderException: unable to find valid certification path to requested target
2026-04-21 11:23:52,421 [ERROR] ConfigurationRetriever:142 - IOException on connection: PKIX path building failed: sun.security.provider.certpath.SunCertPathBuilderException: unable to find valid certification path to requested target
2026-04-21 11:23:52,437 [INFO] PluginManage:359 - Loaded plugin filemanager (category:base,tabindex:10)
2026-04-21 11:23:52,438 [INFO] PluginManage:310 - Check plugin ipmanager
2026-04-21 11:23:52,446 [INFO] PluginManage:359 - Loaded plugin ipmanager (category:base,tabindex:5)
2026-04-21 11:23:52,446 [INFO] PluginManage:310 - Check plugin lpbam
2026-04-21 11:23:52,455 [INFO] PluginManage:359 - Loaded plugin lpbam (category:base,tabindex:0)
2026-04-21 11:23:52,455 [INFO] PluginManage:310 - Check plugin memorymap
2026-04-21 11:23:52,464 [INFO] PluginManage:359 - Loaded plugin memorymap (category:base,tabindex:4)
2026-04-21 11:23:52,464 [INFO] PluginManage:310 - Check plugin pinoutandconfiguration
2026-04-21 11:23:52,470 [INFO] PluginManage:359 - Loaded plugin pinoutandconfiguration (category:base,tabindex:1)
2026-04-21 11:23:52,470 [INFO] PluginManage:310 - Check plugin pinoutconfig
2026-04-21 11:23:52,547 [WARN] SupportedApi:132 - Cannot load RTOS API schema: s4s-elt-must-match.1: The content of 'definitions' must match (annotation?, (simpleType | complexType)?, (unique | key | keyref)*)). A problem was found starting at: attribute.
2026-04-21 11:23:52,670 [INFO] PluginManage:359 - Loaded plugin pinoutconfig (category:base,tabindex:0)
2026-04-21 11:23:52,670 [INFO] PluginManage:310 - Check plugin power
2026-04-21 11:23:52,680 [INFO] PluginManage:359 - Loaded plugin power (category:power,tabindex:4)
2026-04-21 11:23:52,680 [INFO] PluginManage:310 - Check plugin projectmanager
2026-04-21 11:23:52,703 [INFO] PluginManage:359 - Loaded plugin projectmanager (category:projectmanager,tabindex:4)
2026-04-21 11:23:52,703 [INFO] PluginManage:310 - Check plugin rif
2026-04-21 11:23:52,711 [INFO] PluginManage:359 - Loaded plugin rif (category:base,tabindex:3)
2026-04-21 11:23:52,711 [INFO] PluginManage:310 - Check plugin thirdparty
2026-04-21 11:23:52,873 [INFO] PluginManage:359 - Loaded plugin thirdparty (category:base,tabindex:-1)
2026-04-21 11:23:52,875 [INFO] PluginManage:310 - Check plugin tools
2026-04-21 11:23:52,873 [WARN] IntegrityCheckThread:84 - waiting for thirdparty lock release [integrity check]
2026-04-21 11:23:52,877 [INFO] IntegrityCheckThread:86 - entering critical section [integrity check]
2026-04-21 11:23:52,877 [INFO] ThirdPartyUpdaterWithRetryManager:70 - Updater plugin not ready yet. [1/15]
2026-04-21 11:23:52,878 [INFO] PluginManage:359 - Loaded plugin tools (category:base,tabindex:7)
2026-04-21 11:23:52,878 [INFO] PluginManage:310 - Check plugin tutovideos
2026-04-21 11:23:53,025 [INFO] PluginManage:359 - Loaded plugin tutovideos (category:base,tabindex:-1)
2026-04-21 11:23:53,025 [INFO] PluginManage:310 - Check plugin updater
2026-04-21 11:23:53,050 [INFO] PluginManage:359 - Loaded plugin updater (category:base,tabindex:12)
2026-04-21 11:23:53,050 [INFO] PluginManage:310 - Check plugin userauth
2026-04-21 11:23:53,055 [INFO] UserAuth:118 - Init User Auth plugin
2026-04-21 11:23:53,056 [INFO] PluginManage:359 - Loaded plugin userauth (category:base,tabindex:14)
2026-04-21 11:23:53,057 [INFO] PluginManage:283 - PluginManage : Loaded plugins [18]
2026-04-21 11:23:53,255 [INFO] PinOutPanel:1589 - setPackage(No Configuration,No Configuration)
2026-04-21 11:23:53,322 [INFO] CADModel:165 - CPN selected for project level
2026-04-21 11:23:53,322 [INFO] CADModel:114 - Register for checkConnection events
2026-04-21 11:23:53,332 [INFO] IPUIPlugin:80 - create IPUIPlugin
2026-04-21 11:23:53,332 [INFO] PluginManager:220 - loadIPPluginJar : add mdma
2026-04-21 11:23:53,337 [INFO] IPUIPlugin:80 - create IPUIPlugin
2026-04-21 11:23:53,337 [INFO] PluginManager:220 - loadIPPluginJar : add freertos
2026-04-21 11:23:53,340 [INFO] IPUIPlugin:80 - create IPUIPlugin
2026-04-21 11:23:53,340 [INFO] PluginManager:220 - loadIPPluginJar : add gic
2026-04-21 11:23:53,346 [INFO] IPUIPlugin:80 - create IPUIPlugin
2026-04-21 11:23:53,346 [INFO] PluginManager:220 - loadIPPluginJar : add adc
2026-04-21 11:23:53,348 [INFO] IPUIPlugin:80 - create IPUIPlugin
2026-04-21 11:23:53,348 [INFO] PluginManager:220 - loadIPPluginJar : add gtzc
2026-04-21 11:23:53,350 [INFO] IPUIPlugin:80 - create IPUIPlugin
2026-04-21 11:23:53,350 [INFO] PluginManager:220 - loadIPPluginJar : add quadspi
2026-04-21 11:23:53,351 [INFO] IPUIPlugin:80 - create IPUIPlugin
2026-04-21 11:23:53,351 [INFO] PluginManager:220 - loadIPPluginJar : add aes
2026-04-21 11:23:53,353 [INFO] IPUIPlugin:80 - create IPUIPlugin
2026-04-21 11:23:53,353 [INFO] PluginManager:220 - loadIPPluginJar : add pdm2pcm
2026-04-21 11:23:53,355 [INFO] IPUIPlugin:80 - create IPUIPlugin
2026-04-21 11:23:53,355 [INFO] PluginManager:220 - loadIPPluginJar : add hash
2026-04-21 11:23:53,356 [INFO] IPUIPlugin:80 - create IPUIPlugin
2026-04-21 11:23:53,357 [INFO] PluginManager:220 - loadIPPluginJar : add tim
2026-04-21 11:23:53,358 [INFO] IPUIPlugin:80 - create IPUIPlugin
2026-04-21 11:23:53,358 [INFO] PluginManager:220 - loadIPPluginJar : add tsc
2026-04-21 11:23:53,359 [INFO] IPUIPlugin:80 - create IPUIPlugin
2026-04-21 11:23:53,359 [INFO] PluginManager:220 - loadIPPluginJar : add extmemmanager
2026-04-21 11:23:53,360 [INFO] IPUIPlugin:80 - create IPUIPlugin
2026-04-21 11:23:53,360 [INFO] PluginManager:220 - loadIPPluginJar : add ts
2026-04-21 11:23:53,361 [INFO] IPUIPlugin:80 - create IPUIPlugin
2026-04-21 11:23:53,361 [INFO] PluginManager:220 - loadIPPluginJar : add radio
2026-04-21 11:23:53,362 [INFO] IPUIPlugin:80 - create IPUIPlugin
2026-04-21 11:23:53,362 [INFO] PluginManager:220 - loadIPPluginJar : add can
2026-04-21 11:23:53,363 [INFO] IPUIPlugin:80 - create IPUIPlugin
2026-04-21 11:23:53,363 [INFO] PluginManager:220 - loadIPPluginJar : add dma3
2026-04-21 11:23:53,365 [INFO] IPUIPlugin:80 - create IPUIPlugin
2026-04-21 11:23:53,365 [INFO] PluginManager:220 - loadIPPluginJar : add dfsdm
2026-04-21 11:23:53,366 [INFO] IPUIPlugin:80 - create IPUIPlugin
2026-04-21 11:23:53,366 [INFO] PluginManager:220 - loadIPPluginJar : add spi
2026-04-21 11:23:53,367 [INFO] IPUIPlugin:80 - create IPUIPlugin
2026-04-21 11:23:53,367 [INFO] PluginManager:220 - loadIPPluginJar : add gfxmmu
2026-04-21 11:23:53,368 [INFO] IPUIPlugin:80 - create IPUIPlugin
2026-04-21 11:23:53,368 [INFO] PluginManager:220 - loadIPPluginJar : add genericplugin
2026-04-21 11:23:53,369 [INFO] IPUIPlugin:80 - create IPUIPlugin
2026-04-21 11:23:53,370 [INFO] PluginManager:220 - loadIPPluginJar : add cryp
2026-04-21 11:23:53,372 [INFO] IPUIPlugin:80 - create IPUIPlugin
2026-04-21 11:23:53,372 [INFO] PluginManager:220 - loadIPPluginJar : add gpio
2026-04-21 11:23:53,374 [INFO] IPUIPlugin:80 - create IPUIPlugin
2026-04-21 11:23:53,375 [INFO] PluginManager:220 - loadIPPluginJar : add ddr_ctrl_phy
2026-04-21 11:23:53,377 [INFO] IPUIPlugin:80 - create IPUIPlugin
2026-04-21 11:23:53,377 [INFO] PluginManager:220 - loadIPPluginJar : add comp
2026-04-21 11:23:53,378 [INFO] IPUIPlugin:80 - create IPUIPlugin
2026-04-21 11:23:53,378 [INFO] PluginManager:220 - loadIPPluginJar : add tracer_emb
2026-04-21 11:23:53,379 [INFO] IPUIPlugin:80 - create IPUIPlugin
2026-04-21 11:23:53,379 [INFO] PluginManager:220 - loadIPPluginJar : add openamp
2026-04-21 11:23:53,382 [INFO] IPUIPlugin:80 - create IPUIPlugin
2026-04-21 11:23:53,382 [INFO] PluginManager:220 - loadIPPluginJar : add stm32_wpan
2026-04-21 11:23:53,385 [INFO] IPUIPlugin:80 - create IPUIPlugin
2026-04-21 11:23:53,386 [INFO] PluginManager:220 - loadIPPluginJar : add plateformsettings
2026-04-21 11:23:53,388 [INFO] IPUIPlugin:80 - create IPUIPlugin
2026-04-21 11:23:53,388 [INFO] PluginManager:220 - loadIPPluginJar : add ipddr
2026-04-21 11:23:53,389 [INFO] IPUIPlugin:80 - create IPUIPlugin
2026-04-21 11:23:53,389 [INFO] PluginManager:220 - loadIPPluginJar : add usart
2026-04-21 11:23:53,390 [INFO] IPUIPlugin:80 - create IPUIPlugin
2026-04-21 11:23:53,390 [INFO] PluginManager:220 - loadIPPluginJar : add ltdc
2026-04-21 11:23:53,392 [INFO] IPUIPlugin:80 - create IPUIPlugin
2026-04-21 11:23:53,392 [INFO] PluginManager:220 - loadIPPluginJar : add nvic
2026-04-21 11:23:53,393 [INFO] IPUIPlugin:80 - create IPUIPlugin
2026-04-21 11:23:53,393 [INFO] PluginManager:220 - loadIPPluginJar : add fatfs
2026-04-21 11:23:53,397 [INFO] IPUIPlugin:80 - create IPUIPlugin
2026-04-21 11:23:53,397 [INFO] PluginManager:220 - loadIPPluginJar : add linkedlist
2026-04-21 11:23:53,400 [INFO] IPUIPlugin:80 - create IPUIPlugin
2026-04-21 11:23:53,400 [INFO] PluginManager:220 - loadIPPluginJar : add dma
2026-04-21 11:23:53,402 [INFO] IPUIPlugin:80 - create IPUIPlugin
2026-04-21 11:23:53,402 [INFO] PluginManager:220 - loadIPPluginJar : add fmc
2026-04-21 11:23:53,403 [INFO] IPUIPlugin:80 - create IPUIPlugin
2026-04-21 11:23:53,403 [INFO] PluginManager:220 - loadIPPluginJar : add i2s
2026-04-21 11:23:53,404 [INFO] IPUIPlugin:80 - create IPUIPlugin
2026-04-21 11:23:53,404 [INFO] PluginManager:220 - loadIPPluginJar : add ucpd
2026-04-21 11:23:53,406 [INFO] IPUIPlugin:80 - create IPUIPlugin
2026-04-21 11:23:53,406 [INFO] PluginManager:220 - loadIPPluginJar : add lorawan
2026-04-21 11:23:53,407 [INFO] IPUIPlugin:80 - create IPUIPlugin
2026-04-21 11:23:53,407 [INFO] PluginManager:220 - loadIPPluginJar : add opamp
2026-04-21 11:23:53,409 [INFO] IPUIPlugin:80 - create IPUIPlugin
2026-04-21 11:23:53,409 [INFO] PluginManager:220 - loadIPPluginJar : add i3c
2026-04-21 11:23:53,410 [INFO] IPUIPlugin:80 - create IPUIPlugin
2026-04-21 11:23:53,410 [INFO] PluginManager:220 - loadIPPluginJar : add touchsensing
2026-04-21 11:23:53,412 [INFO] IPUIPlugin:80 - create IPUIPlugin
2026-04-21 11:23:53,412 [INFO] PluginManager:220 - loadIPPluginJar : add i2c
2026-04-21 11:23:53,413 [INFO] IPUIPlugin:80 - create IPUIPlugin
2026-04-21 11:23:53,413 [INFO] PluginManager:220 - loadIPPluginJar : add resmgrutility
2026-04-21 11:23:53,415 [INFO] IPUIPlugin:80 - create IPUIPlugin
2026-04-21 11:23:53,415 [INFO] PluginManager:220 - loadIPPluginJar : add sai
2026-04-21 11:23:53,416 [INFO] IPUIPlugin:80 - create IPUIPlugin
2026-04-21 11:23:53,416 [INFO] PluginManager:220 - loadIPPluginJar : add usbx
2026-04-21 11:23:53,527 [FATAL] Updater:351 - Updater called before beeing initialized
2026-04-21 11:23:53,560 [INFO] RulesReader:64 - Compatibility file has been processed (317 Rules)
2026-04-21 11:23:53,569 [INFO] RulesReader:64 - Compatibility file has been processed (317 Rules)
2026-04-21 11:23:53,575 [INFO] CADModel:165 - CPN selected for project level
2026-04-21 11:23:53,575 [INFO] CADModel:114 - Register for checkConnection events
2026-04-21 11:23:53,575 [FATAL] Updater:351 - Updater called before beeing initialized
2026-04-21 11:23:53,575 [ERROR] CADModel:125 - Updater not yet initialized, retry later 
2026-04-21 11:23:53,782 [FATAL] Updater:351 - Updater called before beeing initialized
2026-04-21 11:23:53,783 [INFO] CADModel:165 - CPN selected for project level
2026-04-21 11:23:53,783 [INFO] CADModel:114 - Register for checkConnection events
2026-04-21 11:23:53,783 [FATAL] Updater:351 - Updater called before beeing initialized
2026-04-21 11:23:53,783 [ERROR] CADModel:125 - Updater not yet initialized, retry later 
2026-04-21 11:23:53,786 [FATAL] Updater:351 - Updater called before beeing initialized
2026-04-21 11:23:53,941 [FATAL] Updater:351 - Updater called before beeing initialized
2026-04-21 11:23:53,946 [INFO] DbMcusAds:53 - JSON generation date=Thu Sep 30 12:25:09 IST 2021 (1632984909247)
2026-04-21 11:23:53,946 [FATAL] Updater:351 - Updater called before beeing initialized
2026-04-21 11:23:53,995 [WARN] DetailPanel:346 - Failed to get advertising image, set to default
2026-04-21 11:23:54,064 [FATAL] Updater:351 - Updater called before beeing initialized
2026-04-21 11:23:54,065 [FATAL] Updater:351 - Updater called before beeing initialized
2026-04-21 11:23:54,065 [FATAL] Updater:351 - Updater called before beeing initialized
2026-04-21 11:23:54,065 [WARN] DetailPanel:346 - Failed to get advertising image, set to default
2026-04-21 11:23:54,067 [FATAL] Updater:351 - Updater called before beeing initialized
2026-04-21 11:23:54,112 [ERROR] Updater:1198 - MainUpdater not yet initialized. External WinMGr cannot be set.
2026-04-21 11:23:54,114 [INFO] Updater:1134 - Updater Version found : 6.15.0
2026-04-21 11:23:54,126 [INFO] ApplicationProperties:184 - Using Application install path: /Applications/STM32CubeIDE.app/Contents/Eclipse/plugins/com.st.stm32cube.common.mx_6.15.0.202507011659
2026-04-21 11:23:54,377 [INFO] MainUpdater:2872 - connection check result : 22
2026-04-21 11:23:54,377 [INFO] MainUpdater:289 - Updater Check For Update Now.
2026-04-21 11:23:54,378 [INFO] MicroXplorer:498 - Change Database Version : DB.6.0.150
2026-04-21 11:23:54,383 [INFO] McuFinderGlobals:63 - Set McuFinder mode to 2 (CubeIDE integrated)
2026-04-21 11:23:54,384 [INFO] UserAuth:171 - activating auth plugin
2026-04-21 11:23:54,391 [INFO] UserAuth:487 - Internet connection configuration mode: 2
2026-04-21 11:23:54,425 [INFO] UserAuth:487 - Internet connection configuration mode: 2
2026-04-21 11:23:54,643 [INFO] CheckServerUpdateThread:120 - End of CheckServer Thread
2026-04-21 11:23:56,001 [INFO] ThirdParty:978 - Integrity check success = true
2026-04-21 11:23:56,001 [INFO] IntegrityCheckThread:100 - exiting critical section [integrity check]
2026-04-21 11:23:56,001 [INFO] IntegrityCheckThread:103 - End integrity checks thread
2026-04-21 11:42:53,364 [INFO] McuFinderGlobals:63 - Set McuFinder mode to 2 (CubeIDE integrated)
2026-04-21 11:42:54,687 [INFO] ApiDb:581 - Connected to CubeFinder SQLite database (/Users/ggpai/.stmcufinder/plugins/mcufinder/mcu/cube-finder-db.db)
2026-04-21 11:42:54,737 [INFO] ApiDb:668 - CubeFinder database Data Model version=2.1
2026-04-21 11:42:54,738 [INFO] ApiDb:669 - CubeFinder database Configuration version=3.0.42
2026-04-21 11:42:54,739 [INFO] ApiDb:670 - CubeFinder database generation date=2026-02-13 (1770995876)
2026-04-21 11:42:54,739 [INFO] ApiDb:671 - CubeFinder database FW Pack versions=[FP-ATR-ASTRA1_V2.0.0, FP-SNS-FLIGHT1_V5.1.0, FP-SNS-MOTENV1_V5.1.0, FP-SNS-MOTENVWB1_V1.4.0, FP-SNS-SMARTAG2_V1.2.0, FP-SNS-STBOX1_V2.1.0, STM32Cube_FW_C0_V1.4.0, STM32Cube_FW_F4_V1.28.3, STM32Cube_FW_F7_V1.17.4, STM32Cube_FW_G0_V1.6.2, STM32Cube_FW_G4_V1.6.1, STM32Cube_FW_H5_V1.6.0, STM32Cube_FW_H7RS_V1.3.0, STM32Cube_FW_H7_V1.13.0, STM32Cube_FW_L0_V1.12.2, STM32Cube_FW_L4_V1.18.2, STM32Cube_FW_L5_V1.6.0, STM32Cube_FW_N6_V1.3.0, STM32Cube_FW_U0_V1.3.0, STM32Cube_FW_U3_V1.3.0, STM32Cube_FW_U5_V1.8.0, STM32Cube_FW_WB0_V1.4.0, STM32Cube_FW_WBA_V1.9.0, STM32Cube_FW_WB_V1.24.0, STM32Cube_FW_WL3_V1.4.0, STM32Cube_FW_WL_V1.5.0, X-CUBE-ALGOBUILD_V1.4.0, X-CUBE-ALS_V1.0.2, X-CUBE-AZRTOS-F4_V1.1.0, X-CUBE-AZRTOS-F7_V1.1.0, X-CUBE-AZRTOS-G0_V1.1.0, X-CUBE-AZRTOS-G4_V2.0.0, X-CUBE-AZRTOS-H7RS_V1.1.0, X-CUBE-AZRTOS-H7_V3.4.0, X-CUBE-AZRTOS-L4_V2.0.0, X-CUBE-AZRTOS-L5_V2.0.0, X-CUBE-AZRTOS-WB_V2.0.0, X-CUBE-AZRTOS-WL_V2.0.0, X-CUBE-BLE1_V7.1.0, X-CUBE-BLE2_V3.3.0, X-CUBE-BLEMGR_V4.1.0, X-CUBE-EEPRMA1_V5.2.0, X-CUBE-FREERTOS_V1.3.1, X-CUBE-GNSS1_V6.0.0, X-CUBE-MEMS1_V12.0.0, X-CUBE-NFC4_V3.0.0, X-CUBE-NFC7_V2.0.0, X-CUBE-SFXS2LP1_V4.0.0, X-CUBE-ST67W61_V1.1.0, X-CUBE-SUBG2_V5.0.0, X-CUBE-TOF1_V3.4.3]
2026-04-21 11:42:56,193 [INFO] ApiDb:240 - Found 880 in-development CPN: [B-G473E-ZEST1S, B-WB1M-WPAN1, B-WBA5M-WPAN, B-WL5M-SUBG1, NUCLEO-C031C6, NUCLEO-C051C8, NUCLEO-C071RB, NUCLEO-C092RC, NUCLEO-H503RB, NUCLEO-H533RE, NUCLEO-H563ZI, NUCLEO-H7S3L8, NUCLEO-N657X0-Q, NUCLEO-U031R8, NUCLEO-U083RC, NUCLEO-U385RG-Q, NUCLEO-U545RE-Q, NUCLEO-U5A5ZJ-Q, NUCLEO-WB05KZ, NUCLEO-WB07CC, NUCLEO-WB09KE, NUCLEO-WBA52CG, NUCLEO-WBA55CG, NUCLEO-WL33CC1, NUCLEO-WL33CC2, STEVAL-PROTEUS1, STEVAL-SMARTAG2, STEVAL-STWINBX1, STM320518-EVAL, STM32C0116-DK, STM32C011D6Y3TR, STM32C011D6Y6TR, STM32C011F4P3, STM32C011F4P6, STM32C011F4U3, STM32C011F4U6TR, STM32C011F6P3, STM32C011F6P6, STM32C011F6U3, STM32C011F6U6TR, STM32C011J4M3, STM32C011J4M6, STM32C011J6M3, STM32C011J6M6, STM32C0316-DK, STM32C031C4T3, STM32C031C4T6, STM32C031C4U3, STM32C031C4U6, STM32C031C6T3, STM32C031C6T6, STM32C031C6U3, STM32C031C6U6, STM32C031F4P3, STM32C031F4P6, STM32C031F6P3, STM32C031F6P6, STM32C031G4U3, STM32C031G4U6, STM32C031G6U3, STM32C031G6U6, STM32C031K4T3, STM32C031K4T6, STM32C031K4U3, STM32C031K4U6, STM32C031K6T3, STM32C031K6T6, STM32C031K6U3, STM32C031K6U6, STM32C051C6T6, STM32C051C6U6, STM32C051C8T6, STM32C051C8U6, STM32C051D8Y6TR, STM32C051F6P6, STM32C051F8P6, STM32C051G6U6, STM32C051G8U6, STM32C051K6T6, STM32C051K6U6, STM32C051K8T6, STM32C071C8T6, STM32C071C8T6N, STM32C071C8U6, STM32C071C8U6N, STM32C071CBT6, STM32C071CBT6N, STM32C071CBU6, STM32C071CBU6N, STM32C071F8P6, STM32C071F8P6N, STM32C071FBP6, STM32C071FBP6N, STM32C071FBY6TR, STM32C071G8U6, STM32C071G8U6N, STM32C071GBU6, STM32C071GBU6N, STM32C071K8T6, STM32C071K8T6N, STM32C071K8U6, STM32C071K8U6N, STM32C071KBT6, STM32C071KBT6N, STM32C071KBU6, STM32C071KBU6N, STM32C071R8T6, STM32C071R8T6N, STM32C071RBI6N, STM32C071RBT6, STM32C071RBT6N, STM32C091CBT6, STM32C091CBU6, STM32C091CCT6, STM32C091CCU6, STM32C091ECY6TR, STM32C091FBP6, STM32C091FCP6, STM32C091GBU6, STM32C091GCU6, STM32C091KBT6, STM32C091KBU6, STM32C091KCT6, STM32C091KCU6, STM32C091RBT6, STM32C091RCI6, STM32C091RCT6, STM32C092CBT6, STM32C092CBU6, STM32C092CCT6, STM32C092CCU6, STM32C092ECY6TR, STM32C092FBP6, STM32C092FCP6, STM32C092GBU6, STM32C092GCU6, STM32C092KBT6, STM32C092KBU6, STM32C092KCT6, STM32C092KCU6, STM32C092RBT6, STM32C092RCI6, STM32C092RCT6, STM32G071K8TXN, STM32G071K8UXN, STM32G081GBU6N, STM32G081KBT6N, STM32G081KBUXN, STM32G0B1CCT6N, STM32G0B1KCT6, STM32G0B1NEY6TR, STM32G0B1RCT6N, STM32G0C1CCT6, STM32G0C1CCT6N, STM32G0C1CCU6N, STM32G0C1CET6N, STM32G0C1CEU6N, STM32G0C1KCT6, STM32G0C1NEY6TR, STM32G0C1RCI6N, STM32G0C1RCT6N, STM32G0C1REI6N, STM32G0C1RET6N, STM32G0C1VCI6, STM32G0C1VEI6, STM32G411C6T3, STM32G411C6T6, STM32G411C6U3, STM32G411C6U6, STM32G411C8T3, STM32G411C8T6, STM32G411C8U3, STM32G411C8U6, STM32G411CBT3, STM32G411CBT6, STM32G411CBU3, STM32G411CBU6, STM32G411K6T3, STM32G411K6T6, STM32G411K6U3, STM32G411K6U6, STM32G411K8T3, STM32G411K8T6, STM32G411K8U3, STM32G411K8U6, STM32G411KBT3, STM32G411KBT6, STM32G411KBU3, STM32G411KBU6, STM32G411M6T3, STM32G411M6T6, STM32G411M8T3, STM32G411M8T6, STM32G411MBT3, STM32G411MBT6, STM32G411R6T3, STM32G411R6T6, STM32G411R8T3, STM32G411R8T6, STM32G411RBT3, STM32G411RBT6, STM32G414CBT3, STM32G414CBT6, STM32G414CBU3, STM32G414CBU6, STM32G414CCT3, STM32G414CCT6, STM32G414CCU3, STM32G414CCU6, STM32G414MBT3, STM32G414MBT6, STM32G414MCT3, STM32G414MCT6, STM32G414RBT3, STM32G414RBT6, STM32G414RCT3, STM32G414RCT6, STM32G414VBT3, STM32G414VBT6, STM32G414VCT3, STM32G414VCT6, STM32G431CBT3Z, STM32G431RBT3Z, STM32G471CCT6, STM32G471CCU6, STM32G471CET3, STM32G471CET6, STM32G471CEU3, STM32G471CEU6, STM32G471MCT6, STM32G471MET3, STM32G471MET6, STM32G471MEY6TR, STM32G471QCT6, STM32G471QET3, STM32G471RCT6, STM32G471RET3, STM32G471RET6, STM32G471VCH6, STM32G471VCI6, STM32G471VCT6, STM32G471VEH3, STM32G471VEH6, STM32G471VEI3, STM32G471VEI6, STM32G471VET3, STM32G471VET6, STM32G473QET3Z, STM32G473RET3Z, STM32G474CCT6, STM32G491RET3Z, STM32H503CBT6, STM32H503CBU6, STM32H503EBY6TR, STM32H503KBU6, STM32H503RBT6, STM32H523CCT6, STM32H523CCU6, STM32H523CET6, STM32H523CEU6, STM32H523HEY6TR, STM32H523RCT6, STM32H523RET6, STM32H523VCI6, STM32H523VCT6, STM32H523VEI6, STM32H523VET6, STM32H523ZCJ6, STM32H523ZCT6, STM32H523ZEJ6, STM32H523ZET6, STM32H533CET6, STM32H533CEU6, STM32H533HEY6TR, STM32H533RET6, STM32H533VEI6, STM32H533VET6, STM32H533ZEJ6, STM32H533ZET6, STM32H562AGI6, STM32H562AII6, STM32H562IGK6, STM32H562IGT6, STM32H562IIK6, STM32H562IIT6, STM32H562RGT6, STM32H562RGV6, STM32H562RIT6, STM32H562RIV6, STM32H562VGT6, STM32H562VIT6, STM32H562ZGT6, STM32H562ZIT6, STM32H563AGI6, STM32H563AII3Q, STM32H563AII6, STM32H563IGK6, STM32H563IGT6, STM32H563IIK3Q, STM32H563IIK6, STM32H563IIT3Q, STM32H563IIT6, STM32H563MIY3QTR, STM32H563RGT6, STM32H563RGV6, STM32H563RIT6, STM32H563RIV6, STM32H563VGT6, STM32H563VIT3Q, STM32H563VIT6, STM32H563ZGT6, STM32H563ZIT3Q, STM32H563ZIT6, STM32H573AII3Q, STM32H573AII6, STM32H573I-DK, STM32H573IIK3Q, STM32H573IIK6, STM32H573IIT3Q, STM32H573IIT6, STM32H573MIY3QTR, STM32H573RIT6, STM32H573RIV6, STM32H573VIT3Q, STM32H573VIT6, STM32H573ZIT3Q, STM32H573ZIT6, STM32H7R3A8I6, STM32H7R3I8K6, STM32H7R3I8T6, STM32H7R3L8H6, STM32H7R3L8H6H, STM32H7R3R8V6, STM32H7R3V8H6, STM32H7R3V8T6, STM32H7R3V8Y6TR, STM32H7R3Z8J6, STM32H7R3Z8T6, STM32H7R7A8I6, STM32H7R7I8K6, STM32H7R7I8T6, STM32H7R7L8H6, STM32H7R7L8H6H, STM32H7R7Z8J6, STM32H7S3A8I6, STM32H7S3I8K6, STM32H7S3I8T6, STM32H7S3L8H6, STM32H7S3L8H6H, STM32H7S3R8V6, STM32H7S3V8H6, STM32H7S3V8T6, STM32H7S3V8Y6TR, STM32H7S3Z8J6, STM32H7S3Z8T6, STM32H7S78-DK, STM32H7S7A8I6, STM32H7S7I8K6, STM32H7S7I8T6, STM32H7S7L8H6, STM32H7S7L8H6H, STM32H7S7Z8J6, STM32L4R5QGI6STR, STM32MP131AAE3, STM32MP131AAF3, STM32MP131AAG3, STM32MP131CAE3, STM32MP131CAF3, STM32MP131CAG3, STM32MP131DAE7, STM32MP131DAF7, STM32MP131DAG7, STM32MP131FAE7, STM32MP131FAF7, STM32MP131FAG7, STM32MP133AAE3, STM32MP133AAF3, STM32MP133AAG3, STM32MP133CAE3, STM32MP133CAF3, STM32MP133CAG3, STM32MP133DAE7, STM32MP133DAF7, STM32MP133DAG7, STM32MP133FAE7, STM32MP133FAF7, STM32MP133FAG7, STM32MP135AAE3, STM32MP135AAF3, STM32MP135AAG3, STM32MP135CAE3, STM32MP135CAF3, STM32MP135CAG3, STM32MP135DAE7, STM32MP135DAF7, STM32MP135DAG7, STM32MP135F-DK, STM32MP135FAE7, STM32MP135FAF7, STM32MP135FAF7T, STM32MP135FAF7U, STM32MP135FAG7, STM32MP211AAL3, STM32MP211AAM3, STM32MP211AAN3, STM32MP211AAO3, STM32MP211CAL3, STM32MP211CAM3, STM32MP211CAN3, STM32MP211CAO3, STM32MP211DAL3, STM32MP211DAM3, STM32MP211DAN3, STM32MP211DAO3, STM32MP211FAL3, STM32MP211FAM3, STM32MP211FAN3, STM32MP211FAO3, STM32MP213AAL3, STM32MP213AAM3, STM32MP213AAN3, STM32MP213AAO3, STM32MP213CAL3, STM32MP213CAM3, STM32MP213CAN3, STM32MP213CAO3, STM32MP213DAL3, STM32MP213DAM3, STM32MP213DAN3, STM32MP213DAO3, STM32MP213FAL3, STM32MP213FAM3, STM32MP213FAN3, STM32MP213FAO3, STM32MP215AAL3, STM32MP215AAM3, STM32MP215AAN3, STM32MP215AAO3, STM32MP215CAL3, STM32MP215CAM3, STM32MP215CAN3, STM32MP215CAO3, STM32MP215DAL3, STM32MP215DAM3, STM32MP215DAN3, STM32MP215DAO3, STM32MP215F-DK, STM32MP215FAL3, STM32MP215FAM3, STM32MP215FAN3, STM32MP215FAO3, STM32MP231AAJ3, STM32MP231AAK3, STM32MP231AAL3, STM32MP231CAJ3, STM32MP231CAK3, STM32MP231CAL3, STM32MP231DAJ3, STM32MP231DAK3, STM32MP231DAL3, STM32MP231FAJ3, STM32MP231FAK3, STM32MP231FAL3, STM32MP233AAJ3, STM32MP233AAK3, STM32MP233AAL3, STM32MP233CAJ3, STM32MP233CAK3, STM32MP233CAL3, STM32MP233DAJ3, STM32MP233DAK3, STM32MP233DAL3, STM32MP233FAJ3, STM32MP233FAK3, STM32MP233FAL3, STM32MP235AAJ3, STM32MP235AAK3, STM32MP235AAL3, STM32MP235CAJ3, STM32MP235CAK3, STM32MP235CAL3, STM32MP235DAJ3, STM32MP235DAK3, STM32MP235DAL3, STM32MP235FAJ3, STM32MP235FAK3, STM32MP235FAL3, STM32MP251AAI3, STM32MP251AAK3, STM32MP251AAL3, STM32MP251CAI3, STM32MP251CAK3, STM32MP251CAL3, STM32MP251DAI3, STM32MP251DAK3, STM32MP251DAL3, STM32MP251FAI3, STM32MP251FAK3, STM32MP251FAL3, STM32MP253AAI3, STM32MP253AAK3, STM32MP253AAL3, STM32MP253CAI3, STM32MP253CAK3, STM32MP253CAL3, STM32MP253DAI3, STM32MP253DAK3, STM32MP253DAL3, STM32MP253FAI3, STM32MP253FAK3, STM32MP253FAL3, STM32MP255AAI3, STM32MP255AAK3, STM32MP255AAL3, STM32MP255CAI3, STM32MP255CAK3, STM32MP255CAL3, STM32MP255DAI3, STM32MP255DAK3, STM32MP255DAL3, STM32MP255FAI3, STM32MP255FAK3, STM32MP255FAL3, STM32MP257AAI3, STM32MP257AAK3, STM32MP257AAL3, STM32MP257CAI3, STM32MP257CAK3, STM32MP257CAL3, STM32MP257DAI3, STM32MP257DAK3, STM32MP257DAL3, STM32MP257F-DK, STM32MP257F-EV1, STM32MP257FAI3, STM32MP257FAK3, STM32MP257FAL3, STM32N645A0H3Q, STM32N645B0H3Q, STM32N645I0H3Q, STM32N645L0H3Q, STM32N645X0H3Q, STM32N645Z0H3Q, STM32N647A0H3Q, STM32N647B0H3Q, STM32N647I0H3Q, STM32N647L0H3Q, STM32N647X0H3Q, STM32N647Z0H3Q, STM32N655A0H3Q, STM32N655B0H3Q, STM32N655I0H3Q, STM32N655L0H3Q, STM32N655X0H3Q, STM32N655Z0H3Q, STM32N6570-DK, STM32N657A0H3Q, STM32N657B0H3Q, STM32N657I0H3Q, STM32N657L0H3Q, STM32N657X0H3Q, STM32N657Z0H3Q, STM32U031C6T6, STM32U031C6U6, STM32U031C8T6, STM32U031C8U6, STM32U031F4P6, STM32U031F6P6, STM32U031F8P6, STM32U031G6Y6TR, STM32U031G8Y6TR, STM32U031K4U6, STM32U031K6U6, STM32U031K8U6, STM32U031R6I6, STM32U031R6T6, STM32U031R8I6, STM32U031R8T6, STM32U073C8T6, STM32U073C8U6, STM32U073CBT6, STM32U073CBU6, STM32U073CCT6, STM32U073CCU6, STM32U073H8Y6TR, STM32U073HBY6TR, STM32U073HCY6TR, STM32U073K8U6, STM32U073KBU6, STM32U073KCU6, STM32U073M8I6, STM32U073M8T6, STM32U073MBI6, STM32U073MBT6, STM32U073MCI6, STM32U073MCT6, STM32U073R8I6, STM32U073R8T6, STM32U073RBI6, STM32U073RBT6, STM32U073RCI6, STM32U073RCT6, STM32U083C-DK, STM32U083CCT6, STM32U083CCU6, STM32U083HCY6TR, STM32U083KCU6, STM32U083MCI6, STM32U083MCT6, STM32U083RCI6, STM32U083RCT6, STM32U375CET6, STM32U375CET6Q, STM32U375CEU6, STM32U375CEU6Q, STM32U375CEY6QTR, STM32U375CGT6, STM32U375CGT6Q, STM32U375CGU6, STM32U375CGU6Q, STM32U375CGY6QTR, STM32U375KEU6, STM32U375KGU6, STM32U375REI6, STM32U375REI6Q, STM32U375RET6, STM32U375RET6Q, STM32U375REY6GTR, STM32U375REY6QTR, STM32U375RGI6, STM32U375RGI6Q, STM32U375RGT6, STM32U375RGT6Q, STM32U375RGY6GTR, STM32U375RGY6QTR, STM32U375VEI6, STM32U375VEI6Q, STM32U375VET6, STM32U375VET6Q, STM32U375VGI6, STM32U375VGI6Q, STM32U375VGT6, STM32U375VGT6Q, STM32U385CGT6, STM32U385CGT6Q, STM32U385CGU6, STM32U385CGU6Q, STM32U385CGY6QTR, STM32U385KGU6, STM32U385RGI6, STM32U385RGI6Q, STM32U385RGT6, STM32U385RGT6Q, STM32U385RGY6GTR, STM32U385RGY6QTR, STM32U385VGI6, STM32U385VGI6Q, STM32U385VGT6, STM32U385VGT6Q, STM32U535CBT6, STM32U535CBT6Q, STM32U535CBU6, STM32U535CBU6Q, STM32U535CCT6, STM32U535CCT6Q, STM32U535CCU6, STM32U535CCU6Q, STM32U535CET6, STM32U535CET6Q, STM32U535CEU6, STM32U535CEU6Q, STM32U535JEY6QTR, STM32U535NCY6QTR, STM32U535NEY6QTR, STM32U535RBI6, STM32U535RBI6Q, STM32U535RBT6, STM32U535RBT6Q, STM32U535RCI6, STM32U535RCI6Q, STM32U535RCT6, STM32U535RCT6Q, STM32U535REI6, STM32U535REI6Q, STM32U535RET6, STM32U535RET6Q, STM32U535VCI6, STM32U535VCI6Q, STM32U535VCT6, STM32U535VCT6Q, STM32U535VEI6, STM32U535VEI6Q, STM32U535VET6, STM32U535VET6Q, STM32U545CET6, STM32U545CET6Q, STM32U545CEU6, STM32U545CEU6Q, STM32U545JEY6QTR, STM32U545NEY6QTR, STM32U545REI6, STM32U545REI6Q, STM32U545RET6, STM32U545RET6Q, STM32U545VEI6, STM32U545VEI6Q, STM32U545VET6, STM32U545VET6Q, STM32U595AIH6, STM32U595AIH6Q, STM32U595AJH6, STM32U595AJH6Q, STM32U595QII6, STM32U595QII6Q, STM32U595QJI6, STM32U595QJI6Q, STM32U595RIT6, STM32U595RIT6Q, STM32U595RJT6, STM32U595RJT6Q, STM32U595VIT6, STM32U595VIT6Q, STM32U595VJT6, STM32U595VJT6Q, STM32U595ZIT6, STM32U595ZIT6Q, STM32U595ZIY6QTR, STM32U595ZJT6, STM32U595ZJT6Q, STM32U595ZJY6QTR, STM32U599BJY6QTR, STM32U599NIH6Q, STM32U599NJH6Q, STM32U599VIT6Q, STM32U599VJT6, STM32U599VJT6Q, STM32U599ZIT6Q, STM32U599ZIY6QTR, STM32U599ZJT6Q, STM32U599ZJY6QTR, STM32U5A5AJH6, STM32U5A5AJH6Q, STM32U5A5QII3Q , STM32U5A5QJI6, STM32U5A5QJI6Q, STM32U5A5RJT6, STM32U5A5RJT6Q, STM32U5A5VJT6, STM32U5A5VJT6Q, STM32U5A5ZJT6, STM32U5A5ZJT6Q, STM32U5A5ZJY6QTR, STM32U5A9BJY6QTR, STM32U5A9J-DK, STM32U5A9NJH6Q, STM32U5A9VJT6Q, STM32U5A9ZJT6Q, STM32U5A9ZJY6QTR, STM32U5F7VIT6, STM32U5F7VIT6Q, STM32U5F7VJT6, STM32U5F7VJT6Q, STM32U5F9BJY6QTR, STM32U5F9NJH6Q, STM32U5F9VIT6Q, STM32U5F9VJT6Q, STM32U5F9ZIJ6QTR, STM32U5F9ZIT6Q, STM32U5F9ZJJ6QTR, STM32U5F9ZJT6Q, STM32U5G7VJT6, STM32U5G7VJT6Q, STM32U5G9BJY6QTR, STM32U5G9J-DK1, STM32U5G9J-DK2, STM32U5G9NJH6Q, STM32U5G9VJT6Q, STM32U5G9ZJJ6QTR, STM32U5G9ZJT6Q, STM32WB05KZV6TR, STM32WB05KZV7TR, STM32WB05TZF6TR, STM32WB05TZF7TR, STM32WB06CCF6TR, STM32WB06CCF7TR, STM32WB06CCV6TR, STM32WB06CCV7TR, STM32WB06KCV6TR, STM32WB06KCV7TR, STM32WB07CCF6TR, STM32WB07CCF7TR, STM32WB07CCV6TR, STM32WB07CCV7TR, STM32WB07KCV6TR, STM32WB07KCV7TR, STM32WB09KEV6TR, STM32WB09KEV7TR, STM32WB09TEF6TR, STM32WB09TEF7TR, STM32WB1MMCH6, STM32WBA50KGU6, STM32WBA50KGU6TR, STM32WBA52CEU6, STM32WBA52CEU6TR, STM32WBA52CEU7, STM32WBA52CEU7TR, STM32WBA52CGU6, STM32WBA52CGU6TR, STM32WBA52CGU6U, STM32WBA52CGU7, STM32WBA52CGU7TR, STM32WBA52KEU6, STM32WBA52KEU6TR, STM32WBA52KGU6, STM32WBA52KGU6TR, STM32WBA54CEU6, STM32WBA54CEU6TR, STM32WBA54CEU7, STM32WBA54CEU7TR, STM32WBA54CGU6, STM32WBA54CGU6TR, STM32WBA54CGU7, STM32WBA54CGU7TR, STM32WBA54KEU6, STM32WBA54KEU6TR, STM32WBA54KEU7, STM32WBA54KEU7TR, STM32WBA54KGU6, STM32WBA54KGU6TR, STM32WBA54KGU7, STM32WBA54KGU7TR, STM32WBA55CEU6, STM32WBA55CEU6TR, STM32WBA55CEU7, STM32WBA55CEU7TR, STM32WBA55CGU6, STM32WBA55CGU6TR, STM32WBA55CGU6U, STM32WBA55CGU7, STM32WBA55CGU7TR, STM32WBA55G-DK1, STM32WBA55HEF6, STM32WBA55HEF7, STM32WBA55HGF6, STM32WBA55HGF7, STM32WBA55UEI6, STM32WBA55UEI6TR, STM32WBA55UEI7, STM32WBA55UEI7TR, STM32WBA55UGI6, STM32WBA55UGI6TR, STM32WBA55UGI7, STM32WBA55UGI7TR, STM32WBA5MMGH6TR, STM32WBA62MGF6, STM32WBA62MIF6, STM32WBA65MGF7, STM32WBA65MIF6, STM32WBA65MIF7, STM32WL30K8V6, STM32WL30KBV6, STM32WL31C8V6, STM32WL31CBV6, STM32WL31K8V6, STM32WL31KBV6, STM32WL33C8V6, STM32WL33C8V6X, STM32WL33CBV6, STM32WL33CBV6X, STM32WL33CCV6, STM32WL33CCV6A, STM32WL33CCV6X, STM32WL33K8V7, STM32WL33K8V7X, STM32WL33KBV7 , STM32WL33KBV7X, STM32WL33KCV7, STM32WL33KCV7X, STM32WL5MOCH6, STM32WL5MOCH6TR]
2026-04-21 11:42:56,199 [INFO] DbMcus:218 - Found 4922 MCUs, 4922 are supported
2026-04-21 11:42:56,201 [INFO] ApiDb:423 - Load user favorites file /Users/ggpai/.stm32cubeide/favorites.mcus.txt: 0 item(s)
2026-04-21 11:42:56,202 [INFO] ApiDb:427 - User favorites MCUs=[]
2026-04-21 11:42:56,202 [INFO] DbMcus:224 - Set 0 / 0 favorites MCUs
2026-04-21 11:42:56,506 [INFO] ApiDb:668 - CubeFinder database Data Model version=2.1
2026-04-21 11:42:56,506 [INFO] ApiDb:669 - CubeFinder database Configuration version=3.0.42
2026-04-21 11:42:56,506 [INFO] ApiDb:670 - CubeFinder database generation date=2026-02-13 (1770995876)
2026-04-21 11:42:56,506 [INFO] ApiDb:671 - CubeFinder database FW Pack versions=[FP-ATR-ASTRA1_V2.0.0, FP-SNS-FLIGHT1_V5.1.0, FP-SNS-MOTENV1_V5.1.0, FP-SNS-MOTENVWB1_V1.4.0, FP-SNS-SMARTAG2_V1.2.0, FP-SNS-STBOX1_V2.1.0, STM32Cube_FW_C0_V1.4.0, STM32Cube_FW_F4_V1.28.3, STM32Cube_FW_F7_V1.17.4, STM32Cube_FW_G0_V1.6.2, STM32Cube_FW_G4_V1.6.1, STM32Cube_FW_H5_V1.6.0, STM32Cube_FW_H7RS_V1.3.0, STM32Cube_FW_H7_V1.13.0, STM32Cube_FW_L0_V1.12.2, STM32Cube_FW_L4_V1.18.2, STM32Cube_FW_L5_V1.6.0, STM32Cube_FW_N6_V1.3.0, STM32Cube_FW_U0_V1.3.0, STM32Cube_FW_U3_V1.3.0, STM32Cube_FW_U5_V1.8.0, STM32Cube_FW_WB0_V1.4.0, STM32Cube_FW_WBA_V1.9.0, STM32Cube_FW_WB_V1.24.0, STM32Cube_FW_WL3_V1.4.0, STM32Cube_FW_WL_V1.5.0, X-CUBE-ALGOBUILD_V1.4.0, X-CUBE-ALS_V1.0.2, X-CUBE-AZRTOS-F4_V1.1.0, X-CUBE-AZRTOS-F7_V1.1.0, X-CUBE-AZRTOS-G0_V1.1.0, X-CUBE-AZRTOS-G4_V2.0.0, X-CUBE-AZRTOS-H7RS_V1.1.0, X-CUBE-AZRTOS-H7_V3.4.0, X-CUBE-AZRTOS-L4_V2.0.0, X-CUBE-AZRTOS-L5_V2.0.0, X-CUBE-AZRTOS-WB_V2.0.0, X-CUBE-AZRTOS-WL_V2.0.0, X-CUBE-BLE1_V7.1.0, X-CUBE-BLE2_V3.3.0, X-CUBE-BLEMGR_V4.1.0, X-CUBE-EEPRMA1_V5.2.0, X-CUBE-FREERTOS_V1.3.1, X-CUBE-GNSS1_V6.0.0, X-CUBE-MEMS1_V12.0.0, X-CUBE-NFC4_V3.0.0, X-CUBE-NFC7_V2.0.0, X-CUBE-SFXS2LP1_V4.0.0, X-CUBE-ST67W61_V1.1.0, X-CUBE-SUBG2_V5.0.0, X-CUBE-TOF1_V3.4.3]
2026-04-21 11:42:56,553 [INFO] DbBoardsSqlite:226 - include board P-NUCLEO-WB55-NUCLEO as a kit item of type 'Nucleo-64'
2026-04-21 11:42:56,554 [INFO] DbBoardsSqlite:226 - include board P-NUCLEO-WB55-USBDONGLE as a kit item of type 'Nucleo USB Dongle'
2026-04-21 11:42:56,554 [INFO] DbBoardsSqlite:226 - include board STEVAL-IDP005V1 as a kit item of type 'Evaluation Board'
2026-04-21 11:42:56,555 [INFO] DbBoardsSqlite:226 - include board STEVAL-IDP005V2 as a kit item of type 'Evaluation Board'
2026-04-21 11:42:56,591 [INFO] ApiDb:240 - Found 880 in-development CPN: [B-G473E-ZEST1S, B-WB1M-WPAN1, B-WBA5M-WPAN, B-WL5M-SUBG1, NUCLEO-C031C6, NUCLEO-C051C8, NUCLEO-C071RB, NUCLEO-C092RC, NUCLEO-H503RB, NUCLEO-H533RE, NUCLEO-H563ZI, NUCLEO-H7S3L8, NUCLEO-N657X0-Q, NUCLEO-U031R8, NUCLEO-U083RC, NUCLEO-U385RG-Q, NUCLEO-U545RE-Q, NUCLEO-U5A5ZJ-Q, NUCLEO-WB05KZ, NUCLEO-WB07CC, NUCLEO-WB09KE, NUCLEO-WBA52CG, NUCLEO-WBA55CG, NUCLEO-WL33CC1, NUCLEO-WL33CC2, STEVAL-PROTEUS1, STEVAL-SMARTAG2, STEVAL-STWINBX1, STM320518-EVAL, STM32C0116-DK, STM32C011D6Y3TR, STM32C011D6Y6TR, STM32C011F4P3, STM32C011F4P6, STM32C011F4U3, STM32C011F4U6TR, STM32C011F6P3, STM32C011F6P6, STM32C011F6U3, STM32C011F6U6TR, STM32C011J4M3, STM32C011J4M6, STM32C011J6M3, STM32C011J6M6, STM32C0316-DK, STM32C031C4T3, STM32C031C4T6, STM32C031C4U3, STM32C031C4U6, STM32C031C6T3, STM32C031C6T6, STM32C031C6U3, STM32C031C6U6, STM32C031F4P3, STM32C031F4P6, STM32C031F6P3, STM32C031F6P6, STM32C031G4U3, STM32C031G4U6, STM32C031G6U3, STM32C031G6U6, STM32C031K4T3, STM32C031K4T6, STM32C031K4U3, STM32C031K4U6, STM32C031K6T3, STM32C031K6T6, STM32C031K6U3, STM32C031K6U6, STM32C051C6T6, STM32C051C6U6, STM32C051C8T6, STM32C051C8U6, STM32C051D8Y6TR, STM32C051F6P6, STM32C051F8P6, STM32C051G6U6, STM32C051G8U6, STM32C051K6T6, STM32C051K6U6, STM32C051K8T6, STM32C071C8T6, STM32C071C8T6N, STM32C071C8U6, STM32C071C8U6N, STM32C071CBT6, STM32C071CBT6N, STM32C071CBU6, STM32C071CBU6N, STM32C071F8P6, STM32C071F8P6N, STM32C071FBP6, STM32C071FBP6N, STM32C071FBY6TR, STM32C071G8U6, STM32C071G8U6N, STM32C071GBU6, STM32C071GBU6N, STM32C071K8T6, STM32C071K8T6N, STM32C071K8U6, STM32C071K8U6N, STM32C071KBT6, STM32C071KBT6N, STM32C071KBU6, STM32C071KBU6N, STM32C071R8T6, STM32C071R8T6N, STM32C071RBI6N, STM32C071RBT6, STM32C071RBT6N, STM32C091CBT6, STM32C091CBU6, STM32C091CCT6, STM32C091CCU6, STM32C091ECY6TR, STM32C091FBP6, STM32C091FCP6, STM32C091GBU6, STM32C091GCU6, STM32C091KBT6, STM32C091KBU6, STM32C091KCT6, STM32C091KCU6, STM32C091RBT6, STM32C091RCI6, STM32C091RCT6, STM32C092CBT6, STM32C092CBU6, STM32C092CCT6, STM32C092CCU6, STM32C092ECY6TR, STM32C092FBP6, STM32C092FCP6, STM32C092GBU6, STM32C092GCU6, STM32C092KBT6, STM32C092KBU6, STM32C092KCT6, STM32C092KCU6, STM32C092RBT6, STM32C092RCI6, STM32C092RCT6, STM32G071K8TXN, STM32G071K8UXN, STM32G081GBU6N, STM32G081KBT6N, STM32G081KBUXN, STM32G0B1CCT6N, STM32G0B1KCT6, STM32G0B1NEY6TR, STM32G0B1RCT6N, STM32G0C1CCT6, STM32G0C1CCT6N, STM32G0C1CCU6N, STM32G0C1CET6N, STM32G0C1CEU6N, STM32G0C1KCT6, STM32G0C1NEY6TR, STM32G0C1RCI6N, STM32G0C1RCT6N, STM32G0C1REI6N, STM32G0C1RET6N, STM32G0C1VCI6, STM32G0C1VEI6, STM32G411C6T3, STM32G411C6T6, STM32G411C6U3, STM32G411C6U6, STM32G411C8T3, STM32G411C8T6, STM32G411C8U3, STM32G411C8U6, STM32G411CBT3, STM32G411CBT6, STM32G411CBU3, STM32G411CBU6, STM32G411K6T3, STM32G411K6T6, STM32G411K6U3, STM32G411K6U6, STM32G411K8T3, STM32G411K8T6, STM32G411K8U3, STM32G411K8U6, STM32G411KBT3, STM32G411KBT6, STM32G411KBU3, STM32G411KBU6, STM32G411M6T3, STM32G411M6T6, STM32G411M8T3, STM32G411M8T6, STM32G411MBT3, STM32G411MBT6, STM32G411R6T3, STM32G411R6T6, STM32G411R8T3, STM32G411R8T6, STM32G411RBT3, STM32G411RBT6, STM32G414CBT3, STM32G414CBT6, STM32G414CBU3, STM32G414CBU6, STM32G414CCT3, STM32G414CCT6, STM32G414CCU3, STM32G414CCU6, STM32G414MBT3, STM32G414MBT6, STM32G414MCT3, STM32G414MCT6, STM32G414RBT3, STM32G414RBT6, STM32G414RCT3, STM32G414RCT6, STM32G414VBT3, STM32G414VBT6, STM32G414VCT3, STM32G414VCT6, STM32G431CBT3Z, STM32G431RBT3Z, STM32G471CCT6, STM32G471CCU6, STM32G471CET3, STM32G471CET6, STM32G471CEU3, STM32G471CEU6, STM32G471MCT6, STM32G471MET3, STM32G471MET6, STM32G471MEY6TR, STM32G471QCT6, STM32G471QET3, STM32G471RCT6, STM32G471RET3, STM32G471RET6, STM32G471VCH6, STM32G471VCI6, STM32G471VCT6, STM32G471VEH3, STM32G471VEH6, STM32G471VEI3, STM32G471VEI6, STM32G471VET3, STM32G471VET6, STM32G473QET3Z, STM32G473RET3Z, STM32G474CCT6, STM32G491RET3Z, STM32H503CBT6, STM32H503CBU6, STM32H503EBY6TR, STM32H503KBU6, STM32H503RBT6, STM32H523CCT6, STM32H523CCU6, STM32H523CET6, STM32H523CEU6, STM32H523HEY6TR, STM32H523RCT6, STM32H523RET6, STM32H523VCI6, STM32H523VCT6, STM32H523VEI6, STM32H523VET6, STM32H523ZCJ6, STM32H523ZCT6, STM32H523ZEJ6, STM32H523ZET6, STM32H533CET6, STM32H533CEU6, STM32H533HEY6TR, STM32H533RET6, STM32H533VEI6, STM32H533VET6, STM32H533ZEJ6, STM32H533ZET6, STM32H562AGI6, STM32H562AII6, STM32H562IGK6, STM32H562IGT6, STM32H562IIK6, STM32H562IIT6, STM32H562RGT6, STM32H562RGV6, STM32H562RIT6, STM32H562RIV6, STM32H562VGT6, STM32H562VIT6, STM32H562ZGT6, STM32H562ZIT6, STM32H563AGI6, STM32H563AII3Q, STM32H563AII6, STM32H563IGK6, STM32H563IGT6, STM32H563IIK3Q, STM32H563IIK6, STM32H563IIT3Q, STM32H563IIT6, STM32H563MIY3QTR, STM32H563RGT6, STM32H563RGV6, STM32H563RIT6, STM32H563RIV6, STM32H563VGT6, STM32H563VIT3Q, STM32H563VIT6, STM32H563ZGT6, STM32H563ZIT3Q, STM32H563ZIT6, STM32H573AII3Q, STM32H573AII6, STM32H573I-DK, STM32H573IIK3Q, STM32H573IIK6, STM32H573IIT3Q, STM32H573IIT6, STM32H573MIY3QTR, STM32H573RIT6, STM32H573RIV6, STM32H573VIT3Q, STM32H573VIT6, STM32H573ZIT3Q, STM32H573ZIT6, STM32H7R3A8I6, STM32H7R3I8K6, STM32H7R3I8T6, STM32H7R3L8H6, STM32H7R3L8H6H, STM32H7R3R8V6, STM32H7R3V8H6, STM32H7R3V8T6, STM32H7R3V8Y6TR, STM32H7R3Z8J6, STM32H7R3Z8T6, STM32H7R7A8I6, STM32H7R7I8K6, STM32H7R7I8T6, STM32H7R7L8H6, STM32H7R7L8H6H, STM32H7R7Z8J6, STM32H7S3A8I6, STM32H7S3I8K6, STM32H7S3I8T6, STM32H7S3L8H6, STM32H7S3L8H6H, STM32H7S3R8V6, STM32H7S3V8H6, STM32H7S3V8T6, STM32H7S3V8Y6TR, STM32H7S3Z8J6, STM32H7S3Z8T6, STM32H7S78-DK, STM32H7S7A8I6, STM32H7S7I8K6, STM32H7S7I8T6, STM32H7S7L8H6, STM32H7S7L8H6H, STM32H7S7Z8J6, STM32L4R5QGI6STR, STM32MP131AAE3, STM32MP131AAF3, STM32MP131AAG3, STM32MP131CAE3, STM32MP131CAF3, STM32MP131CAG3, STM32MP131DAE7, STM32MP131DAF7, STM32MP131DAG7, STM32MP131FAE7, STM32MP131FAF7, STM32MP131FAG7, STM32MP133AAE3, STM32MP133AAF3, STM32MP133AAG3, STM32MP133CAE3, STM32MP133CAF3, STM32MP133CAG3, STM32MP133DAE7, STM32MP133DAF7, STM32MP133DAG7, STM32MP133FAE7, STM32MP133FAF7, STM32MP133FAG7, STM32MP135AAE3, STM32MP135AAF3, STM32MP135AAG3, STM32MP135CAE3, STM32MP135CAF3, STM32MP135CAG3, STM32MP135DAE7, STM32MP135DAF7, STM32MP135DAG7, STM32MP135F-DK, STM32MP135FAE7, STM32MP135FAF7, STM32MP135FAF7T, STM32MP135FAF7U, STM32MP135FAG7, STM32MP211AAL3, STM32MP211AAM3, STM32MP211AAN3, STM32MP211AAO3, STM32MP211CAL3, STM32MP211CAM3, STM32MP211CAN3, STM32MP211CAO3, STM32MP211DAL3, STM32MP211DAM3, STM32MP211DAN3, STM32MP211DAO3, STM32MP211FAL3, STM32MP211FAM3, STM32MP211FAN3, STM32MP211FAO3, STM32MP213AAL3, STM32MP213AAM3, STM32MP213AAN3, STM32MP213AAO3, STM32MP213CAL3, STM32MP213CAM3, STM32MP213CAN3, STM32MP213CAO3, STM32MP213DAL3, STM32MP213DAM3, STM32MP213DAN3, STM32MP213DAO3, STM32MP213FAL3, STM32MP213FAM3, STM32MP213FAN3, STM32MP213FAO3, STM32MP215AAL3, STM32MP215AAM3, STM32MP215AAN3, STM32MP215AAO3, STM32MP215CAL3, STM32MP215CAM3, STM32MP215CAN3, STM32MP215CAO3, STM32MP215DAL3, STM32MP215DAM3, STM32MP215DAN3, STM32MP215DAO3, STM32MP215F-DK, STM32MP215FAL3, STM32MP215FAM3, STM32MP215FAN3, STM32MP215FAO3, STM32MP231AAJ3, STM32MP231AAK3, STM32MP231AAL3, STM32MP231CAJ3, STM32MP231CAK3, STM32MP231CAL3, STM32MP231DAJ3, STM32MP231DAK3, STM32MP231DAL3, STM32MP231FAJ3, STM32MP231FAK3, STM32MP231FAL3, STM32MP233AAJ3, STM32MP233AAK3, STM32MP233AAL3, STM32MP233CAJ3, STM32MP233CAK3, STM32MP233CAL3, STM32MP233DAJ3, STM32MP233DAK3, STM32MP233DAL3, STM32MP233FAJ3, STM32MP233FAK3, STM32MP233FAL3, STM32MP235AAJ3, STM32MP235AAK3, STM32MP235AAL3, STM32MP235CAJ3, STM32MP235CAK3, STM32MP235CAL3, STM32MP235DAJ3, STM32MP235DAK3, STM32MP235DAL3, STM32MP235FAJ3, STM32MP235FAK3, STM32MP235FAL3, STM32MP251AAI3, STM32MP251AAK3, STM32MP251AAL3, STM32MP251CAI3, STM32MP251CAK3, STM32MP251CAL3, STM32MP251DAI3, STM32MP251DAK3, STM32MP251DAL3, STM32MP251FAI3, STM32MP251FAK3, STM32MP251FAL3, STM32MP253AAI3, STM32MP253AAK3, STM32MP253AAL3, STM32MP253CAI3, STM32MP253CAK3, STM32MP253CAL3, STM32MP253DAI3, STM32MP253DAK3, STM32MP253DAL3, STM32MP253FAI3, STM32MP253FAK3, STM32MP253FAL3, STM32MP255AAI3, STM32MP255AAK3, STM32MP255AAL3, STM32MP255CAI3, STM32MP255CAK3, STM32MP255CAL3, STM32MP255DAI3, STM32MP255DAK3, STM32MP255DAL3, STM32MP255FAI3, STM32MP255FAK3, STM32MP255FAL3, STM32MP257AAI3, STM32MP257AAK3, STM32MP257AAL3, STM32MP257CAI3, STM32MP257CAK3, STM32MP257CAL3, STM32MP257DAI3, STM32MP257DAK3, STM32MP257DAL3, STM32MP257F-DK, STM32MP257F-EV1, STM32MP257FAI3, STM32MP257FAK3, STM32MP257FAL3, STM32N645A0H3Q, STM32N645B0H3Q, STM32N645I0H3Q, STM32N645L0H3Q, STM32N645X0H3Q, STM32N645Z0H3Q, STM32N647A0H3Q, STM32N647B0H3Q, STM32N647I0H3Q, STM32N647L0H3Q, STM32N647X0H3Q, STM32N647Z0H3Q, STM32N655A0H3Q, STM32N655B0H3Q, STM32N655I0H3Q, STM32N655L0H3Q, STM32N655X0H3Q, STM32N655Z0H3Q, STM32N6570-DK, STM32N657A0H3Q, STM32N657B0H3Q, STM32N657I0H3Q, STM32N657L0H3Q, STM32N657X0H3Q, STM32N657Z0H3Q, STM32U031C6T6, STM32U031C6U6, STM32U031C8T6, STM32U031C8U6, STM32U031F4P6, STM32U031F6P6, STM32U031F8P6, STM32U031G6Y6TR, STM32U031G8Y6TR, STM32U031K4U6, STM32U031K6U6, STM32U031K8U6, STM32U031R6I6, STM32U031R6T6, STM32U031R8I6, STM32U031R8T6, STM32U073C8T6, STM32U073C8U6, STM32U073CBT6, STM32U073CBU6, STM32U073CCT6, STM32U073CCU6, STM32U073H8Y6TR, STM32U073HBY6TR, STM32U073HCY6TR, STM32U073K8U6, STM32U073KBU6, STM32U073KCU6, STM32U073M8I6, STM32U073M8T6, STM32U073MBI6, STM32U073MBT6, STM32U073MCI6, STM32U073MCT6, STM32U073R8I6, STM32U073R8T6, STM32U073RBI6, STM32U073RBT6, STM32U073RCI6, STM32U073RCT6, STM32U083C-DK, STM32U083CCT6, STM32U083CCU6, STM32U083HCY6TR, STM32U083KCU6, STM32U083MCI6, STM32U083MCT6, STM32U083RCI6, STM32U083RCT6, STM32U375CET6, STM32U375CET6Q, STM32U375CEU6, STM32U375CEU6Q, STM32U375CEY6QTR, STM32U375CGT6, STM32U375CGT6Q, STM32U375CGU6, STM32U375CGU6Q, STM32U375CGY6QTR, STM32U375KEU6, STM32U375KGU6, STM32U375REI6, STM32U375REI6Q, STM32U375RET6, STM32U375RET6Q, STM32U375REY6GTR, STM32U375REY6QTR, STM32U375RGI6, STM32U375RGI6Q, STM32U375RGT6, STM32U375RGT6Q, STM32U375RGY6GTR, STM32U375RGY6QTR, STM32U375VEI6, STM32U375VEI6Q, STM32U375VET6, STM32U375VET6Q, STM32U375VGI6, STM32U375VGI6Q, STM32U375VGT6, STM32U375VGT6Q, STM32U385CGT6, STM32U385CGT6Q, STM32U385CGU6, STM32U385CGU6Q, STM32U385CGY6QTR, STM32U385KGU6, STM32U385RGI6, STM32U385RGI6Q, STM32U385RGT6, STM32U385RGT6Q, STM32U385RGY6GTR, STM32U385RGY6QTR, STM32U385VGI6, STM32U385VGI6Q, STM32U385VGT6, STM32U385VGT6Q, STM32U535CBT6, STM32U535CBT6Q, STM32U535CBU6, STM32U535CBU6Q, STM32U535CCT6, STM32U535CCT6Q, STM32U535CCU6, STM32U535CCU6Q, STM32U535CET6, STM32U535CET6Q, STM32U535CEU6, STM32U535CEU6Q, STM32U535JEY6QTR, STM32U535NCY6QTR, STM32U535NEY6QTR, STM32U535RBI6, STM32U535RBI6Q, STM32U535RBT6, STM32U535RBT6Q, STM32U535RCI6, STM32U535RCI6Q, STM32U535RCT6, STM32U535RCT6Q, STM32U535REI6, STM32U535REI6Q, STM32U535RET6, STM32U535RET6Q, STM32U535VCI6, STM32U535VCI6Q, STM32U535VCT6, STM32U535VCT6Q, STM32U535VEI6, STM32U535VEI6Q, STM32U535VET6, STM32U535VET6Q, STM32U545CET6, STM32U545CET6Q, STM32U545CEU6, STM32U545CEU6Q, STM32U545JEY6QTR, STM32U545NEY6QTR, STM32U545REI6, STM32U545REI6Q, STM32U545RET6, STM32U545RET6Q, STM32U545VEI6, STM32U545VEI6Q, STM32U545VET6, STM32U545VET6Q, STM32U595AIH6, STM32U595AIH6Q, STM32U595AJH6, STM32U595AJH6Q, STM32U595QII6, STM32U595QII6Q, STM32U595QJI6, STM32U595QJI6Q, STM32U595RIT6, STM32U595RIT6Q, STM32U595RJT6, STM32U595RJT6Q, STM32U595VIT6, STM32U595VIT6Q, STM32U595VJT6, STM32U595VJT6Q, STM32U595ZIT6, STM32U595ZIT6Q, STM32U595ZIY6QTR, STM32U595ZJT6, STM32U595ZJT6Q, STM32U595ZJY6QTR, STM32U599BJY6QTR, STM32U599NIH6Q, STM32U599NJH6Q, STM32U599VIT6Q, STM32U599VJT6, STM32U599VJT6Q, STM32U599ZIT6Q, STM32U599ZIY6QTR, STM32U599ZJT6Q, STM32U599ZJY6QTR, STM32U5A5AJH6, STM32U5A5AJH6Q, STM32U5A5QII3Q , STM32U5A5QJI6, STM32U5A5QJI6Q, STM32U5A5RJT6, STM32U5A5RJT6Q, STM32U5A5VJT6, STM32U5A5VJT6Q, STM32U5A5ZJT6, STM32U5A5ZJT6Q, STM32U5A5ZJY6QTR, STM32U5A9BJY6QTR, STM32U5A9J-DK, STM32U5A9NJH6Q, STM32U5A9VJT6Q, STM32U5A9ZJT6Q, STM32U5A9ZJY6QTR, STM32U5F7VIT6, STM32U5F7VIT6Q, STM32U5F7VJT6, STM32U5F7VJT6Q, STM32U5F9BJY6QTR, STM32U5F9NJH6Q, STM32U5F9VIT6Q, STM32U5F9VJT6Q, STM32U5F9ZIJ6QTR, STM32U5F9ZIT6Q, STM32U5F9ZJJ6QTR, STM32U5F9ZJT6Q, STM32U5G7VJT6, STM32U5G7VJT6Q, STM32U5G9BJY6QTR, STM32U5G9J-DK1, STM32U5G9J-DK2, STM32U5G9NJH6Q, STM32U5G9VJT6Q, STM32U5G9ZJJ6QTR, STM32U5G9ZJT6Q, STM32WB05KZV6TR, STM32WB05KZV7TR, STM32WB05TZF6TR, STM32WB05TZF7TR, STM32WB06CCF6TR, STM32WB06CCF7TR, STM32WB06CCV6TR, STM32WB06CCV7TR, STM32WB06KCV6TR, STM32WB06KCV7TR, STM32WB07CCF6TR, STM32WB07CCF7TR, STM32WB07CCV6TR, STM32WB07CCV7TR, STM32WB07KCV6TR, STM32WB07KCV7TR, STM32WB09KEV6TR, STM32WB09KEV7TR, STM32WB09TEF6TR, STM32WB09TEF7TR, STM32WB1MMCH6, STM32WBA50KGU6, STM32WBA50KGU6TR, STM32WBA52CEU6, STM32WBA52CEU6TR, STM32WBA52CEU7, STM32WBA52CEU7TR, STM32WBA52CGU6, STM32WBA52CGU6TR, STM32WBA52CGU6U, STM32WBA52CGU7, STM32WBA52CGU7TR, STM32WBA52KEU6, STM32WBA52KEU6TR, STM32WBA52KGU6, STM32WBA52KGU6TR, STM32WBA54CEU6, STM32WBA54CEU6TR, STM32WBA54CEU7, STM32WBA54CEU7TR, STM32WBA54CGU6, STM32WBA54CGU6TR, STM32WBA54CGU7, STM32WBA54CGU7TR, STM32WBA54KEU6, STM32WBA54KEU6TR, STM32WBA54KEU7, STM32WBA54KEU7TR, STM32WBA54KGU6, STM32WBA54KGU6TR, STM32WBA54KGU7, STM32WBA54KGU7TR, STM32WBA55CEU6, STM32WBA55CEU6TR, STM32WBA55CEU7, STM32WBA55CEU7TR, STM32WBA55CGU6, STM32WBA55CGU6TR, STM32WBA55CGU6U, STM32WBA55CGU7, STM32WBA55CGU7TR, STM32WBA55G-DK1, STM32WBA55HEF6, STM32WBA55HEF7, STM32WBA55HGF6, STM32WBA55HGF7, STM32WBA55UEI6, STM32WBA55UEI6TR, STM32WBA55UEI7, STM32WBA55UEI7TR, STM32WBA55UGI6, STM32WBA55UGI6TR, STM32WBA55UGI7, STM32WBA55UGI7TR, STM32WBA5MMGH6TR, STM32WBA62MGF6, STM32WBA62MIF6, STM32WBA65MGF7, STM32WBA65MIF6, STM32WBA65MIF7, STM32WL30K8V6, STM32WL30KBV6, STM32WL31C8V6, STM32WL31CBV6, STM32WL31K8V6, STM32WL31KBV6, STM32WL33C8V6, STM32WL33C8V6X, STM32WL33CBV6, STM32WL33CBV6X, STM32WL33CCV6, STM32WL33CCV6A, STM32WL33CCV6X, STM32WL33K8V7, STM32WL33K8V7X, STM32WL33KBV7 , STM32WL33KBV7X, STM32WL33KCV7, STM32WL33KCV7X, STM32WL5MOCH6, STM32WL5MOCH6TR]
2026-04-21 11:42:56,713 [INFO] BoardInfo:889 - No configuration file found for board P-NUCLEO-WB55
2026-04-21 11:42:56,714 [INFO] DbBoards:161 - Kit is not supported: P-NUCLEO-WB55
2026-04-21 11:42:56,718 [INFO] BoardInfo:889 - No configuration file found for board STEVAL-BFA001V1B
2026-04-21 11:42:56,718 [INFO] DbBoards:161 - Kit is not supported: STEVAL-BFA001V1B
2026-04-21 11:42:56,719 [INFO] BoardInfo:889 - No configuration file found for board STEVAL-BFA001V2B
2026-04-21 11:42:56,719 [INFO] DbBoards:161 - Kit is not supported: STEVAL-BFA001V2B
2026-04-21 11:42:56,964 [INFO] DbBoards:168 - Found 212 boards, 209 are supported
2026-04-21 11:42:56,972 [INFO] DbBoards:169 - Found 212 boards, 43 of them is supported for  Bsp
2026-04-21 11:42:56,983 [INFO] ApiDb:423 - Load user favorites file /Users/ggpai/.stm32cubeide/favorites.boards.txt: 1 item(s)
2026-04-21 11:42:56,985 [INFO] ApiDb:427 - User favorites Boards=[STM32F407G-DISC1]
2026-04-21 11:42:56,985 [INFO] DbBoards:198 - Set 1 / 1 favorites Boards
2026-04-21 11:42:56,988 [INFO] McuFinderGlobals:76 - Set McuFinderConnectedMode to false
2026-04-21 11:42:57,039 [INFO] MultiScanPanel:200 - Auto-refresh data requested => check proxy status ongoing
2026-04-21 11:42:57,040 [INFO] MultiScanPanel:204 - Proxy status is invalid
2026-04-21 11:42:57,048 [INFO] FinderPluginLoader:96 - Searching for filters in installed packs
2026-04-21 11:42:58,526 [WARN] DetailPanel:346 - Failed to get advertising image, set to default
2026-04-21 11:43:12,815 [INFO] MultiScanPanel:200 - Auto-refresh data requested => check proxy status ongoing
2026-04-21 11:43:12,821 [INFO] MultiScanPanel:204 - Proxy status is invalid
2026-04-21 11:43:13,075 [WARN] DetailPanel:346 - Failed to get advertising image, set to default
2026-04-21 11:43:13,109 [INFO] DbBoards:642 - Loading board mini-images...
2026-04-21 11:43:14,854 [INFO] DbBoards:665 - Loaded 212 board mini-images
2026-04-21 11:44:18,090 [INFO] MainUpdater:2872 - connection check result : 22
2026-04-21 11:44:18,849 [INFO] MicroXplorer:468 - Change Database Path : 
2026-04-21 11:44:18,850 [INFO] MicroXplorer:498 - Change Database Version : DB.6.0.150
2026-04-21 11:44:18,855 [WARN] ThirdParty:871 - waiting for thirdparty lock release [close project]
2026-04-21 11:44:18,855 [INFO] ThirdParty:873 - entering critical section [close project]
2026-04-21 11:44:18,858 [INFO] ThirdParty:883 - exiting critical section [close project]
2026-04-21 11:44:18,864 [INFO] PinOutPanel:1589 - setPackage(No Configuration,No Configuration)
2026-04-21 11:44:18,868 [INFO] UtilMem:75 - Begin LoadConfig() Used Memory: 541305808 Bytes (801112064)
2026-04-21 11:44:18,872 [INFO] OpenFileManager:355 - Change cursor
2026-04-21 11:44:18,985 [INFO] ProjectFactory:514 - No CPN specified for board NUCLEO-F446RE => set CPN to STM32F446RET6
2026-04-21 11:44:18,998 [INFO] Mcu:2029 - Initializing MCU STM32F446R(C-E)Tx STM32F446RETx STM32F446RET6
2026-04-21 11:44:21,022 [INFO] Context:786 - Trying to add GPIOservice into a context  which must be forbidden
2026-04-21 11:44:21,665 [INFO] Rule:233 - rule 117617 - U5Cobra4M][GTZC] default value MPCBB3 and MPCBB5 - Not Secured memory - MPCBB1 is applicable
2026-04-21 11:44:21,667 [INFO] Rule:233 - rule 117617 - U5Cobra4M][GTZC] default value MPCBB3 and MPCBB5 - Not Secured memory - MPCBB1 is applicable
2026-04-21 11:44:21,668 [INFO] Rule:233 - rule 117617 - U5Cobra4M][GTZC] default value MPCBB3 and MPCBB5 - Not Secured memory - MPCBB2 is applicable
2026-04-21 11:44:21,668 [INFO] Rule:233 - rule 117617 - U5Cobra4M][GTZC] default value MPCBB3 and MPCBB5 - Not Secured memory - MPCBB2 is applicable
2026-04-21 11:44:21,668 [INFO] Rule:233 - rule 117617 - U5Cobra4M][GTZC] default value MPCBB3 and MPCBB5 - Not Secured memory - MPCBB3 is applicable
2026-04-21 11:44:21,668 [INFO] Rule:233 - rule 117617 - U5Cobra4M][GTZC] default value MPCBB3 and MPCBB5 - Not Secured memory - MPCBB3 is applicable
2026-04-21 11:44:21,668 [INFO] Rule:233 - rule 117617 - U5Cobra4M][GTZC] default value MPCBB3 and MPCBB5 - Not Secured memory - MPCBB4 is applicable
2026-04-21 11:44:21,668 [INFO] Rule:233 - rule 117617 - U5Cobra4M][GTZC] default value MPCBB3 and MPCBB5 - Not Secured memory - MPCBB4 is applicable
2026-04-21 11:44:21,668 [INFO] Rule:233 - rule 117617 - U5Cobra4M][GTZC] default value MPCBB3 and MPCBB5 - Secured memory - MPCBB1 is applicable
2026-04-21 11:44:21,668 [INFO] Rule:233 - rule 117617 - U5Cobra4M][GTZC] default value MPCBB3 and MPCBB5 - Secured memory - MPCBB2 is applicable
2026-04-21 11:44:21,668 [INFO] Rule:233 - rule 117617 - U5Cobra4M][GTZC] default value MPCBB3 and MPCBB5 - Secured memory - MPCBB3 is applicable
2026-04-21 11:44:21,668 [INFO] Rule:233 - rule 117617 - U5Cobra4M][GTZC] default value MPCBB3 and MPCBB5 - Secured memory - MPCBB4 is applicable
2026-04-21 11:44:21,668 [INFO] Rule:233 - rule 117617 - U5Cobra4M][GTZC] default value MPCBB3 and MPCBB5 - Privileged memory - MPCBB1 is applicable
2026-04-21 11:44:21,669 [INFO] Rule:233 - rule 117617 - U5Cobra4M][GTZC] default value MPCBB3 and MPCBB5 - Privileged memory - MPCBB2 is applicable
2026-04-21 11:44:21,669 [INFO] Rule:233 - rule 117617 - U5Cobra4M][GTZC] default value MPCBB3 and MPCBB5 - Privileged memory - MPCBB3 is applicable
2026-04-21 11:44:21,669 [INFO] Rule:233 - rule 117617 - U5Cobra4M][GTZC] default value MPCBB3 and MPCBB5 - Privileged memory - MPCBB4 is applicable
2026-04-21 11:44:21,669 [INFO] Rule:233 - rule 117617 - U5Cobra4M][GTZC] default value MPCBB3 and MPCBB5 - Not Privileged memory - MPCBB1 is applicable
2026-04-21 11:44:21,669 [INFO] Rule:233 - rule 117617 - U5Cobra4M][GTZC] default value MPCBB3 and MPCBB5 - Not Privileged memory - MPCBB2 is applicable
2026-04-21 11:44:21,669 [INFO] Rule:233 - rule 117617 - U5Cobra4M][GTZC] default value MPCBB3 and MPCBB5 - Not Privileged memory - MPCBB3 is applicable
2026-04-21 11:44:21,669 [INFO] Rule:233 - rule 117617 - U5Cobra4M][GTZC] default value MPCBB3 and MPCBB5 - Not Privileged memory - MPCBB4 is applicable
2026-04-21 11:44:21,669 [INFO] Rule:233 - rule 117617 - U5Cobra4M][GTZC] default value MPCBB3 and MPCBB5 - Privileged memory - MPCBB1 is applicable
2026-04-21 11:44:21,669 [INFO] Rule:233 - rule 117617 - U5Cobra4M][GTZC] default value MPCBB3 and MPCBB5 - Privileged memory - MPCBB2 is applicable
2026-04-21 11:44:21,669 [INFO] Rule:233 - rule 117617 - U5Cobra4M][GTZC] default value MPCBB3 and MPCBB5 - Privileged memory - MPCBB3 is applicable
2026-04-21 11:44:21,669 [INFO] Rule:233 - rule 117617 - U5Cobra4M][GTZC] default value MPCBB3 and MPCBB5 - Privileged memory - MPCBB4 is applicable
2026-04-21 11:44:21,669 [INFO] Rule:233 - rule 117617 - U5Cobra4M][GTZC] default value MPCBB3 and MPCBB5 - Privileged memory - MPCBB1 is applicable
2026-04-21 11:44:21,669 [INFO] Rule:233 - rule 117617 - U5Cobra4M][GTZC] default value MPCBB3 and MPCBB5 - Privileged memory - MPCBB2 is applicable
2026-04-21 11:44:21,669 [INFO] Rule:233 - rule 117617 - U5Cobra4M][GTZC] default value MPCBB3 and MPCBB5 - Privileged memory - MPCBB3 is applicable
2026-04-21 11:44:21,669 [INFO] Rule:233 - rule 117617 - U5Cobra4M][GTZC] default value MPCBB3 and MPCBB5 - Privileged memory - MPCBB4 is applicable
2026-04-21 11:44:21,669 [INFO] Rule:233 - rule 117617 - U5Cobra4M][GTZC] default value MPCBB3 and MPCBB5 - Not Privileged memory - MPCBB1 is applicable
2026-04-21 11:44:21,669 [INFO] Rule:233 - rule 117617 - U5Cobra4M][GTZC] default value MPCBB3 and MPCBB5 - Not Privileged memory - MPCBB2 is applicable
2026-04-21 11:44:21,669 [INFO] Rule:233 - rule 117617 - U5Cobra4M][GTZC] default value MPCBB3 and MPCBB5 - Not Privileged memory - MPCBB3 is applicable
2026-04-21 11:44:21,670 [INFO] Rule:233 - rule 117617 - U5Cobra4M][GTZC] default value MPCBB3 and MPCBB5 - Not Privileged memory - MPCBB4 is applicable
2026-04-21 11:44:21,670 [INFO] Rule:233 - rule 117617 - U5Cobra4M][GTZC] default value MPCBB3 and MPCBB5 - Privileged memory - MPCBB1 is applicable
2026-04-21 11:44:21,670 [INFO] Rule:233 - rule 117617 - U5Cobra4M][GTZC] default value MPCBB3 and MPCBB5 - Privileged memory - MPCBB2 is applicable
2026-04-21 11:44:21,670 [INFO] Rule:233 - rule 117617 - U5Cobra4M][GTZC] default value MPCBB3 and MPCBB5 - Privileged memory - MPCBB3 is applicable
2026-04-21 11:44:21,670 [INFO] Rule:233 - rule 117617 - U5Cobra4M][GTZC] default value MPCBB3 and MPCBB5 - Privileged memory - MPCBB4 is applicable
2026-04-21 11:44:21,670 [INFO] Rule:233 - rule Rename SubGHz_Phy SUBGHZ_APPLICATION SUBGHZ_PINGPONG to SUBGHZ_ADV_APPLICATION is applicable
2026-04-21 11:44:21,670 [INFO] Rule:233 - rule Rename Enabled to IBEACON is applicable
2026-04-21 11:44:21,670 [INFO] Rule:233 - rule GTZC_S instance for project manager is applicable
2026-04-21 11:44:21,670 [INFO] Rule:233 - rule GTZC_S instance for context M33S is applicable
2026-04-21 11:44:21,670 [INFO] Rule:233 - rule GTZC_S instance value for IP GTZC is applicable
2026-04-21 11:44:21,670 [INFO] Rule:233 - rule GTZC_S instance for mcu.IP is applicable
2026-04-21 11:44:21,670 [INFO] Rule:233 - rule GTZC_S instance for VP is applicable
2026-04-21 11:44:21,670 [INFO] Rule:233 - rule GTZC_S instance for signal is applicable
2026-04-21 11:44:21,670 [INFO] Rule:233 - rule GTZC_S instance for mcu.Pin is applicable
2026-04-21 11:44:21,670 [INFO] Rule:233 - rule GTZC_S instance for VP is applicable
2026-04-21 11:44:21,670 [INFO] Rule:233 - rule GTZC_S instance for signal is applicable
2026-04-21 11:44:21,670 [INFO] Rule:233 - rule GTZC_S instance for mcu is applicable
2026-04-21 11:44:21,671 [INFO] Rule:233 - rule GTZC_S instance for mcu.Pin is applicable
2026-04-21 11:44:21,671 [INFO] Rule:233 - rule GTZC_S instance value for IP GTZC is applicable
2026-04-21 11:44:21,671 [INFO] Rule:233 - rule GTZC_S instance for project manager is applicable
2026-04-21 11:44:21,671 [INFO] Rule:233 - rule GTZC_S instance for context M33S is applicable
2026-04-21 11:44:21,671 [INFO] Rule:233 - rule GTZC_S instance for VP is applicable
2026-04-21 11:44:21,671 [INFO] Rule:233 - rule GTZC_S instance for signal is applicable
2026-04-21 11:44:21,671 [INFO] Rule:233 - rule SPDIFRX instance for mcu is applicable
2026-04-21 11:44:21,671 [INFO] Rule:233 - rule Rename Tracer Mode is applicable
2026-04-21 11:44:21,671 [INFO] Rule:233 - rule SPDIFRX instance value for IP SPDIFRX is applicable
2026-04-21 11:44:21,671 [INFO] Rule:233 - rule SPDIFRX instance for signal is applicable
2026-04-21 11:44:21,671 [INFO] Rule:233 - rule SPDIFRX instance for project manager is applicable
2026-04-21 11:44:21,671 [INFO] Rule:233 - rule SPDIFRX instance for project manager is applicable
2026-04-21 11:44:21,671 [INFO] Rule:233 - rule ADC Scan  fix with FW F7 is applicable
2026-04-21 11:44:21,671 [INFO] Rule:233 - rule ADC Scan  fix with FW F7 is applicable
2026-04-21 11:44:21,671 [INFO] Rule:233 - rule DFSDM instance value for IP DFSDM is applicable
2026-04-21 11:44:21,671 [INFO] Rule:233 - rule DFSDM instance for mcu is applicable
2026-04-21 11:44:21,671 [INFO] Rule:233 - rule DFSDM instance for VP is applicable
2026-04-21 11:44:21,672 [INFO] Rule:233 - rule DFSDM instance for signal is applicable
2026-04-21 11:44:21,672 [INFO] Rule:233 - rule DFSDM instance for shared is applicable
2026-04-21 11:44:21,672 [INFO] Rule:233 - rule BreakInputSource parameter for IP Timer is applicable
2026-04-21 11:44:21,672 [INFO] Rule:233 - rule Sourcebreak parameter for IP Timer is applicable
2026-04-21 11:44:21,672 [INFO] Rule:233 - rule Sourcebreak parameter for IP Timer is applicable
2026-04-21 11:44:21,672 [INFO] Rule:233 - rule DFSDM for PCC is applicable
2026-04-21 11:44:21,672 [INFO] Rule:233 - rule Serial_Wire Mode is applicable
2026-04-21 11:44:21,672 [INFO] Rule:233 - rule JTAG_4_pins Mode is applicable
2026-04-21 11:44:21,672 [INFO] Rule:233 - rule JTAG_5_pins Mode is applicable
2026-04-21 11:44:21,672 [INFO] Rule:233 - rule Trace_Asynchronous_SW Mode is applicable
2026-04-21 11:44:21,672 [INFO] Rule:233 - rule Trace_Synchro_1bit_JTAG Mode is applicable
2026-04-21 11:44:21,673 [INFO] Rule:233 - rule Trace_Synchro_2bits_JTAG Mode is applicable
2026-04-21 11:44:21,675 [INFO] Rule:233 - rule Trace_Synchro_4bits_JTAG Mode is applicable
2026-04-21 11:44:21,675 [INFO] Rule:233 - rule Trace_Synchro_1bit_SW Mode is applicable
2026-04-21 11:44:21,675 [INFO] Rule:233 - rule Trace_Synchro_2bits_SW Mode is applicable
2026-04-21 11:44:21,675 [INFO] Rule:233 - rule Trace_Synchro_4bits_SW Mode is applicable
2026-04-21 11:44:21,675 [INFO] Rule:233 - rule SYS_WakeUp0 Mode is applicable
2026-04-21 11:44:21,675 [INFO] Rule:233 - rule SYS_WakeUp0 Mode for STM32F446 is applicable
2026-04-21 11:44:21,675 [INFO] Rule:233 - rule SYS_WakeUp1 Mode is applicable
2026-04-21 11:44:21,675 [INFO] Rule:233 - rule SYS_WakeUp1 Mode for STM32F446 is applicable
2026-04-21 11:44:21,675 [INFO] Rule:233 - rule SYS_WakeUp2 Mode is applicable
2026-04-21 11:44:21,675 [INFO] Rule:233 - rule SYS_WakeUp3 Mode is applicable
2026-04-21 11:44:21,675 [INFO] Rule:233 - rule SYS_WakeUp4 Mode is applicable
2026-04-21 11:44:21,675 [INFO] Rule:233 - rule SYS_WakeUp5 Mode is applicable
2026-04-21 11:44:21,675 [INFO] Rule:233 - rule SYS_WakeUp6 Mode is applicable
2026-04-21 11:44:21,675 [INFO] Rule:233 - rule SYS_WakeUp7 Mode is applicable
2026-04-21 11:44:21,675 [INFO] Rule:233 - rule WakeUp0 Mode is applicable
2026-04-21 11:44:21,675 [INFO] Rule:233 - rule WakeUp0 SIGNAL is applicable
2026-04-21 11:44:21,675 [INFO] Rule:233 - rule WakeUp1 Mode is applicable
2026-04-21 11:44:21,675 [INFO] Rule:233 - rule WakeUp1 SIGNAL is applicable
2026-04-21 11:44:21,675 [INFO] Rule:233 - rule WakeUp2 Mode is applicable
2026-04-21 11:44:21,675 [INFO] Rule:233 - rule WakeUp2 SIGNAL is applicable
2026-04-21 11:44:21,675 [INFO] Rule:233 - rule WakeUp4 Mode is applicable
2026-04-21 11:44:21,676 [INFO] Rule:233 - rule WakeUp4 SIGNAL is applicable
2026-04-21 11:44:21,676 [INFO] Rule:233 - rule WakeUp5 Mode is applicable
2026-04-21 11:44:21,676 [INFO] Rule:233 - rule WakeUp5 SIGNAL is applicable
2026-04-21 11:44:21,676 [INFO] Rule:233 - rule Mode_PVD_Ext is applicable
2026-04-21 11:44:21,676 [INFO] Rule:233 - rule Mode_PVD_Int is applicable
2026-04-21 11:44:21,676 [INFO] Rule:233 - rule Add RTC Activate Clock Source is applicable
2026-04-21 11:44:21,676 [INFO] Rule:233 - rule Add RTC Activate Calendar 1 is applicable
2026-04-21 11:44:21,676 [INFO] Rule:233 - rule Add RTC Activate Calendar 2 is applicable
2026-04-21 11:44:21,676 [INFO] Rule:233 - rule Add RTC Activate Calendar 3 is applicable
2026-04-21 11:44:21,676 [INFO] Rule:233 - rule UART/USART TX Mode is applicable
2026-04-21 11:44:21,676 [INFO] Rule:233 - rule UART/USART RX Mode is applicable
2026-04-21 11:44:21,676 [INFO] Rule:233 - rule UART/USART RX TX Mode is applicable
2026-04-21 11:44:21,676 [INFO] Rule:233 - rule UART/USART PARITY NONE is applicable
2026-04-21 11:44:21,676 [INFO] Rule:233 - rule UART/USART PARITY EVEN is applicable
2026-04-21 11:44:21,676 [INFO] Rule:233 - rule UART/USART PARITY ODD is applicable
2026-04-21 11:44:21,676 [INFO] Rule:233 - rule USART StopBits 1 is applicable
2026-04-21 11:44:21,676 [INFO] Rule:233 - rule USART StopBits 2 is applicable
2026-04-21 11:44:21,676 [INFO] Rule:233 - rule USART StopBits 1.5 is applicable
2026-04-21 11:44:21,676 [INFO] Rule:233 - rule USART StopBits 0.5 is applicable
2026-04-21 11:44:21,676 [INFO] Rule:233 - rule UART/USART WORD LENGTH 7 is applicable
2026-04-21 11:44:21,676 [INFO] Rule:233 - rule UART/USART WORD LENGTH 8 is applicable
2026-04-21 11:44:21,676 [INFO] Rule:233 - rule UART/USART WORD LENGTH 9 is applicable
2026-04-21 11:44:21,676 [INFO] Rule:233 - rule Rename FMC NAND NCE signal is applicable
2026-04-21 11:44:21,676 [INFO] Rule:233 - rule Rename FMC NAND INT signal is applicable
2026-04-21 11:44:21,676 [INFO] Rule:233 - rule Change Default Value for LSE Drive Capability for WB family is applicable
2026-04-21 11:44:21,677 [INFO] Rule:233 - rule Change Default Value for ADC Clock Prescaler G0 family is applicable
2026-04-21 11:44:21,677 [INFO] Rule:233 - rule Change Default Value for ADC ExternalTrigConv L4 family is applicable
2026-04-21 11:44:21,677 [INFO] Rule:233 - rule Change Default Value for ADC ExternalTrigInjecConv L4 family is applicable
2026-04-21 11:44:21,677 [INFO] Rule:233 - rule Change Default Value for ADC ExternalTrigConv F3 family is applicable
2026-04-21 11:44:21,677 [INFO] Rule:233 - rule Change Default Value for ADC ExternalTrigInjecConv F3 family is applicable
2026-04-21 11:44:21,677 [INFO] Rule:233 - rule Change Default Value for ADC ExternalTrigConv Goldfish serie is applicable
2026-04-21 11:44:21,678 [INFO] Rule:233 - rule Change Default Value for ADC ExternalTrigInjecConv Goldfish serie is applicable
2026-04-21 11:44:21,678 [INFO] Rule:233 - rule Change Default Value for ADC ExternalTrigConv L0 family is applicable
2026-04-21 11:44:21,678 [INFO] Rule:233 - rule Change Default Value for ADC ExternalTrigConv F0 family is applicable
2026-04-21 11:44:21,678 [INFO] Rule:233 - rule Change Default Value for ADC ExternalTrigConvn L1 family is applicable
2026-04-21 11:44:21,678 [INFO] Rule:233 - rule Change Default Value for ADC ExternalTrigInjecConv L1 family is applicable
2026-04-21 11:44:21,678 [INFO] Rule:233 - rule Change Default Value for ADC ExternalTrigConv F1 family is applicable
2026-04-21 11:44:21,678 [INFO] Rule:233 - rule Change Default Value for ADC ExternalTrigInjecConv F1 family is applicable
2026-04-21 11:44:21,678 [INFO] Rule:233 - rule Change Default Value for ADC ExternalTrigConv F7 family is applicable
2026-04-21 11:44:21,678 [INFO] Rule:233 - rule Change Default Value for ADC ExternalTrigInjecConv F7 family is applicable
2026-04-21 11:44:21,678 [INFO] Rule:233 - rule Change Default Value for ADC ExternalTrigConv F4 and F2 family is applicable
2026-04-21 11:44:21,678 [INFO] Rule:233 - rule Change Default Value for ADC ExternalTrigInjecConv F4 and F2 family is applicable
2026-04-21 11:44:21,678 [INFO] Rule:233 - rule ADC SamplingTime fix with FW L0  is applicable
2026-04-21 11:44:21,678 [INFO] Rule:233 - rule ADC SamplingTime fix with FW L0  is applicable
2026-04-21 11:44:21,678 [INFO] Rule:233 - rule ADC SamplingTime fix with FW L0 is applicable
2026-04-21 11:44:21,678 [INFO] Rule:233 - rule ADC SamplingTime fix with FW L0 is applicable
2026-04-21 11:44:21,678 [INFO] Rule:233 - rule ADC SamplingTime fix with FW L0  is applicable
2026-04-21 11:44:21,678 [INFO] Rule:233 - rule ADC SamplingTime fix with FW L0 is applicable
2026-04-21 11:44:21,678 [INFO] Rule:233 - rule Rename USB_OE Signal is applicable
2026-04-21 11:44:21,679 [INFO] Rule:233 - rule Rename Activate_OE Mode is applicable
2026-04-21 11:44:21,679 [INFO] Rule:233 - rule Rename DIE462/DIE415 pin PC14/OSC32_IN -> PC14-OSC32_IN (PC14) is applicable
2026-04-21 11:44:21,679 [INFO] Rule:233 - rule Rename DIE462/DIE415 pin PC15/OSC32_OUT -> PC15-OSC32_OUT (PC15) is applicable
2026-04-21 11:44:21,679 [INFO] Rule:233 - rule Rename DIE462/DIE415 pin PH0/OSC_IN -> PH0-OSC_IN (PH0) is applicable
2026-04-21 11:44:21,679 [INFO] Rule:233 - rule Rename DIE462/DIE415 pin PH1/OSC_OUT -> PH1-OSC_OUT (PH1) is applicable
2026-04-21 11:44:21,679 [INFO] Rule:233 - rule Rename DIE462 pin PA13 -> PA13 (JTMS/SWDIO) is applicable
2026-04-21 11:44:21,679 [INFO] Rule:233 - rule Rename DIE415 pin PA13 -> PA13 (JTMS/SWDIO) is applicable
2026-04-21 11:44:21,679 [INFO] Rule:233 - rule Rename DIE462 pin PA14 -> PA14 (JTCK/SWCLK) is applicable
2026-04-21 11:44:21,679 [INFO] Rule:233 - rule Rename DIE415 pin PA14 -> PA14 (JTCK/SWCLK) is applicable
2026-04-21 11:44:21,679 [INFO] Rule:233 - rule Rename DIE462/DIE415 pin PA15 -> PA15 (JTDI) is applicable
2026-04-21 11:44:21,679 [INFO] Rule:233 - rule Rename DIE462 pin PB3 -> PB3 (JTD0/TRACESWO) is applicable
2026-04-21 11:44:21,679 [INFO] Rule:233 - rule Rename DIE415 pin PB3 -> PB3 (JTD0-TRACESWO) is applicable
2026-04-21 11:44:21,679 [INFO] Rule:233 - rule Rename DIE462/DIE415 pin PB4 -> PB4 (NJTRST) is applicable
2026-04-21 11:44:21,679 [INFO] Rule:233 - rule Rename DIE462 pin PH3/BOOT0 -> PH3-BOOT0 (BOOT0) is applicable
2026-04-21 11:44:21,679 [INFO] Rule:233 - rule Rename CRYP DataEncryptionTypesList to Algorithm is applicable
2026-04-21 11:44:21,679 [INFO] Rule:233 - rule Rename AES DataEncryptionTypesList to Algorithm is applicable
2026-04-21 11:44:21,679 [INFO] Rule:233 - rule Rename TDESECB to CRYP_TDES_ECB is applicable
2026-04-21 11:44:21,679 [INFO] Rule:233 - rule Rename TDESCBC to CRYP_TDES_CBC is applicable
2026-04-21 11:44:21,679 [INFO] Rule:233 - rule Rename DESECB to CRYP_DES_ECB is applicable
2026-04-21 11:44:21,679 [INFO] Rule:233 - rule Rename DESCBC to CRYP_DES_CBC is applicable
2026-04-21 11:44:21,679 [INFO] Rule:233 - rule Rename AESECB to CRYP_AES_ECB is applicable
2026-04-21 11:44:21,679 [INFO] Rule:233 - rule Rename AESCBC to CRYP_AES_CBC is applicable
2026-04-21 11:44:21,679 [INFO] Rule:233 - rule Rename AESCTR to CRYP_AES_CTR is applicable
2026-04-21 11:44:21,679 [INFO] Rule:233 - rule Rename AESGCM to CRYP_AES_GCM is applicable
2026-04-21 11:44:21,679 [INFO] Rule:233 - rule Rename AESCCM to CRYP_AES_CCM is applicable
2026-04-21 11:44:21,679 [INFO] Rule:233 - rule Rename CAN TimeSeg1 to BS1 is applicable
2026-04-21 11:44:21,679 [INFO] Rule:233 - rule Rename CAN TimeSeg2 to BS2 is applicable
2026-04-21 11:44:21,679 [INFO] Rule:233 - rule Rename CAN SyncJumpWidth to SJW is applicable
2026-04-21 11:44:21,679 [INFO] Rule:233 - rule TimeTriggeredMode to TTCM is applicable
2026-04-21 11:44:21,679 [INFO] Rule:233 - rule Rename CAN AutoBusOff to ABOM is applicable
2026-04-21 11:44:21,679 [INFO] Rule:233 - rule Rename CAN AutoWakeUp to AWUM is applicable
2026-04-21 11:44:21,679 [INFO] Rule:233 - rule Rename CAN AutoRetransmission to NART is applicable
2026-04-21 11:44:21,679 [INFO] Rule:233 - rule Rename CAN ReceiveFifoLocked to RFLM is applicable
2026-04-21 11:44:21,679 [INFO] Rule:233 - rule Rename CAN TransmitFifoPriority to TXFP is applicable
2026-04-21 11:44:21,679 [INFO] Rule:233 - rule Rename HRTIMER HRTIM_OUTPUTFAULTLEVEL_HIGH in HRTIMER HRTIM_OUTPUTFAULTLEVEL_HIGHZ is applicable
2026-04-21 11:44:21,679 [INFO] Rule:233 - rule Rename TIMER TIM_CLEARINPUTSOURCE_OCREFCLR in  TIMER TIM_CLEARINPUTSOURCE_NONE for F7 family is applicable
2026-04-21 11:44:21,679 [INFO] Rule:233 - rule FDCAN_R1 - Rename FDCAN mode Master into Classic is applicable
2026-04-21 11:44:21,679 [INFO] Rule:233 - rule FDCAN_R2 - Rename FDCAN mode Slave into Classic is applicable
2026-04-21 11:44:21,679 [INFO] Rule:233 - rule FDCAN1_R3 - if PA10.Mode=FullDuplex, add Pin PA12 is applicable
2026-04-21 11:44:21,679 [INFO] Rule:233 - rule FDCAN1_R3 - if PA9.Mode=FullDuplex, add Pin PA11 is applicable
2026-04-21 11:44:21,679 [INFO] Rule:233 - rule FDCAN1_R3 - Alternatepin_1 - if PE1.Mode=FullDuplex, add Pin PB9 is applicable
2026-04-21 11:44:21,679 [INFO] Rule:233 - rule FDCAN1_R3 - Alternatepin_1 - if PE0.Mode=FullDuplex, add Pin PB8 is applicable
2026-04-21 11:44:21,679 [INFO] Rule:233 - rule FDCAN1_R3 - Alternatepin_2 - if PD5.Mode=FullDuplex, add Pin PD1 is applicable
2026-04-21 11:44:21,679 [INFO] Rule:233 - rule FDCAN1_R3 - Alternatepin_2 - if PD4.Mode=FullDuplex, add Pin PD0 is applicable
2026-04-21 11:44:21,680 [INFO] Rule:233 - rule FDCAN1_R4 - Rename Mode FullDuplex into Enable FDCAN_TXFD for pin PA10 is applicable
2026-04-21 11:44:21,680 [INFO] Rule:233 - rule FDCAN1_R4 - Rename Mode FullDuplex into Enable FDCAN_TXFD for pin PA9 is applicable
2026-04-21 11:44:21,680 [INFO] Rule:233 - rule FDCAN1_R4 - Alternatepin_1 - Rename Mode FullDuplex into Enable FDCAN_TXFD for pin PE1 is applicable
2026-04-21 11:44:21,680 [INFO] Rule:233 - rule FDCAN1_R4 - Alternatepin_1 - Rename Mode FullDuplex into Enable FDCAN_TXFD for pin PE0 is applicable
2026-04-21 11:44:21,680 [INFO] Rule:233 - rule FDCAN1_R4 - Alternatepin_2 - Rename Mode FullDuplex into Enable FDCAN_TXFD for pin PD5 is applicable
2026-04-21 11:44:21,680 [INFO] Rule:233 - rule FDCAN1_R4 - Alternatepin_2 - Rename Mode FullDuplex into Enable FDCAN_TXFD for pin PD4 is applicable
2026-04-21 11:44:21,680 [INFO] Rule:233 - rule FDCAN2_R3 - if PD10.Mode=FullDuplex, add Pin PB13 is applicable
2026-04-21 11:44:21,680 [INFO] Rule:233 - rule FDCAN2_R3 - if PD9.Mode=FullDuplex, add Pin PB12 is applicable
2026-04-21 11:44:21,680 [INFO] Rule:233 - rule FDCAN2_R3 - Alternatepin_1 - if PB7.Mode=FullDuplex, add Pin PB6 is applicable
2026-04-21 11:44:21,680 [INFO] Rule:233 - rule FDCAN2_R3 - Alternatepin_1 - if PD9.Mode=FullDuplex, add Pin PB12 is applicable
2026-04-21 11:44:21,680 [INFO] Rule:233 - rule FDCAN2_R4 - Rename Mode FullDuplex into Enable FDCAN_TXFD for pin PD10 is applicable
2026-04-21 11:44:21,680 [INFO] Rule:233 - rule FDCAN2_R4 - Rename Mode FullDuplex into Enable FDCAN_TXFD for pin PD9 is applicable
2026-04-21 11:44:21,680 [INFO] Rule:233 - rule FDCAN2_R4 - Alternatepin_1 - Rename Mode FullDuplex into Enable FDCAN_TXFD for pin PB7 is applicable
2026-04-21 11:44:21,680 [INFO] Rule:233 - rule FDCAN2_R4 - Alternatepin_1 - Rename Mode FullDuplex into Enable FDCAN_TXFD for pin PD6 is applicable
2026-04-21 11:44:21,680 [INFO] Rule:233 - rule USART TxPinLevelInvertParam Mode is applicable
2026-04-21 11:44:21,680 [INFO] Rule:233 - rule USART RxPinLevelInvertParam Mode is applicable
2026-04-21 11:44:21,680 [INFO] Rule:233 - rule USART DataInvertParam Mode is applicable
2026-04-21 11:44:21,680 [INFO] Rule:233 - rule USART SwapParam Mode is applicable
2026-04-21 11:44:21,680 [INFO] Rule:233 - rule USART OverrunDisableParam Mode is applicable
2026-04-21 11:44:21,680 [INFO] Rule:233 - rule USART DMADisableonRxErrorParam Mode is applicable
2026-04-21 11:44:21,680 [INFO] Rule:233 - rule USART MSBFirstParam Mode is applicable
2026-04-21 11:44:21,680 [INFO] Rule:233 - rule Update MwName for USB_DEVICE is applicable
2026-04-21 11:44:21,680 [INFO] Rule:233 - rule Change PWR_Regulator_Voltage_Scale Default Value for RCC  H7 family is applicable
2026-04-21 11:44:21,680 [INFO] Rule:233 - rule UART/USART IPParameter rename Prescaler parameter to ClockPrescaler is applicable
2026-04-21 11:44:21,680 [INFO] Rule:233 - rule UART/USART Prescaler rename Prescaler parameter to ClockPrescaler is applicable
2026-04-21 11:44:21,680 [INFO] Rule:233 - rule TIM1CLockSelection is applicable
2026-04-21 11:44:21,680 [INFO] Rule:233 - rule TIM15CLockSelection is applicable
2026-04-21 11:44:21,680 [INFO] Rule:233 - rule align RCC SDMMC3CLockSelection default value on MP1 is applicable
2026-04-21 11:44:21,681 [INFO] Rule:233 - rule align RCC SDMMC12CLockSelection default value on MP1 is applicable
2026-04-21 11:44:21,681 [INFO] Rule:233 - rule align RCC QSPICLockSelection default value on MP1 is applicable
2026-04-21 11:44:21,681 [INFO] Rule:233 - rule align RCC QSPICLockSelection default value on MP1 is applicable
2026-04-21 11:44:21,681 [INFO] Rule:233 - rule align RCC SPI6CLockSelection default value on MP1 is applicable
2026-04-21 11:44:21,681 [INFO] Rule:233 - rule align RCC LPTIM23CLockSelection default value on MP1 is applicable
2026-04-21 11:44:21,681 [INFO] Rule:233 - rule align RCC LPTIM1CLockSelection default value on MP1 is applicable
2026-04-21 11:44:21,681 [INFO] Rule:233 - rule align RCC USART1CLockSelection default value on MP1 is applicable
2026-04-21 11:44:21,681 [INFO] Rule:233 - rule align RCC USART24CLockSelection default value on MP1 is applicable
2026-04-21 11:44:21,681 [INFO] Rule:233 - rule align RCC USART6CLockSelection default value on MP1 is applicable
2026-04-21 11:44:21,681 [INFO] Rule:233 - rule align RCC UART78CLockSelection default value on MP1 is applicable
2026-04-21 11:44:21,681 [INFO] Rule:233 - rule align RCC USART35CLockSelection default value on MP1 is applicable
2026-04-21 11:44:21,681 [INFO] Rule:233 - rule align RCC SPI45CLockSelection default value on MP1 is applicable
2026-04-21 11:44:21,681 [INFO] Rule:233 - rule align RCC I2C46CLockSelection BCLK value on MP1 is applicable
2026-04-21 11:44:21,681 [INFO] Rule:233 - rule align RCC SPI45CLockSelection default value on MP1 is applicable
2026-04-21 11:44:21,681 [INFO] Rule:233 - rule align RCC I2C12CLockSelection default value on MP1 is applicable
2026-04-21 11:44:21,681 [INFO] Rule:233 - rule align RCC I2C35CLockSelection default value on MP1 is applicable
2026-04-21 11:44:21,681 [INFO] Rule:233 - rule align RCC LPTIM45CLockSelection default value on MP1 is applicable
2026-04-21 11:44:21,681 [INFO] Rule:233 - rule Rename DCMI PIXCK signal is applicable
2026-04-21 11:44:21,681 [INFO] Rule:233 - rule Change Default Value for I2C46CLockSelection MP1 family is applicable
2026-04-21 11:44:21,681 [INFO] Rule:233 - rule Change Default Value for UART for G4, G0 and WB families is applicable
2026-04-21 11:44:21,681 [INFO] Rule:233 - rule Change Default Value for USART for G4, G0 and WB families is applicable
2026-04-21 11:44:21,681 [INFO] Rule:233 - rule Change Default Value for USART for G4 family is applicable
2026-04-21 11:44:21,681 [INFO] Rule:233 - rule Change USART1CLockSelection refparam name for MP1 is applicable
2026-04-21 11:44:21,681 [INFO] Rule:233 - rule Change USART2CLockSelection refparam name for MP1 is applicable
2026-04-21 11:44:21,681 [INFO] Rule:233 - rule Change USART3CLockSelection refparam name for MP1 is applicable
2026-04-21 11:44:21,681 [INFO] Rule:233 - rule Change UART4CLockSelection refparam name for MP1 is applicable
2026-04-21 11:44:21,681 [INFO] Rule:233 - rule Change UART5CLockSelection refparam name for MP1 is applicable
2026-04-21 11:44:21,681 [INFO] Rule:233 - rule Change LPUART1CLockSelection refparam name for MP1 is applicable
2026-04-21 11:44:21,681 [INFO] Rule:233 - rule Change LPTIM1CLockSelection refparam name for MP1 is applicable
2026-04-21 11:44:21,682 [INFO] Rule:233 - rule Change LPTIM2CLockSelection refparam name for MP1 is applicable
2026-04-21 11:44:21,682 [INFO] Rule:233 - rule Change RCC_MCO1Source refparam name for MP1 is applicable
2026-04-21 11:44:21,683 [INFO] Rule:233 - rule Change LSCOSource1 refparam name for MP1 is applicable
2026-04-21 11:44:21,683 [INFO] Rule:233 - rule Change SMPSCLockSelection refparam name for MP1 is applicable
2026-04-21 11:44:21,684 [INFO] Rule:233 - rule Change LPTIM3CLockSelection refparam name for MP1 is applicable
2026-04-21 11:44:21,684 [INFO] Rule:233 - rule Change MPCBB* Default Template Mode to Parameters is applicable
2026-04-21 11:44:21,685 [INFO] Rule:233 - rule Change MPCWM* or MPCBB* Secure Mode to Parameters is applicable
2026-04-21 11:44:21,685 [INFO] Rule:233 - rule Change MPCWM* or MPCBB* No Secure Mode to Parameters is applicable
2026-04-21 11:44:21,685 [INFO] Rule:233 - rule Change TZSC IP Secure Mode to Parameters is applicable
2026-04-21 11:44:21,685 [INFO] Rule:233 - rule Change TZSC IP No Secure Mode to Parameters is applicable
2026-04-21 11:44:21,685 [INFO] Rule:233 - rule Change TZSC IP Privilege Mode to Parameters is applicable
2026-04-21 11:44:21,685 [INFO] Rule:233 - rule Change TZSC IP No Privilege Mode to Parameters is applicable
2026-04-21 11:44:21,685 [INFO] Rule:233 - rule Change TZIC IT Secure Mode to Parameters is applicable
2026-04-21 11:44:21,685 [INFO] Rule:233 - rule Change TZIC IT No Secure Mode to Parameters is applicable
2026-04-21 11:44:21,685 [INFO] Rule:233 - rule Add MPCBB1_NonSecureArea_Start_Address value with referenced to MPCBB1_NonSecureArea_Start value is applicable
2026-04-21 11:44:21,685 [INFO] Rule:233 - rule Add MPCBB2_NonSecureArea_Start_Address value with referenced to MPCBB2_NonSecureArea_Start value is applicable
2026-04-21 11:44:21,686 [INFO] Rule:233 - rule Add MPCWM1_NonSecureArea*_Start_Address value with referenced to MPCWM1_NonSecureArea*_Start value is applicable
2026-04-21 11:44:21,686 [INFO] Rule:233 - rule Add MPCWM2_NonSecureArea*_Start_Address value with referenced to MPCWM2_NonSecureArea*_Start value is applicable
2026-04-21 11:44:21,686 [INFO] Rule:233 - rule Add MPCWM3_NonSecureArea_Start_Address value with referenced to MPCWM3_NonSecureArea_Start value is applicable
2026-04-21 11:44:21,686 [INFO] Rule:233 - rule Change Default Value for PLL1UserDefinedConfig is applicable
2026-04-21 11:44:21,686 [INFO] Rule:233 - rule Change GPIO_PuPd Default Value for USART in async mode is applicable
2026-04-21 11:44:21,686 [INFO] Rule:233 - rule Change SMPSDivider Default Value is applicable
2026-04-21 11:44:21,686 [INFO] Rule:233 - rule OPAMP is applicable
2026-04-21 11:44:21,686 [INFO] Rule:233 - rule LPUART IPParameter rename Prescaler parameter to ClockPrescaler for STM32H7 is applicable
2026-04-21 11:44:21,686 [INFO] Rule:233 - rule LPUART IPParameter rename Prescaler parameter to ClockPrescaler for STM32H7 is applicable
2026-04-21 11:44:21,686 [INFO] Rule:233 - rule LPUART IPParameter rename Prescaler parameter to ClockPrescaler for STM32WB is applicable
2026-04-21 11:44:21,686 [INFO] Rule:233 - rule LPUART IPParameter rename Prescaler parameter to ClockPrescaler for STM32WB is applicable
2026-04-21 11:44:21,686 [INFO] Rule:233 - rule LPUART IPParameter rename Prescaler parameter to ClockPrescaler for STM32G4 is applicable
2026-04-21 11:44:21,686 [INFO] Rule:233 - rule LPUART IPParameter rename Prescaler parameter to ClockPrescaler for STM32G4 is applicable
2026-04-21 11:44:21,686 [INFO] Rule:233 - rule LPUART IPParameter rename Prescaler parameter to ClockPrescaler for STM32L5 is applicable
2026-04-21 11:44:21,686 [INFO] Rule:233 - rule LPUART IPParameter rename Prescaler parameter to ClockPrescaler for STM32L5 is applicable
2026-04-21 11:44:21,686 [INFO] Rule:233 - rule LPUART IPParameter rename Prescaler parameter to ClockPrescaler for STM32G4 is applicable
2026-04-21 11:44:21,686 [INFO] Rule:233 - rule LPUART IPParameter rename Prescaler parameter to ClockPrescaler for STM32G4 is applicable
2026-04-21 11:44:21,686 [INFO] Rule:233 - rule USB device lib V2.5.3 for L0 rename USBD_SUPPORT_USER_STRING parameter to USBD_SUPPORT_USER_STRING_DESC4 is applicable
2026-04-21 11:44:21,686 [INFO] Rule:233 - rule I2SCLockSelection clock entry align is applicable
2026-04-21 11:44:21,686 [INFO] Rule:233 - rule Assign TIMx context if used as SYS timebase is applicable
2026-04-21 11:44:21,686 [INFO] Rule:233 - rule Change GPIO_Pu Default Value for I2C is applicable
2026-04-21 11:44:21,686 [INFO] Rule:233 - rule Change GPIO_Pu Default Value for SMBus is applicable
2026-04-21 11:44:21,686 [INFO] Rule:233 - rule change FDCAN default value is applicable
2026-04-21 11:44:21,686 [INFO] Rule:233 - rule Change mode sai is applicable
2026-04-21 11:44:21,686 [INFO] Rule:233 - rule **Change sai mode is applicable
2026-04-21 11:44:21,686 [INFO] Rule:233 - rule Rename STM32WPAN CFG_BLE_IRK to CFG_BLE_IR is applicable
2026-04-21 11:44:21,686 [INFO] Rule:233 - rule Rename STM32WPAN CFG_BLE_ERK to CFG_BLE_ER is applicable
2026-04-21 11:44:21,686 [INFO] Rule:233 - rule Rename STM32WPAN CFG_BLE_IRK_HEX to CFG_BLE_IR_HEX is applicable
2026-04-21 11:44:21,686 [INFO] Rule:233 - rule Rename STM32WPAN CFG_BLE_ERK_HEX to CFG_BLE_ER_HEX is applicable
2026-04-21 11:44:21,686 [INFO] Rule:233 - rule Adapt Old IOC before rework replace old CORTEX_M33/CORTEX_M55 attributes by the new one. is applicable
2026-04-21 11:44:21,686 [INFO] Rule:233 - rule Rename parametre of RCC RCC_APBDBG_DIV2 to RCC_TIMPRES_DIV2 is applicable
2026-04-21 11:44:21,686 [INFO] Rule:233 - rule Rename DIE493 pin PA10 [PA12] -> PA10 is applicable
2026-04-21 11:44:21,686 [INFO] Rule:233 - rule Rename DIE493 pin PA9 [PA11] -> PA9 is applicable
2026-04-21 11:44:21,686 [INFO] Rule:233 - rule Rename DIE492 PartNumber CPN STM32WBA5MJGHx -> STM32WBA5MMGHx is applicable
2026-04-21 11:44:21,686 [INFO] Rule:233 - rule Rename DIE492 PartNumber  Name STM32WBA5MJGHx -> STM32WBA5MMGHx is applicable
2026-04-21 11:44:21,686 [INFO] Rule:233 - rule Rename DIE492 PartNumber UserName STM32WBA5MJGHx -> STM32WBA5MMGHx is applicable
2026-04-21 11:44:21,686 [INFO] Rule:233 - rule Rename DIE492 PartNumber DeviceId STM32WBA5MJGHx -> STM32WBA5MMGHx is applicable
2026-04-21 11:44:21,686 [INFO] Rule:233 - rule Adapt Old IOC CSI. is applicable
2026-04-21 11:44:21,686 [INFO] Rule:233 - rule Adapt Old IOC DCMIPP. is applicable
2026-04-21 11:44:21,686 [INFO] Rule:233 - rule Adapt Old IOC DCMIPP Mode Parallel. is applicable
2026-04-21 11:44:21,686 [INFO] Rule:233 - rule Adapt Old IOC LTDC. is applicable
2026-04-21 11:44:21,686 [INFO] Rule:233 - rule Rename STM32MP2 RIF Peripheral LTDC RIF.RISUP.LTDC_L0L1.Privilege -> RIF.RISUP.LTDC_L1L2.Privilege is applicable
2026-04-21 11:44:21,686 [INFO] Rule:233 - rule Rename STM32MP2 RIF Peripheral LTDC RIF.RISUP.LTDC_L0L1.Privilege -> RIF.RISUP.LTDC_L1L2.Privilege is applicable
2026-04-21 11:44:21,686 [INFO] Rule:233 - rule Rename STM32MP2 RIF Peripheral LTDC RIF.RISUP.LTDC_L0L1.Lock -> RIF.RISUP.LTDC_L1L2.Lock is applicable
2026-04-21 11:44:21,687 [INFO] Rule:233 - rule Rename STM32MP2 RIF Peripheral LTDC RIF.RISUP.LTDC_L2.Lock -> RIF.RISUP.LTDC_L3.Lock is applicable
2026-04-21 11:44:21,687 [INFO] Rule:233 - rule Adapt the old IOC example for updating the SYS when it is misconfigured. is applicable
2026-04-21 11:44:21,687 [INFO] Rule:233 - rule Rename STM32C09 Mcu.Package LQFP64 -> LQFP48 is applicable
2026-04-21 11:44:21,687 [INFO] Rule:233 - rule Adapt the old IOC example for updating the SYS when it is misconfigured. is applicable
2026-04-21 11:44:21,687 [INFO] Rule:233 - rule Adapt the old IOC example for updating the SYS when it is misconfigured. is applicable
2026-04-21 11:44:21,729 [INFO] DbConfProperties:307 - Apply Compatibility (82/313 Rules)
2026-04-21 11:44:21,758 [INFO] ImportTextPane:234 - (OptionalMessage_ERROR) Unable to find key (Mcu.ThirdPartyNb) in loaded IOC file
2026-04-21 11:44:21,769 [INFO] ImportTextPane:234 - (OptionalMessage_ERROR) Pin11 (VP_RIF_VS_RIF1) cannot be retrieved for this MCU
2026-04-21 11:44:21,888 [INFO] RtosManager:558 - Registered RTOS mode: class=CMSIS, group=RTOS, mode=CMSIS_V1, owner=FREERTOS
2026-04-21 11:44:21,888 [INFO] RtosManager:558 - Registered RTOS mode: class=CMSIS, group=RTOS2, mode=CMSIS_V2, owner=FREERTOS
2026-04-21 11:44:21,888 [INFO] RtosManager:558 - Registered RTOS mode: class=RTOS, group=Core, mode=CMSIS_V1, owner=FREERTOS
2026-04-21 11:44:21,888 [INFO] RtosManager:558 - Registered RTOS mode: class=RTOS, group=Core, mode=CMSIS_V2, owner=FREERTOS
2026-04-21 11:44:21,888 [WARN] ModelIntegratedComponent:184 - Missing modes for component STMicroelectronics:FreeRTOS:0.0.1:STMicroelectronics:RTOS:FreeRTOS:Core:::10.2.0:
2026-04-21 11:44:21,890 [WARN] ModelIntegratedComponent:63 - No mode defined for component null
2026-04-21 11:44:21,890 [WARN] ModelIntegratedComponent:63 - No mode defined for component null
2026-04-21 11:44:21,890 [WARN] ModelIntegratedComponent:63 - No mode defined for component null
2026-04-21 11:44:21,890 [WARN] ModelIntegratedComponent:63 - No mode defined for component null
2026-04-21 11:44:21,890 [WARN] ModelIntegratedComponent:63 - No mode defined for component null
2026-04-21 11:44:21,890 [WARN] ModelIntegratedComponent:63 - No mode defined for component null
2026-04-21 11:44:21,891 [WARN] ModelIntegratedComponent:63 - No mode defined for component null
2026-04-21 11:44:21,891 [WARN] ModelIntegratedComponent:63 - No mode defined for component null
2026-04-21 11:44:21,891 [WARN] ModelIntegratedComponent:63 - No mode defined for component null
2026-04-21 11:44:21,891 [WARN] ModelIntegratedComponent:63 - No mode defined for component null
2026-04-21 11:44:21,891 [WARN] ModelIntegratedComponent:63 - No mode defined for component null
2026-04-21 11:44:21,891 [WARN] ModelIntegratedComponent:63 - No mode defined for component null
2026-04-21 11:44:21,891 [WARN] ModelIntegratedComponent:63 - No mode defined for component null
2026-04-21 11:44:21,891 [WARN] ModelIntegratedComponent:63 - No mode defined for component null
2026-04-21 11:44:21,891 [WARN] ModelIntegratedComponent:63 - No mode defined for component null
2026-04-21 11:44:21,891 [WARN] ModelIntegratedComponent:63 - No mode defined for component null
2026-04-21 11:44:21,891 [WARN] ModelIntegratedComponent:63 - No mode defined for component null
2026-04-21 11:44:21,891 [WARN] ModelIntegratedComponent:63 - No mode defined for component null
2026-04-21 11:44:21,891 [WARN] ModelIntegratedComponent:63 - No mode defined for component null
2026-04-21 11:44:21,891 [WARN] ModelIntegratedComponent:63 - No mode defined for component null
2026-04-21 11:44:21,892 [WARN] ModelIntegratedComponent:63 - No mode defined for component null
2026-04-21 11:44:21,892 [WARN] ModelIntegratedComponent:63 - No mode defined for component null
2026-04-21 11:44:21,892 [WARN] ModelIntegratedComponent:63 - No mode defined for component null
2026-04-21 11:44:21,892 [WARN] ModelIntegratedComponent:63 - No mode defined for component null
2026-04-21 11:44:21,892 [WARN] ModelIntegratedComponent:63 - No mode defined for component null
2026-04-21 11:44:21,892 [WARN] ModelIntegratedComponent:63 - No mode defined for component null
2026-04-21 11:44:21,892 [WARN] ModelIntegratedComponent:63 - No mode defined for component null
2026-04-21 11:44:21,892 [WARN] ModelIntegratedComponent:63 - No mode defined for component null
2026-04-21 11:44:21,892 [WARN] ModelIntegratedComponent:63 - No mode defined for component null
2026-04-21 11:44:21,892 [WARN] ModelIntegratedComponent:63 - No mode defined for component null
2026-04-21 11:44:21,892 [WARN] ModelIntegratedComponent:63 - No mode defined for component null
2026-04-21 11:44:21,892 [WARN] ModelIntegratedComponent:63 - No mode defined for component null
2026-04-21 11:44:21,892 [WARN] ModelIntegratedComponent:63 - No mode defined for component null
2026-04-21 11:44:21,892 [WARN] ModelIntegratedComponent:63 - No mode defined for component null
2026-04-21 11:44:21,892 [WARN] ModelIntegratedComponent:63 - No mode defined for component null
2026-04-21 11:44:21,893 [WARN] ModelPack:524 - Component already loaded: STMicroelectronics:HAL Drivers:0.0.0:STMicroelectronics:Device:STMicro_Driver:XSPI:HAL::0.0.1:HAL_XSPI
2026-04-21 11:44:21,905 [INFO] ThirdPartyModel:298 - Start build external matchings
2026-04-21 11:44:21,910 [INFO] ThirdPartyModel:316 - End build external matchings
2026-04-21 11:44:22,372 [INFO] UtilMem:75 - End LoadConfig() Used Memory: 480416376 Bytes (816840704)
2026-04-21 11:44:22,613 [WARN] ThirdParty:833 - waiting for thirdparty lock release [change project]
2026-04-21 11:44:22,621 [INFO] ThirdParty:835 - entering critical section [change project]
2026-04-21 11:44:22,622 [INFO] ThirdParty:1030 - CMSIS Pack Vendor :STMicroelectronics USBPD 4.1
2026-04-21 11:44:22,623 [INFO] ThirdParty:1030 - CMSIS Pack Vendor :STMicroelectronics ThreadX 1.0.0
2026-04-21 11:44:22,623 [INFO] ThirdParty:1030 - CMSIS Pack Vendor :STMicroelectronics USB_HOST 2.0.0
2026-04-21 11:44:22,623 [INFO] ThirdParty:1030 - CMSIS Pack Vendor :STMicroelectronics LIBJPEG 8.0.0
2026-04-21 11:44:22,623 [INFO] ThirdParty:1030 - CMSIS Pack Vendor :STMicroelectronics FreeRTOS 0.0.1
2026-04-21 11:44:22,623 [INFO] ThirdParty:1030 - CMSIS Pack Vendor :STMicroelectronics USB_DEVICE 1.0.0
2026-04-21 11:44:22,623 [INFO] ThirdParty:1030 - CMSIS Pack Vendor :STMicroelectronics STM32_WPAN 1.0.0
2026-04-21 11:44:22,623 [INFO] ThirdParty:1030 - CMSIS Pack Vendor :STMicroelectronics USB_DEVICE 3.0.0
2026-04-21 11:44:22,623 [INFO] ThirdParty:1030 - CMSIS Pack Vendor :STMicroelectronics HAL Drivers 0.0.0
2026-04-21 11:44:22,623 [INFO] ThirdParty:1030 - CMSIS Pack Vendor :STMicroelectronics MBEDTLS 2.16.2
2026-04-21 11:44:22,623 [INFO] ThirdParty:1030 - CMSIS Pack Vendor :STMicroelectronics ThreadX 0.0.2
2026-04-21 11:44:22,623 [INFO] ThirdParty:1030 - CMSIS Pack Vendor :STMicroelectronics lwIP 2.0.3
2026-04-21 11:44:22,623 [INFO] ThirdParty:1030 - CMSIS Pack Vendor :STMicroelectronics lwIP 2.1.2
2026-04-21 11:44:22,623 [INFO] ThirdParty:1030 - CMSIS Pack Vendor :STMicroelectronics MBEDTLS 2.14.1
2026-04-21 11:44:22,623 [INFO] ThirdParty:1030 - CMSIS Pack Vendor :STMicroelectronics USB_HOST 1.0.0
2026-04-21 11:44:22,623 [INFO] ThirdParty:1030 - CMSIS Pack Vendor :STMicroelectronics PDM2PCM 3.1.0
2026-04-21 11:44:22,623 [INFO] ThirdParty:1030 - CMSIS Pack Vendor :STMicroelectronics USB_DEVICE 2.0.0
2026-04-21 11:44:22,623 [INFO] ThirdParty:1030 - CMSIS Pack Vendor :STMicroelectronics PDM2PCM 3.2.0
2026-04-21 11:44:22,623 [INFO] ThirdParty:1030 - CMSIS Pack Vendor :STMicroelectronics PDM2PCM 3.3.0
2026-04-21 11:44:22,628 [INFO] ThirdParty:841 - exiting critical section [change project]
2026-04-21 11:44:23,283 [INFO] PinOutPanel:1589 - setPackage(No Configuration,No Configuration)
2026-04-21 11:44:23,292 [INFO] PinOutPanel:1589 - setPackage(STM32F446RETx,LQFP64)
2026-04-21 11:44:23,901 [INFO] UtilMem:75 - Before build in PCC Used Memory: 530066840 Bytes (816840704)
2026-04-21 11:44:24,695 [INFO] UtilMem:75 - After build in PCC Used Memory: 498997072 Bytes (816840704)
2026-04-21 11:44:24,741 [INFO] IPUIPlugin:80 - create IPUIPlugin
2026-04-21 11:44:24,741 [INFO] IPUIPlugin:80 - create IPUIPlugin
2026-04-21 11:44:24,741 [INFO] IPUIPlugin:80 - create IPUIPlugin
2026-04-21 11:44:24,742 [INFO] IPUIPlugin:80 - create IPUIPlugin
2026-04-21 11:44:24,742 [INFO] IPUIPlugin:80 - create IPUIPlugin
2026-04-21 11:44:24,743 [INFO] IPUIPlugin:80 - create IPUIPlugin
2026-04-21 11:44:24,743 [INFO] IPUIPlugin:80 - create IPUIPlugin
2026-04-21 11:44:24,743 [INFO] IPUIPlugin:80 - create IPUIPlugin
2026-04-21 11:44:24,743 [INFO] IPUIPlugin:80 - create IPUIPlugin
2026-04-21 11:44:24,743 [INFO] IPUIPlugin:80 - create IPUIPlugin
2026-04-21 11:44:24,744 [INFO] IPUIPlugin:80 - create IPUIPlugin
2026-04-21 11:44:24,744 [INFO] IPUIPlugin:80 - create IPUIPlugin
2026-04-21 11:44:24,744 [INFO] IPUIPlugin:80 - create IPUIPlugin
2026-04-21 11:44:24,744 [INFO] IPUIPlugin:80 - create IPUIPlugin
2026-04-21 11:44:24,744 [INFO] IPUIPlugin:80 - create IPUIPlugin
2026-04-21 11:44:24,744 [INFO] IPUIPlugin:80 - create IPUIPlugin
2026-04-21 11:44:24,744 [INFO] IPUIPlugin:80 - create IPUIPlugin
2026-04-21 11:44:24,745 [INFO] IPUIPlugin:80 - create IPUIPlugin
2026-04-21 11:44:24,746 [INFO] IPUIPlugin:80 - create IPUIPlugin
2026-04-21 11:44:24,746 [INFO] IPUIPlugin:80 - create IPUIPlugin
2026-04-21 11:44:24,746 [INFO] IPUIPlugin:80 - create IPUIPlugin
2026-04-21 11:44:24,746 [INFO] IPUIPlugin:80 - create IPUIPlugin
2026-04-21 11:44:24,746 [INFO] IPUIPlugin:80 - create IPUIPlugin
2026-04-21 11:44:24,746 [INFO] IPUIPlugin:80 - create IPUIPlugin
2026-04-21 11:44:24,746 [INFO] IPUIPlugin:80 - create IPUIPlugin
2026-04-21 11:44:24,746 [INFO] IPUIPlugin:80 - create IPUIPlugin
2026-04-21 11:44:24,746 [INFO] IPUIPlugin:80 - create IPUIPlugin
2026-04-21 11:44:24,747 [INFO] IPUIPlugin:80 - create IPUIPlugin
2026-04-21 11:44:24,747 [INFO] IPUIPlugin:80 - create IPUIPlugin
2026-04-21 11:44:24,747 [INFO] IPUIPlugin:80 - create IPUIPlugin
2026-04-21 11:44:24,747 [INFO] IPUIPlugin:80 - create IPUIPlugin
2026-04-21 11:44:24,747 [INFO] IPUIPlugin:80 - create IPUIPlugin
2026-04-21 11:44:24,747 [INFO] IPUIPlugin:80 - create IPUIPlugin
2026-04-21 11:44:24,747 [INFO] IPUIPlugin:80 - create IPUIPlugin
2026-04-21 11:44:24,747 [INFO] IPUIPlugin:80 - create IPUIPlugin
2026-04-21 11:44:24,748 [INFO] IPUIPlugin:80 - create IPUIPlugin
2026-04-21 11:44:24,748 [INFO] IPUIPlugin:80 - create IPUIPlugin
2026-04-21 11:44:24,748 [INFO] IPUIPlugin:80 - create IPUIPlugin
2026-04-21 11:44:24,748 [INFO] IPUIPlugin:80 - create IPUIPlugin
2026-04-21 11:44:24,748 [INFO] IPUIPlugin:80 - create IPUIPlugin
2026-04-21 11:44:24,748 [INFO] IPUIPlugin:80 - create IPUIPlugin
2026-04-21 11:44:24,748 [INFO] IPUIPlugin:80 - create IPUIPlugin
2026-04-21 11:44:24,748 [INFO] IPUIPlugin:80 - create IPUIPlugin
2026-04-21 11:44:24,748 [INFO] IPUIPlugin:80 - create IPUIPlugin
2026-04-21 11:44:24,748 [INFO] IPUIPlugin:80 - create IPUIPlugin
2026-04-21 11:44:24,748 [INFO] IPUIPlugin:80 - create IPUIPlugin
2026-04-21 11:44:24,748 [INFO] IPUIPlugin:80 - create IPUIPlugin
2026-04-21 11:44:24,748 [INFO] IPUIPlugin:80 - create IPUIPlugin
2026-04-21 11:44:24,748 [INFO] IPUIPlugin:80 - create IPUIPlugin
2026-04-21 11:44:24,749 [INFO] IPUIPlugin:80 - create IPUIPlugin
2026-04-21 11:44:24,749 [INFO] IPUIPlugin:80 - create IPUIPlugin
2026-04-21 11:44:24,749 [INFO] IPUIPlugin:80 - create IPUIPlugin
2026-04-21 11:44:24,749 [INFO] IPUIPlugin:80 - create IPUIPlugin
2026-04-21 11:44:24,749 [INFO] IPUIPlugin:80 - create IPUIPlugin
2026-04-21 11:44:24,749 [INFO] IPUIPlugin:80 - create IPUIPlugin
2026-04-21 11:44:24,749 [INFO] IPUIPlugin:80 - create IPUIPlugin
2026-04-21 11:44:24,750 [INFO] IPUIPlugin:80 - create IPUIPlugin
2026-04-21 11:44:24,750 [INFO] IPUIPlugin:80 - create IPUIPlugin
2026-04-21 11:44:24,750 [INFO] IPUIPlugin:80 - create IPUIPlugin
2026-04-21 11:44:24,750 [INFO] IPUIPlugin:80 - create IPUIPlugin
2026-04-21 11:44:24,782 [INFO] ApiDbMcu:532 - Load IP Config File for PDM2PCM
2026-04-21 11:44:24,951 [INFO] CADModel:165 - CPN selected for project levelSTM32F446RET6
2026-04-21 11:44:24,951 [INFO] CADModel:114 - Register for checkConnection events
2026-04-21 11:44:24,992 [INFO] OpenFileManager:386 - Restore cursor
2026-04-21 11:44:26,100 [INFO] UtilMem:75 - End SaveConfig() Used Memory: 695607120 Bytes (816840704)
2026-04-21 11:44:26,209 [INFO] UtilMem:75 - End SaveConfig() Used Memory: 716659696 Bytes (816840704)
2026-04-21 11:44:26,239 [ERROR] ConfigurationRetriever:142 - IOException on connection: PKIX path building failed: sun.security.provider.certpath.SunCertPathBuilderException: unable to find valid certification path to requested target
2026-04-21 11:44:26,286 [ERROR] ConfigurationRetriever:142 - IOException on connection: PKIX path building failed: sun.security.provider.certpath.SunCertPathBuilderException: unable to find valid certification path to requested target
2026-04-21 11:44:26,338 [ERROR] ConfigurationRetriever:142 - IOException on connection: PKIX path building failed: sun.security.provider.certpath.SunCertPathBuilderException: unable to find valid certification path to requested target
2026-04-21 11:44:27,398 [INFO] BlockDiagram:2775 - set Specific Code input for plugin: RCC
2026-04-21 11:44:27,403 [INFO] BlockDiagram:2775 - set Specific Code input for plugin: NVIC
2026-04-21 11:44:27,405 [INFO] BlockDiagram:2775 - set Specific Code input for plugin: GPIO
2026-04-21 11:44:27,406 [INFO] CodeGenerator:892 - code generatio: config db path: /Applications/STM32CubeIDE.app/Contents/Eclipse/plugins/com.st.stm32cube.common.mx_6.15.0.202507011659//db/
2026-04-21 11:44:27,688 [INFO] CodeEngine:265 - oldGeneratedFile, /Users/ggpai/Desktop/DMA/workspace/M2P_USART2_DMA_SCRATCH/MXTmpFiles/license.tmp_save
2026-04-21 11:44:28,176 [INFO] CodeEngine:289 - Generated code: /Users/ggpai/Desktop/DMA/workspace/M2P_USART2_DMA_SCRATCH/MXTmpFiles/license.tmp
2026-04-21 11:44:28,254 [INFO] CodeEngine:265 - oldGeneratedFile, /Users/ggpai/Desktop/DMA/workspace/M2P_USART2_DMA_SCRATCH/MXTmpFiles/gpio.tmp_save
2026-04-21 11:44:28,440 [INFO] CodeEngine:289 - Generated code: /Users/ggpai/Desktop/DMA/workspace/M2P_USART2_DMA_SCRATCH/MXTmpFiles/gpio.tmp
2026-04-21 11:44:28,447 [INFO] CodeEngine:265 - oldGeneratedFile, /Users/ggpai/Desktop/DMA/workspace/M2P_USART2_DMA_SCRATCH/Core/Src/stm32f4xx_it.c_save
2026-04-21 11:44:28,586 [INFO] CodeEngine:289 - Generated code: /Users/ggpai/Desktop/DMA/workspace/M2P_USART2_DMA_SCRATCH/Core/Src/stm32f4xx_it.c
2026-04-21 11:44:28,589 [INFO] CodeEngine:265 - oldGeneratedFile, /Users/ggpai/Desktop/DMA/workspace/M2P_USART2_DMA_SCRATCH/Core/Inc/stm32f4xx_it.h_save
2026-04-21 11:44:28,663 [INFO] CodeEngine:289 - Generated code: /Users/ggpai/Desktop/DMA/workspace/M2P_USART2_DMA_SCRATCH/Core/Inc/stm32f4xx_it.h
2026-04-21 11:44:28,698 [INFO] CodeEngine:265 - oldGeneratedFile, /Users/ggpai/Desktop/DMA/workspace/M2P_USART2_DMA_SCRATCH/Core/Src/stm32f4xx_hal_msp.c_save
2026-04-21 11:44:28,838 [INFO] CodeEngine:289 - Generated code: /Users/ggpai/Desktop/DMA/workspace/M2P_USART2_DMA_SCRATCH/Core/Src/stm32f4xx_hal_msp.c
2026-04-21 11:44:28,843 [INFO] CodeEngine:265 - oldGeneratedFile, /Users/ggpai/Desktop/DMA/workspace/M2P_USART2_DMA_SCRATCH/MXTmpFiles/system.tmp_save
2026-04-21 11:44:28,902 [INFO] CodeEngine:289 - Generated code: /Users/ggpai/Desktop/DMA/workspace/M2P_USART2_DMA_SCRATCH/MXTmpFiles/system.tmp
2026-04-21 11:44:28,911 [INFO] CodeEngine:321 - oldGeneratedFile, /Users/ggpai/Desktop/DMA/workspace/M2P_USART2_DMA_SCRATCH/Core/Inc/stm32f4xx_hal_conf.h_save
2026-04-21 11:44:28,998 [INFO] CodeEngine:345 - Generated code: /Users/ggpai/Desktop/DMA/workspace/M2P_USART2_DMA_SCRATCH/Core/Inc/stm32f4xx_hal_conf.h
2026-04-21 11:44:29,058 [WARN] IPConfigManager:3238 - Warning: the RefConfig PLL2P_FOR_MCO is not available in your config.xml file
2026-04-21 11:44:29,075 [INFO] ApiDbMcu:532 - Load IP Config File for RCC
2026-04-21 11:44:29,083 [INFO] CodeEngine:265 - oldGeneratedFile, /Users/ggpai/Desktop/DMA/workspace/M2P_USART2_DMA_SCRATCH/Core/Inc/main.h_save
2026-04-21 11:44:29,183 [INFO] CodeEngine:289 - Generated code: /Users/ggpai/Desktop/DMA/workspace/M2P_USART2_DMA_SCRATCH/Core/Inc/main.h
2026-04-21 11:44:29,186 [INFO] CodeEngine:265 - oldGeneratedFile, /Users/ggpai/Desktop/DMA/workspace/M2P_USART2_DMA_SCRATCH/Core/Src/main.c_save
2026-04-21 11:44:29,380 [INFO] CodeEngine:289 - Generated code: /Users/ggpai/Desktop/DMA/workspace/M2P_USART2_DMA_SCRATCH/Core/Src/main.c
2026-04-21 11:44:29,654 [INFO] ProjectBuilder:3606 - Time for Copy HAL[1] : 97mS.
2026-04-21 11:44:29,663 [INFO] ProjectBuilder:5216 - Project Generator version: 4.7.0-B52
2026-04-21 11:44:29,774 [INFO] ConfigFileManager:1595 - The Die is : DIE421
2026-04-21 11:44:29,788 [INFO] ApiDbMcu:532 - Load IP Config File for FATFS
2026-04-21 11:44:29,797 [INFO] ApiDbMcu:532 - Load IP Config File for FREERTOS
2026-04-21 11:44:29,808 [INFO] ApiDbMcu:532 - Load IP Config File for LIBJPEG
2026-04-21 11:44:29,833 [INFO] ApiDbMcu:532 - Load IP Config File for MBEDTLS
2026-04-21 11:44:29,849 [INFO] ApiDbMcu:532 - Load IP Config File for USB_DEVICE
2026-04-21 11:44:29,858 [INFO] ApiDbMcu:532 - Load IP Config File for USB_HOST
2026-04-21 11:44:34,428 [INFO] LogOutputStream:77 - [STDOUT_REDIRECT] 
2026-04-21 11:44:38,361 [INFO] ProjectBuilder:5496 - Time for Generating toolchain IDE Files: 8670mS.
2026-04-21 11:44:38,385 [INFO] ProjectBuilder:3463 - Time for Copy CMSIS : 7mS.
2026-04-21 11:44:38,393 [INFO] ProjectBuilder:3463 - Time for Copy CMSIS : 1mS.
2026-04-21 11:44:39,455 [ERROR] ConfigurationRetriever:142 - IOException on connection: PKIX path building failed: sun.security.provider.certpath.SunCertPathBuilderException: unable to find valid certification path to requested target
2026-04-21 11:44:39,525 [ERROR] ConfigurationRetriever:142 - IOException on connection: PKIX path building failed: sun.security.provider.certpath.SunCertPathBuilderException: unable to find valid certification path to requested target
2026-04-21 11:44:39,613 [ERROR] ConfigurationRetriever:142 - IOException on connection: PKIX path building failed: sun.security.provider.certpath.SunCertPathBuilderException: unable to find valid certification path to requested target
2026-04-21 11:44:39,877 [INFO] McuFinderGlobals:76 - Set McuFinderConnectedMode to true
2026-04-21 11:44:39,892 [INFO] ApiDb:448 - Save user favorites file /Users/ggpai/.stm32cubeide/favorites.mcus.txt: 0 item(s)
2026-04-21 11:44:39,892 [INFO] ApiDb:452 - User favorites MCUs=[]
2026-04-21 11:44:39,902 [INFO] ApiDb:448 - Save user favorites file /Users/ggpai/.stm32cubeide/favorites.boards.txt: 1 item(s)
2026-04-21 11:44:39,903 [INFO] ApiDb:452 - User favorites Boards=[STM32F407G-DISC1]
2026-04-21 11:51:58,859 [INFO] McuFinderGlobals:76 - Set McuFinderConnectedMode to false
2026-04-21 11:51:58,868 [INFO] MultiScanPanel:200 - Auto-refresh data requested => check proxy status ongoing
2026-04-21 11:51:58,869 [INFO] MultiScanPanel:204 - Proxy status is invalid
2026-04-21 11:51:58,870 [INFO] FinderPluginLoader:96 - Searching for filters in installed packs
2026-04-21 11:51:59,961 [WARN] DetailPanel:346 - Failed to get advertising image, set to default
2026-04-21 11:52:03,612 [INFO] MultiScanPanel:200 - Auto-refresh data requested => check proxy status ongoing
2026-04-21 11:52:03,624 [INFO] MultiScanPanel:204 - Proxy status is invalid
2026-04-21 11:52:03,752 [WARN] DetailPanel:346 - Failed to get advertising image, set to default
2026-04-21 11:52:50,518 [INFO] McuFinderGlobals:76 - Set McuFinderConnectedMode to true
2026-04-21 11:52:50,524 [ERROR] ConfigurationRetriever:142 - IOException on connection: PKIX path building failed: sun.security.provider.certpath.SunCertPathBuilderException: unable to find valid certification path to requested target
2026-04-21 11:52:50,537 [INFO] ApiDb:448 - Save user favorites file /Users/ggpai/.stm32cubeide/favorites.mcus.txt: 0 item(s)
2026-04-21 11:52:50,539 [INFO] ApiDb:452 - User favorites MCUs=[]
2026-04-21 11:52:50,543 [INFO] ApiDb:448 - Save user favorites file /Users/ggpai/.stm32cubeide/favorites.boards.txt: 1 item(s)
2026-04-21 11:52:50,543 [INFO] ApiDb:452 - User favorites Boards=[STM32F407G-DISC1]
2026-04-21 11:52:51,312 [ERROR] ConfigurationRetriever:142 - IOException on connection: PKIX path building failed: sun.security.provider.certpath.SunCertPathBuilderException: unable to find valid certification path to requested target
2026-04-21 11:52:51,473 [ERROR] ConfigurationRetriever:142 - IOException on connection: PKIX path building failed: sun.security.provider.certpath.SunCertPathBuilderException: unable to find valid certification path to requested target
2026-04-21 11:57:38,422 [INFO] McuFinderGlobals:76 - Set McuFinderConnectedMode to false
2026-04-21 11:57:38,430 [INFO] MultiScanPanel:200 - Auto-refresh data requested => check proxy status ongoing
2026-04-21 11:57:38,431 [INFO] MultiScanPanel:204 - Proxy status is invalid
2026-04-21 11:57:38,432 [INFO] FinderPluginLoader:96 - Searching for filters in installed packs
2026-04-21 11:57:39,424 [WARN] DetailPanel:346 - Failed to get advertising image, set to default
2026-04-21 11:57:43,093 [INFO] MultiScanPanel:200 - Auto-refresh data requested => check proxy status ongoing
2026-04-21 11:57:43,096 [INFO] MultiScanPanel:204 - Proxy status is invalid
2026-04-21 11:57:43,273 [WARN] DetailPanel:346 - Failed to get advertising image, set to default
2026-04-21 11:58:15,786 [ERROR] ConfigurationRetriever:142 - IOException on connection: PKIX path building failed: sun.security.provider.certpath.SunCertPathBuilderException: unable to find valid certification path to requested target
2026-04-21 11:58:15,838 [ERROR] ConfigurationRetriever:142 - IOException on connection: PKIX path building failed: sun.security.provider.certpath.SunCertPathBuilderException: unable to find valid certification path to requested target
2026-04-21 11:58:15,859 [INFO] McuFinderGlobals:76 - Set McuFinderConnectedMode to true
2026-04-21 11:58:15,864 [INFO] ApiDb:448 - Save user favorites file /Users/ggpai/.stm32cubeide/favorites.mcus.txt: 0 item(s)
2026-04-21 11:58:15,865 [INFO] ApiDb:452 - User favorites MCUs=[]
2026-04-21 11:58:15,869 [INFO] ApiDb:448 - Save user favorites file /Users/ggpai/.stm32cubeide/favorites.boards.txt: 1 item(s)
2026-04-21 11:58:15,870 [INFO] ApiDb:452 - User favorites Boards=[STM32F407G-DISC1]
2026-04-21 11:58:16,452 [ERROR] ConfigurationRetriever:142 - IOException on connection: PKIX path building failed: sun.security.provider.certpath.SunCertPathBuilderException: unable to find valid certification path to requested target
2026-04-21 12:18:08,299 [ERROR] ConfigurationRetriever:142 - IOException on connection: PKIX path building failed: sun.security.provider.certpath.SunCertPathBuilderException: unable to find valid certification path to requested target
2026-04-21 12:18:08,344 [ERROR] ConfigurationRetriever:142 - IOException on connection: PKIX path building failed: sun.security.provider.certpath.SunCertPathBuilderException: unable to find valid certification path to requested target
2026-04-21 12:18:08,389 [ERROR] ConfigurationRetriever:142 - IOException on connection: PKIX path building failed: sun.security.provider.certpath.SunCertPathBuilderException: unable to find valid certification path to requested target
2026-04-21 12:20:31,148 [ERROR] ConfigurationRetriever:142 - IOException on connection: PKIX path building failed: sun.security.provider.certpath.SunCertPathBuilderException: unable to find valid certification path to requested target
2026-04-21 12:20:31,219 [ERROR] ConfigurationRetriever:142 - IOException on connection: PKIX path building failed: sun.security.provider.certpath.SunCertPathBuilderException: unable to find valid certification path to requested target
2026-04-21 12:20:31,268 [ERROR] ConfigurationRetriever:142 - IOException on connection: PKIX path building failed: sun.security.provider.certpath.SunCertPathBuilderException: unable to find valid certification path to requested target
2026-04-21 12:20:54,844 [INFO] Activator:176 - 


2026-04-21 12:20:54,845 [INFO] Activator:177 - !SESSION log4j initialized
2026-04-21 12:20:59,788 [INFO] LogOutputStream:77 - [STDOUT_REDIRECT] 
2026-04-21 12:21:00,122 [ERROR] LogOutputStream:75 - [STDERR_REDIRECT] 
2026-04-21 12:21:01,296 [INFO] LogOutputStream:77 - [STDOUT_REDIRECT] 
2026-04-21 12:21:02,589 [ERROR] ConfigurationRetriever:142 - IOException on connection: PKIX path building failed: sun.security.provider.certpath.SunCertPathBuilderException: unable to find valid certification path to requested target
2026-04-21 12:21:02,637 [ERROR] ConfigurationRetriever:142 - IOException on connection: PKIX path building failed: sun.security.provider.certpath.SunCertPathBuilderException: unable to find valid certification path to requested target
2026-04-21 12:21:02,685 [ERROR] ConfigurationRetriever:142 - IOException on connection: PKIX path building failed: sun.security.provider.certpath.SunCertPathBuilderException: unable to find valid certification path to requested target
2026-04-21 12:21:03,467 [INFO] ApplicationProperties:184 - Using Application install path: /Applications/STM32CubeIDE.app/Contents/Eclipse/plugins/com.st.stm32cube.common.mx_6.15.0.202507011659
2026-04-21 12:21:03,484 [INFO] DbMcusXml:78 - Set database path to: /Applications/STM32CubeIDE.app/Contents/Eclipse/plugins/com.st.stm32cube.common.mx_6.15.0.202507011659//db//mcu/
2026-04-21 12:21:03,485 [INFO] ApiDb:274 - Set plugin database path to: /Applications/STM32CubeIDE.app/Contents/Eclipse/plugins/com.st.stm32cube.common.mx_6.15.0.202507011659//db//plugins/boardmanager/
2026-04-21 12:21:03,485 [WARN] ApiDb:259 - Overriding images path with different value:  => /Applications/STM32CubeIDE.app/Contents/Eclipse/plugins/com.st.stm32cube.common.mx_6.15.0.202507011659//db//plugins/mcufinder/images/
2026-04-21 12:21:03,492 [INFO] ApiDb:250 - Set database path to: /Users/ggpai/.stmcufinder/plugins/mcufinder//mcu/
2026-04-21 12:21:03,493 [INFO] DbMcusAds:125 - Set database path to: /Users/ggpai/.stmcufinder/plugins/mcufinder//mcu/
2026-04-21 12:21:03,494 [INFO] CrossReferenceDbSqlite:203 - Set database path to: /Users/ggpai/.stmcufinder/plugins/mcufinder//mcu/cs/
2026-04-21 12:21:03,645 [INFO] RulesReader:64 - Compatibility file has been processed (317 Rules)
2026-04-21 12:21:03,705 [INFO] DbMcusXml:78 - Set database path to: /Applications/STM32CubeIDE.app/Contents/Eclipse/plugins/com.st.stm32cube.common.mx_6.15.0.202507011659//db//mcu/
2026-04-21 12:21:03,705 [INFO] ApiDb:274 - Set plugin database path to: /Applications/STM32CubeIDE.app/Contents/Eclipse/plugins/com.st.stm32cube.common.mx_6.15.0.202507011659//db//plugins/boardmanager/
2026-04-21 12:21:03,705 [INFO] ApiDb:261 - Set plugin images path to: /Applications/STM32CubeIDE.app/Contents/Eclipse/plugins/com.st.stm32cube.common.mx_6.15.0.202507011659//db//plugins/mcufinder/images/
2026-04-21 12:21:03,705 [WARN] DbFile:41 - Overriding database path with different value: /Users/ggpai/.stmcufinder/plugins/mcufinder/ => /Users/ggpai/.stmcufinder/plugins/mcufinder
2026-04-21 12:21:03,705 [INFO] ApiDb:250 - Set database path to: /Users/ggpai/.stmcufinder/plugins/mcufinder//mcu/
2026-04-21 12:21:03,705 [WARN] DbFile:41 - Overriding database path with different value: /Users/ggpai/.stmcufinder/plugins/mcufinder/ => /Users/ggpai/.stmcufinder/plugins/mcufinder
2026-04-21 12:21:03,706 [INFO] DbMcusAds:125 - Set database path to: /Users/ggpai/.stmcufinder/plugins/mcufinder//mcu/
2026-04-21 12:21:03,706 [WARN] DbFile:41 - Overriding database path with different value: /Users/ggpai/.stmcufinder/plugins/mcufinder/ => /Users/ggpai/.stmcufinder/plugins/mcufinder
2026-04-21 12:21:03,706 [WARN] DbFile:41 - Overriding database path with different value: /Users/ggpai/.stmcufinder/plugins/mcufinder/ => /Users/ggpai/.stmcufinder/plugins/mcufinder
2026-04-21 12:21:03,707 [INFO] CrossReferenceDbSqlite:203 - Set database path to: /Users/ggpai/.stmcufinder/plugins/mcufinder//mcu/cs/
2026-04-21 12:21:03,790 [INFO] MainPanel:274 - HeapMemory: 268435456
2026-04-21 12:21:04,195 [INFO] DbMcusXml:78 - Set database path to: /Applications/STM32CubeIDE.app/Contents/Eclipse/plugins/com.st.stm32cube.common.mx_6.15.0.202507011659//db//mcu/
2026-04-21 12:21:04,196 [INFO] ApiDb:274 - Set plugin database path to: /Applications/STM32CubeIDE.app/Contents/Eclipse/plugins/com.st.stm32cube.common.mx_6.15.0.202507011659//db//plugins/boardmanager/
2026-04-21 12:21:04,196 [INFO] ApiDb:261 - Set plugin images path to: /Applications/STM32CubeIDE.app/Contents/Eclipse/plugins/com.st.stm32cube.common.mx_6.15.0.202507011659//db//plugins/mcufinder/images/
2026-04-21 12:21:04,196 [WARN] DbFile:41 - Overriding database path with different value: /Users/ggpai/.stmcufinder/plugins/mcufinder/ => /Users/ggpai/.stmcufinder/plugins/mcufinder
2026-04-21 12:21:04,196 [INFO] ApiDb:250 - Set database path to: /Users/ggpai/.stmcufinder/plugins/mcufinder//mcu/
2026-04-21 12:21:04,196 [WARN] DbFile:41 - Overriding database path with different value: /Users/ggpai/.stmcufinder/plugins/mcufinder/ => /Users/ggpai/.stmcufinder/plugins/mcufinder
2026-04-21 12:21:04,196 [INFO] DbMcusAds:125 - Set database path to: /Users/ggpai/.stmcufinder/plugins/mcufinder//mcu/
2026-04-21 12:21:04,196 [WARN] DbFile:41 - Overriding database path with different value: /Users/ggpai/.stmcufinder/plugins/mcufinder/ => /Users/ggpai/.stmcufinder/plugins/mcufinder
2026-04-21 12:21:04,196 [WARN] DbFile:41 - Overriding database path with different value: /Users/ggpai/.stmcufinder/plugins/mcufinder/ => /Users/ggpai/.stmcufinder/plugins/mcufinder
2026-04-21 12:21:04,196 [INFO] CrossReferenceDbSqlite:203 - Set database path to: /Users/ggpai/.stmcufinder/plugins/mcufinder//mcu/cs/
2026-04-21 12:21:04,215 [INFO] ApplicationProperties:184 - Using Application install path: /Applications/STM32CubeIDE.app/Contents/Eclipse/plugins/com.st.stm32cube.common.mx_6.15.0.202507011659
2026-04-21 12:21:04,217 [INFO] PluginManage:196 - Search for loadable plugins [exclusion list=, ]
2026-04-21 12:21:04,219 [INFO] PluginManage:310 - Check plugin analytics
2026-04-21 12:21:04,390 [INFO] AnalyticsPlugin:253 - Accepted Software Licenses: STM32CubeMX.6.17.0
2026-04-21 12:21:04,390 [INFO] AnalyticsPlugin:255 - Accepted CMSIS Pack Licenses: 
2026-04-21 12:21:04,390 [INFO] AnalyticsPlugin:257 - Accepted Firmware Licenses: 
2026-04-21 12:21:04,401 [INFO] PluginManage:359 - Loaded plugin analytics (category:tool,tabindex:-1)
2026-04-21 12:21:04,402 [INFO] PluginManage:310 - Check plugin cadmodel
2026-04-21 12:21:04,417 [INFO] CADModel:105 - Init CAD model plugin
2026-04-21 12:21:04,418 [INFO] PluginManage:359 - Loaded plugin cadmodel (category:power,tabindex:5)
2026-04-21 12:21:04,418 [INFO] PluginManage:310 - Check plugin clock
2026-04-21 12:21:04,427 [INFO] PluginManage:359 - Loaded plugin clock (category:base,tabindex:2)
2026-04-21 12:21:04,427 [INFO] PluginManage:310 - Check plugin ddr
2026-04-21 12:21:04,429 [INFO] PluginManage:359 - Loaded plugin ddr (category:tool,tabindex:6)
2026-04-21 12:21:04,429 [INFO] PluginManage:310 - Check plugin filemanager
2026-04-21 12:21:04,450 [ERROR] ConfigurationRetriever:142 - IOException on connection: PKIX path building failed: sun.security.provider.certpath.SunCertPathBuilderException: unable to find valid certification path to requested target
2026-04-21 12:21:04,493 [ERROR] ConfigurationRetriever:142 - IOException on connection: PKIX path building failed: sun.security.provider.certpath.SunCertPathBuilderException: unable to find valid certification path to requested target
2026-04-21 12:21:04,540 [ERROR] ConfigurationRetriever:142 - IOException on connection: PKIX path building failed: sun.security.provider.certpath.SunCertPathBuilderException: unable to find valid certification path to requested target
2026-04-21 12:21:04,563 [INFO] PluginManage:359 - Loaded plugin filemanager (category:base,tabindex:10)
2026-04-21 12:21:04,563 [INFO] PluginManage:310 - Check plugin ipmanager
2026-04-21 12:21:04,571 [INFO] PluginManage:359 - Loaded plugin ipmanager (category:base,tabindex:5)
2026-04-21 12:21:04,571 [INFO] PluginManage:310 - Check plugin lpbam
2026-04-21 12:21:04,581 [INFO] PluginManage:359 - Loaded plugin lpbam (category:base,tabindex:0)
2026-04-21 12:21:04,581 [INFO] PluginManage:310 - Check plugin memorymap
2026-04-21 12:21:04,589 [INFO] PluginManage:359 - Loaded plugin memorymap (category:base,tabindex:4)
2026-04-21 12:21:04,589 [INFO] PluginManage:310 - Check plugin pinoutandconfiguration
2026-04-21 12:21:04,595 [INFO] PluginManage:359 - Loaded plugin pinoutandconfiguration (category:base,tabindex:1)
2026-04-21 12:21:04,595 [INFO] PluginManage:310 - Check plugin pinoutconfig
2026-04-21 12:21:04,695 [WARN] SupportedApi:132 - Cannot load RTOS API schema: s4s-elt-must-match.1: The content of 'definitions' must match (annotation?, (simpleType | complexType)?, (unique | key | keyref)*)). A problem was found starting at: attribute.
2026-04-21 12:21:04,813 [INFO] PluginManage:359 - Loaded plugin pinoutconfig (category:base,tabindex:0)
2026-04-21 12:21:04,813 [INFO] PluginManage:310 - Check plugin power
2026-04-21 12:21:04,821 [INFO] PluginManage:359 - Loaded plugin power (category:power,tabindex:4)
2026-04-21 12:21:04,821 [INFO] PluginManage:310 - Check plugin projectmanager
2026-04-21 12:21:04,844 [INFO] PluginManage:359 - Loaded plugin projectmanager (category:projectmanager,tabindex:4)
2026-04-21 12:21:04,845 [INFO] PluginManage:310 - Check plugin rif
2026-04-21 12:21:04,851 [INFO] PluginManage:359 - Loaded plugin rif (category:base,tabindex:3)
2026-04-21 12:21:04,852 [INFO] PluginManage:310 - Check plugin thirdparty
2026-04-21 12:21:05,005 [INFO] PluginManage:359 - Loaded plugin thirdparty (category:base,tabindex:-1)
2026-04-21 12:21:05,006 [INFO] PluginManage:310 - Check plugin tools
2026-04-21 12:21:05,005 [WARN] IntegrityCheckThread:84 - waiting for thirdparty lock release [integrity check]
2026-04-21 12:21:05,009 [INFO] IntegrityCheckThread:86 - entering critical section [integrity check]
2026-04-21 12:21:05,010 [INFO] ThirdPartyUpdaterWithRetryManager:70 - Updater plugin not ready yet. [1/15]
2026-04-21 12:21:05,010 [INFO] PluginManage:359 - Loaded plugin tools (category:base,tabindex:7)
2026-04-21 12:21:05,010 [INFO] PluginManage:310 - Check plugin tutovideos
2026-04-21 12:21:05,163 [INFO] PluginManage:359 - Loaded plugin tutovideos (category:base,tabindex:-1)
2026-04-21 12:21:05,163 [INFO] PluginManage:310 - Check plugin updater
2026-04-21 12:21:05,189 [INFO] PluginManage:359 - Loaded plugin updater (category:base,tabindex:12)
2026-04-21 12:21:05,189 [INFO] PluginManage:310 - Check plugin userauth
2026-04-21 12:21:05,192 [INFO] UserAuth:118 - Init User Auth plugin
2026-04-21 12:21:05,193 [INFO] PluginManage:359 - Loaded plugin userauth (category:base,tabindex:14)
2026-04-21 12:21:05,193 [INFO] PluginManage:283 - PluginManage : Loaded plugins [18]
2026-04-21 12:21:05,396 [INFO] PinOutPanel:1589 - setPackage(No Configuration,No Configuration)
2026-04-21 12:21:05,468 [INFO] CADModel:165 - CPN selected for project level
2026-04-21 12:21:05,469 [INFO] CADModel:114 - Register for checkConnection events
2026-04-21 12:21:05,477 [INFO] IPUIPlugin:80 - create IPUIPlugin
2026-04-21 12:21:05,477 [INFO] PluginManager:220 - loadIPPluginJar : add mdma
2026-04-21 12:21:05,481 [INFO] IPUIPlugin:80 - create IPUIPlugin
2026-04-21 12:21:05,481 [INFO] PluginManager:220 - loadIPPluginJar : add freertos
2026-04-21 12:21:05,485 [INFO] IPUIPlugin:80 - create IPUIPlugin
2026-04-21 12:21:05,485 [INFO] PluginManager:220 - loadIPPluginJar : add gic
2026-04-21 12:21:05,491 [INFO] IPUIPlugin:80 - create IPUIPlugin
2026-04-21 12:21:05,491 [INFO] PluginManager:220 - loadIPPluginJar : add adc
2026-04-21 12:21:05,492 [INFO] IPUIPlugin:80 - create IPUIPlugin
2026-04-21 12:21:05,493 [INFO] PluginManager:220 - loadIPPluginJar : add gtzc
2026-04-21 12:21:05,493 [INFO] IPUIPlugin:80 - create IPUIPlugin
2026-04-21 12:21:05,493 [INFO] PluginManager:220 - loadIPPluginJar : add quadspi
2026-04-21 12:21:05,494 [INFO] IPUIPlugin:80 - create IPUIPlugin
2026-04-21 12:21:05,495 [INFO] PluginManager:220 - loadIPPluginJar : add aes
2026-04-21 12:21:05,496 [INFO] IPUIPlugin:80 - create IPUIPlugin
2026-04-21 12:21:05,496 [INFO] PluginManager:220 - loadIPPluginJar : add pdm2pcm
2026-04-21 12:21:05,497 [INFO] IPUIPlugin:80 - create IPUIPlugin
2026-04-21 12:21:05,497 [INFO] PluginManager:220 - loadIPPluginJar : add hash
2026-04-21 12:21:05,498 [INFO] IPUIPlugin:80 - create IPUIPlugin
2026-04-21 12:21:05,498 [INFO] PluginManager:220 - loadIPPluginJar : add tim
2026-04-21 12:21:05,500 [INFO] IPUIPlugin:80 - create IPUIPlugin
2026-04-21 12:21:05,500 [INFO] PluginManager:220 - loadIPPluginJar : add tsc
2026-04-21 12:21:05,501 [INFO] IPUIPlugin:80 - create IPUIPlugin
2026-04-21 12:21:05,501 [INFO] PluginManager:220 - loadIPPluginJar : add extmemmanager
2026-04-21 12:21:05,502 [INFO] IPUIPlugin:80 - create IPUIPlugin
2026-04-21 12:21:05,502 [INFO] PluginManager:220 - loadIPPluginJar : add ts
2026-04-21 12:21:05,503 [INFO] IPUIPlugin:80 - create IPUIPlugin
2026-04-21 12:21:05,503 [INFO] PluginManager:220 - loadIPPluginJar : add radio
2026-04-21 12:21:05,504 [INFO] IPUIPlugin:80 - create IPUIPlugin
2026-04-21 12:21:05,505 [INFO] PluginManager:220 - loadIPPluginJar : add can
2026-04-21 12:21:05,505 [INFO] IPUIPlugin:80 - create IPUIPlugin
2026-04-21 12:21:05,506 [INFO] PluginManager:220 - loadIPPluginJar : add dma3
2026-04-21 12:21:05,507 [INFO] IPUIPlugin:80 - create IPUIPlugin
2026-04-21 12:21:05,507 [INFO] PluginManager:220 - loadIPPluginJar : add dfsdm
2026-04-21 12:21:05,508 [INFO] IPUIPlugin:80 - create IPUIPlugin
2026-04-21 12:21:05,508 [INFO] PluginManager:220 - loadIPPluginJar : add spi
2026-04-21 12:21:05,510 [INFO] IPUIPlugin:80 - create IPUIPlugin
2026-04-21 12:21:05,510 [INFO] PluginManager:220 - loadIPPluginJar : add gfxmmu
2026-04-21 12:21:05,511 [INFO] IPUIPlugin:80 - create IPUIPlugin
2026-04-21 12:21:05,511 [INFO] PluginManager:220 - loadIPPluginJar : add genericplugin
2026-04-21 12:21:05,512 [INFO] IPUIPlugin:80 - create IPUIPlugin
2026-04-21 12:21:05,512 [INFO] PluginManager:220 - loadIPPluginJar : add cryp
2026-04-21 12:21:05,515 [INFO] IPUIPlugin:80 - create IPUIPlugin
2026-04-21 12:21:05,515 [INFO] PluginManager:220 - loadIPPluginJar : add gpio
2026-04-21 12:21:05,517 [INFO] IPUIPlugin:80 - create IPUIPlugin
2026-04-21 12:21:05,517 [INFO] PluginManager:220 - loadIPPluginJar : add ddr_ctrl_phy
2026-04-21 12:21:05,519 [INFO] IPUIPlugin:80 - create IPUIPlugin
2026-04-21 12:21:05,519 [INFO] PluginManager:220 - loadIPPluginJar : add comp
2026-04-21 12:21:05,520 [INFO] IPUIPlugin:80 - create IPUIPlugin
2026-04-21 12:21:05,520 [INFO] PluginManager:220 - loadIPPluginJar : add tracer_emb
2026-04-21 12:21:05,521 [INFO] IPUIPlugin:80 - create IPUIPlugin
2026-04-21 12:21:05,521 [INFO] PluginManager:220 - loadIPPluginJar : add openamp
2026-04-21 12:21:05,524 [INFO] IPUIPlugin:80 - create IPUIPlugin
2026-04-21 12:21:05,525 [INFO] PluginManager:220 - loadIPPluginJar : add stm32_wpan
2026-04-21 12:21:05,527 [INFO] IPUIPlugin:80 - create IPUIPlugin
2026-04-21 12:21:05,529 [INFO] PluginManager:220 - loadIPPluginJar : add plateformsettings
2026-04-21 12:21:05,530 [INFO] IPUIPlugin:80 - create IPUIPlugin
2026-04-21 12:21:05,530 [INFO] PluginManager:220 - loadIPPluginJar : add ipddr
2026-04-21 12:21:05,532 [INFO] IPUIPlugin:80 - create IPUIPlugin
2026-04-21 12:21:05,532 [INFO] PluginManager:220 - loadIPPluginJar : add usart
2026-04-21 12:21:05,532 [INFO] IPUIPlugin:80 - create IPUIPlugin
2026-04-21 12:21:05,533 [INFO] PluginManager:220 - loadIPPluginJar : add ltdc
2026-04-21 12:21:05,534 [INFO] IPUIPlugin:80 - create IPUIPlugin
2026-04-21 12:21:05,534 [INFO] PluginManager:220 - loadIPPluginJar : add nvic
2026-04-21 12:21:05,535 [INFO] IPUIPlugin:80 - create IPUIPlugin
2026-04-21 12:21:05,535 [INFO] PluginManager:220 - loadIPPluginJar : add fatfs
2026-04-21 12:21:05,538 [INFO] IPUIPlugin:80 - create IPUIPlugin
2026-04-21 12:21:05,538 [INFO] PluginManager:220 - loadIPPluginJar : add linkedlist
2026-04-21 12:21:05,541 [INFO] IPUIPlugin:80 - create IPUIPlugin
2026-04-21 12:21:05,541 [INFO] PluginManager:220 - loadIPPluginJar : add dma
2026-04-21 12:21:05,543 [INFO] IPUIPlugin:80 - create IPUIPlugin
2026-04-21 12:21:05,543 [INFO] PluginManager:220 - loadIPPluginJar : add fmc
2026-04-21 12:21:05,544 [INFO] IPUIPlugin:80 - create IPUIPlugin
2026-04-21 12:21:05,544 [INFO] PluginManager:220 - loadIPPluginJar : add i2s
2026-04-21 12:21:05,545 [INFO] IPUIPlugin:80 - create IPUIPlugin
2026-04-21 12:21:05,545 [INFO] PluginManager:220 - loadIPPluginJar : add ucpd
2026-04-21 12:21:05,547 [INFO] IPUIPlugin:80 - create IPUIPlugin
2026-04-21 12:21:05,547 [INFO] PluginManager:220 - loadIPPluginJar : add lorawan
2026-04-21 12:21:05,548 [INFO] IPUIPlugin:80 - create IPUIPlugin
2026-04-21 12:21:05,548 [INFO] PluginManager:220 - loadIPPluginJar : add opamp
2026-04-21 12:21:05,550 [INFO] IPUIPlugin:80 - create IPUIPlugin
2026-04-21 12:21:05,550 [INFO] PluginManager:220 - loadIPPluginJar : add i3c
2026-04-21 12:21:05,551 [INFO] IPUIPlugin:80 - create IPUIPlugin
2026-04-21 12:21:05,552 [INFO] PluginManager:220 - loadIPPluginJar : add touchsensing
2026-04-21 12:21:05,553 [INFO] IPUIPlugin:80 - create IPUIPlugin
2026-04-21 12:21:05,553 [INFO] PluginManager:220 - loadIPPluginJar : add i2c
2026-04-21 12:21:05,555 [INFO] IPUIPlugin:80 - create IPUIPlugin
2026-04-21 12:21:05,555 [INFO] PluginManager:220 - loadIPPluginJar : add resmgrutility
2026-04-21 12:21:05,556 [INFO] IPUIPlugin:80 - create IPUIPlugin
2026-04-21 12:21:05,557 [INFO] PluginManager:220 - loadIPPluginJar : add sai
2026-04-21 12:21:05,558 [INFO] IPUIPlugin:80 - create IPUIPlugin
2026-04-21 12:21:05,558 [INFO] PluginManager:220 - loadIPPluginJar : add usbx
2026-04-21 12:21:05,671 [FATAL] Updater:351 - Updater called before beeing initialized
2026-04-21 12:21:05,717 [INFO] RulesReader:64 - Compatibility file has been processed (317 Rules)
2026-04-21 12:21:05,728 [INFO] RulesReader:64 - Compatibility file has been processed (317 Rules)
2026-04-21 12:21:05,740 [INFO] CADModel:165 - CPN selected for project level
2026-04-21 12:21:05,740 [INFO] CADModel:114 - Register for checkConnection events
2026-04-21 12:21:05,740 [FATAL] Updater:351 - Updater called before beeing initialized
2026-04-21 12:21:05,740 [ERROR] CADModel:125 - Updater not yet initialized, retry later 
2026-04-21 12:21:05,947 [FATAL] Updater:351 - Updater called before beeing initialized
2026-04-21 12:21:05,949 [INFO] CADModel:165 - CPN selected for project level
2026-04-21 12:21:05,949 [INFO] CADModel:114 - Register for checkConnection events
2026-04-21 12:21:05,949 [FATAL] Updater:351 - Updater called before beeing initialized
2026-04-21 12:21:05,949 [ERROR] CADModel:125 - Updater not yet initialized, retry later 
2026-04-21 12:21:05,953 [FATAL] Updater:351 - Updater called before beeing initialized
2026-04-21 12:21:06,167 [FATAL] Updater:351 - Updater called before beeing initialized
2026-04-21 12:21:06,174 [INFO] DbMcusAds:53 - JSON generation date=Thu Sep 30 12:25:09 IST 2021 (1632984909247)
2026-04-21 12:21:06,174 [FATAL] Updater:351 - Updater called before beeing initialized
2026-04-21 12:21:06,232 [WARN] DetailPanel:346 - Failed to get advertising image, set to default
2026-04-21 12:21:06,314 [FATAL] Updater:351 - Updater called before beeing initialized
2026-04-21 12:21:06,317 [FATAL] Updater:351 - Updater called before beeing initialized
2026-04-21 12:21:06,317 [FATAL] Updater:351 - Updater called before beeing initialized
2026-04-21 12:21:06,318 [WARN] DetailPanel:346 - Failed to get advertising image, set to default
2026-04-21 12:21:06,322 [FATAL] Updater:351 - Updater called before beeing initialized
2026-04-21 12:21:06,371 [ERROR] Updater:1198 - MainUpdater not yet initialized. External WinMGr cannot be set.
2026-04-21 12:21:06,373 [INFO] Updater:1134 - Updater Version found : 6.15.0
2026-04-21 12:21:06,384 [INFO] ApplicationProperties:184 - Using Application install path: /Applications/STM32CubeIDE.app/Contents/Eclipse/plugins/com.st.stm32cube.common.mx_6.15.0.202507011659
2026-04-21 12:21:06,635 [INFO] MainUpdater:2872 - connection check result : 22
2026-04-21 12:21:06,635 [INFO] MainUpdater:289 - Updater Check For Update Now.
2026-04-21 12:21:06,636 [INFO] MicroXplorer:498 - Change Database Version : DB.6.0.150
2026-04-21 12:21:06,645 [INFO] McuFinderGlobals:63 - Set McuFinder mode to 2 (CubeIDE integrated)
2026-04-21 12:21:06,646 [INFO] UserAuth:171 - activating auth plugin
2026-04-21 12:21:06,654 [INFO] UserAuth:487 - Internet connection configuration mode: 2
2026-04-21 12:21:06,682 [INFO] UserAuth:487 - Internet connection configuration mode: 2
2026-04-21 12:21:06,896 [INFO] CheckServerUpdateThread:120 - End of CheckServer Thread
2026-04-21 12:21:08,110 [INFO] ThirdParty:978 - Integrity check success = true
2026-04-21 12:21:08,111 [INFO] IntegrityCheckThread:100 - exiting critical section [integrity check]
2026-04-21 12:21:08,111 [INFO] IntegrityCheckThread:103 - End integrity checks thread
2026-04-21 12:25:49,123 [ERROR] ConfigurationRetriever:142 - IOException on connection: PKIX path building failed: sun.security.provider.certpath.SunCertPathBuilderException: unable to find valid certification path to requested target
2026-04-21 12:25:49,161 [ERROR] ConfigurationRetriever:142 - IOException on connection: PKIX path building failed: sun.security.provider.certpath.SunCertPathBuilderException: unable to find valid certification path to requested target
2026-04-21 12:25:49,198 [ERROR] ConfigurationRetriever:142 - IOException on connection: PKIX path building failed: sun.security.provider.certpath.SunCertPathBuilderException: unable to find valid certification path to requested target
2026-04-21 12:39:36,850 [ERROR] ConfigurationRetriever:142 - IOException on connection: PKIX path building failed: sun.security.provider.certpath.SunCertPathBuilderException: unable to find valid certification path to requested target
2026-04-21 12:39:36,898 [ERROR] ConfigurationRetriever:142 - IOException on connection: PKIX path building failed: sun.security.provider.certpath.SunCertPathBuilderException: unable to find valid certification path to requested target
2026-04-21 12:39:36,938 [ERROR] ConfigurationRetriever:142 - IOException on connection: PKIX path building failed: sun.security.provider.certpath.SunCertPathBuilderException: unable to find valid certification path to requested target
2026-04-21 18:19:19,774 [INFO] Activator:176 - 


2026-04-21 18:19:19,776 [INFO] Activator:177 - !SESSION log4j initialized
2026-04-21 18:19:27,170 [INFO] LogOutputStream:77 - [STDOUT_REDIRECT] 
2026-04-21 18:19:27,537 [ERROR] LogOutputStream:75 - [STDERR_REDIRECT] 
2026-04-21 18:19:28,893 [INFO] LogOutputStream:77 - [STDOUT_REDIRECT] 
2026-04-21 18:19:30,154 [ERROR] ConfigurationRetriever:142 - IOException on connection: PKIX path building failed: sun.security.provider.certpath.SunCertPathBuilderException: unable to find valid certification path to requested target
2026-04-21 18:19:30,203 [ERROR] ConfigurationRetriever:142 - IOException on connection: PKIX path building failed: sun.security.provider.certpath.SunCertPathBuilderException: unable to find valid certification path to requested target
2026-04-21 18:19:30,241 [ERROR] ConfigurationRetriever:142 - IOException on connection: PKIX path building failed: sun.security.provider.certpath.SunCertPathBuilderException: unable to find valid certification path to requested target
2026-04-21 18:19:30,815 [INFO] ApplicationProperties:184 - Using Application install path: /Applications/STM32CubeIDE.app/Contents/Eclipse/plugins/com.st.stm32cube.common.mx_6.15.0.202507011659
2026-04-21 18:19:30,828 [INFO] DbMcusXml:78 - Set database path to: /Applications/STM32CubeIDE.app/Contents/Eclipse/plugins/com.st.stm32cube.common.mx_6.15.0.202507011659//db//mcu/
2026-04-21 18:19:30,828 [INFO] ApiDb:274 - Set plugin database path to: /Applications/STM32CubeIDE.app/Contents/Eclipse/plugins/com.st.stm32cube.common.mx_6.15.0.202507011659//db//plugins/boardmanager/
2026-04-21 18:19:30,829 [WARN] ApiDb:259 - Overriding images path with different value:  => /Applications/STM32CubeIDE.app/Contents/Eclipse/plugins/com.st.stm32cube.common.mx_6.15.0.202507011659//db//plugins/mcufinder/images/
2026-04-21 18:19:30,835 [INFO] ApiDb:250 - Set database path to: /Users/ggpai/.stmcufinder/plugins/mcufinder//mcu/
2026-04-21 18:19:30,836 [INFO] DbMcusAds:125 - Set database path to: /Users/ggpai/.stmcufinder/plugins/mcufinder//mcu/
2026-04-21 18:19:30,837 [INFO] CrossReferenceDbSqlite:203 - Set database path to: /Users/ggpai/.stmcufinder/plugins/mcufinder//mcu/cs/
2026-04-21 18:19:30,964 [INFO] RulesReader:64 - Compatibility file has been processed (317 Rules)
2026-04-21 18:19:31,010 [INFO] DbMcusXml:78 - Set database path to: /Applications/STM32CubeIDE.app/Contents/Eclipse/plugins/com.st.stm32cube.common.mx_6.15.0.202507011659//db//mcu/
2026-04-21 18:19:31,010 [INFO] ApiDb:274 - Set plugin database path to: /Applications/STM32CubeIDE.app/Contents/Eclipse/plugins/com.st.stm32cube.common.mx_6.15.0.202507011659//db//plugins/boardmanager/
2026-04-21 18:19:31,011 [INFO] ApiDb:261 - Set plugin images path to: /Applications/STM32CubeIDE.app/Contents/Eclipse/plugins/com.st.stm32cube.common.mx_6.15.0.202507011659//db//plugins/mcufinder/images/
2026-04-21 18:19:31,011 [WARN] DbFile:41 - Overriding database path with different value: /Users/ggpai/.stmcufinder/plugins/mcufinder/ => /Users/ggpai/.stmcufinder/plugins/mcufinder
2026-04-21 18:19:31,011 [INFO] ApiDb:250 - Set database path to: /Users/ggpai/.stmcufinder/plugins/mcufinder//mcu/
2026-04-21 18:19:31,011 [WARN] DbFile:41 - Overriding database path with different value: /Users/ggpai/.stmcufinder/plugins/mcufinder/ => /Users/ggpai/.stmcufinder/plugins/mcufinder
2026-04-21 18:19:31,011 [INFO] DbMcusAds:125 - Set database path to: /Users/ggpai/.stmcufinder/plugins/mcufinder//mcu/
2026-04-21 18:19:31,011 [WARN] DbFile:41 - Overriding database path with different value: /Users/ggpai/.stmcufinder/plugins/mcufinder/ => /Users/ggpai/.stmcufinder/plugins/mcufinder
2026-04-21 18:19:31,011 [WARN] DbFile:41 - Overriding database path with different value: /Users/ggpai/.stmcufinder/plugins/mcufinder/ => /Users/ggpai/.stmcufinder/plugins/mcufinder
2026-04-21 18:19:31,011 [INFO] CrossReferenceDbSqlite:203 - Set database path to: /Users/ggpai/.stmcufinder/plugins/mcufinder//mcu/cs/
2026-04-21 18:19:31,076 [INFO] MainPanel:274 - HeapMemory: 268435456
2026-04-21 18:19:31,575 [INFO] DbMcusXml:78 - Set database path to: /Applications/STM32CubeIDE.app/Contents/Eclipse/plugins/com.st.stm32cube.common.mx_6.15.0.202507011659//db//mcu/
2026-04-21 18:19:31,576 [INFO] ApiDb:274 - Set plugin database path to: /Applications/STM32CubeIDE.app/Contents/Eclipse/plugins/com.st.stm32cube.common.mx_6.15.0.202507011659//db//plugins/boardmanager/
2026-04-21 18:19:31,576 [INFO] ApiDb:261 - Set plugin images path to: /Applications/STM32CubeIDE.app/Contents/Eclipse/plugins/com.st.stm32cube.common.mx_6.15.0.202507011659//db//plugins/mcufinder/images/
2026-04-21 18:19:31,576 [WARN] DbFile:41 - Overriding database path with different value: /Users/ggpai/.stmcufinder/plugins/mcufinder/ => /Users/ggpai/.stmcufinder/plugins/mcufinder
2026-04-21 18:19:31,576 [INFO] ApiDb:250 - Set database path to: /Users/ggpai/.stmcufinder/plugins/mcufinder//mcu/
2026-04-21 18:19:31,576 [WARN] DbFile:41 - Overriding database path with different value: /Users/ggpai/.stmcufinder/plugins/mcufinder/ => /Users/ggpai/.stmcufinder/plugins/mcufinder
2026-04-21 18:19:31,576 [INFO] DbMcusAds:125 - Set database path to: /Users/ggpai/.stmcufinder/plugins/mcufinder//mcu/
2026-04-21 18:19:31,576 [WARN] DbFile:41 - Overriding database path with different value: /Users/ggpai/.stmcufinder/plugins/mcufinder/ => /Users/ggpai/.stmcufinder/plugins/mcufinder
2026-04-21 18:19:31,576 [WARN] DbFile:41 - Overriding database path with different value: /Users/ggpai/.stmcufinder/plugins/mcufinder/ => /Users/ggpai/.stmcufinder/plugins/mcufinder
2026-04-21 18:19:31,577 [INFO] CrossReferenceDbSqlite:203 - Set database path to: /Users/ggpai/.stmcufinder/plugins/mcufinder//mcu/cs/
2026-04-21 18:19:31,595 [INFO] ApplicationProperties:184 - Using Application install path: /Applications/STM32CubeIDE.app/Contents/Eclipse/plugins/com.st.stm32cube.common.mx_6.15.0.202507011659
2026-04-21 18:19:31,596 [INFO] PluginManage:196 - Search for loadable plugins [exclusion list=, ]
2026-04-21 18:19:31,598 [INFO] PluginManage:310 - Check plugin analytics
2026-04-21 18:19:31,770 [INFO] AnalyticsPlugin:253 - Accepted Software Licenses: STM32CubeMX.6.17.0
2026-04-21 18:19:31,770 [INFO] AnalyticsPlugin:255 - Accepted CMSIS Pack Licenses: 
2026-04-21 18:19:31,770 [INFO] AnalyticsPlugin:257 - Accepted Firmware Licenses: 
2026-04-21 18:19:31,777 [INFO] PluginManage:359 - Loaded plugin analytics (category:tool,tabindex:-1)
2026-04-21 18:19:31,778 [INFO] PluginManage:310 - Check plugin cadmodel
2026-04-21 18:19:31,818 [INFO] CADModel:105 - Init CAD model plugin
2026-04-21 18:19:31,818 [INFO] PluginManage:359 - Loaded plugin cadmodel (category:power,tabindex:5)
2026-04-21 18:19:31,819 [INFO] PluginManage:310 - Check plugin clock
2026-04-21 18:19:31,823 [ERROR] ConfigurationRetriever:142 - IOException on connection: PKIX path building failed: sun.security.provider.certpath.SunCertPathBuilderException: unable to find valid certification path to requested target
2026-04-21 18:19:31,828 [INFO] PluginManage:359 - Loaded plugin clock (category:base,tabindex:2)
2026-04-21 18:19:31,829 [INFO] PluginManage:310 - Check plugin ddr
2026-04-21 18:19:31,831 [INFO] PluginManage:359 - Loaded plugin ddr (category:tool,tabindex:6)
2026-04-21 18:19:31,831 [INFO] PluginManage:310 - Check plugin filemanager
2026-04-21 18:19:31,861 [ERROR] ConfigurationRetriever:142 - IOException on connection: PKIX path building failed: sun.security.provider.certpath.SunCertPathBuilderException: unable to find valid certification path to requested target
2026-04-21 18:19:31,900 [ERROR] ConfigurationRetriever:142 - IOException on connection: PKIX path building failed: sun.security.provider.certpath.SunCertPathBuilderException: unable to find valid certification path to requested target
2026-04-21 18:19:31,969 [INFO] PluginManage:359 - Loaded plugin filemanager (category:base,tabindex:10)
2026-04-21 18:19:31,969 [INFO] PluginManage:310 - Check plugin ipmanager
2026-04-21 18:19:31,976 [INFO] PluginManage:359 - Loaded plugin ipmanager (category:base,tabindex:5)
2026-04-21 18:19:31,976 [INFO] PluginManage:310 - Check plugin lpbam
2026-04-21 18:19:31,983 [INFO] PluginManage:359 - Loaded plugin lpbam (category:base,tabindex:0)
2026-04-21 18:19:31,983 [INFO] PluginManage:310 - Check plugin memorymap
2026-04-21 18:19:31,992 [INFO] PluginManage:359 - Loaded plugin memorymap (category:base,tabindex:4)
2026-04-21 18:19:31,993 [INFO] PluginManage:310 - Check plugin pinoutandconfiguration
2026-04-21 18:19:31,999 [INFO] PluginManage:359 - Loaded plugin pinoutandconfiguration (category:base,tabindex:1)
2026-04-21 18:19:31,999 [INFO] PluginManage:310 - Check plugin pinoutconfig
2026-04-21 18:19:32,077 [WARN] SupportedApi:132 - Cannot load RTOS API schema: s4s-elt-must-match.1: The content of 'definitions' must match (annotation?, (simpleType | complexType)?, (unique | key | keyref)*)). A problem was found starting at: attribute.
2026-04-21 18:19:32,204 [INFO] PluginManage:359 - Loaded plugin pinoutconfig (category:base,tabindex:0)
2026-04-21 18:19:32,205 [INFO] PluginManage:310 - Check plugin power
2026-04-21 18:19:32,216 [INFO] PluginManage:359 - Loaded plugin power (category:power,tabindex:4)
2026-04-21 18:19:32,216 [INFO] PluginManage:310 - Check plugin projectmanager
2026-04-21 18:19:32,248 [INFO] PluginManage:359 - Loaded plugin projectmanager (category:projectmanager,tabindex:4)
2026-04-21 18:19:32,248 [INFO] PluginManage:310 - Check plugin rif
2026-04-21 18:19:32,255 [INFO] PluginManage:359 - Loaded plugin rif (category:base,tabindex:3)
2026-04-21 18:19:32,255 [INFO] PluginManage:310 - Check plugin thirdparty
2026-04-21 18:19:32,402 [INFO] PluginManage:359 - Loaded plugin thirdparty (category:base,tabindex:-1)
2026-04-21 18:19:32,403 [INFO] PluginManage:310 - Check plugin tools
2026-04-21 18:19:32,405 [INFO] PluginManage:359 - Loaded plugin tools (category:base,tabindex:7)
2026-04-21 18:19:32,405 [INFO] PluginManage:310 - Check plugin tutovideos
2026-04-21 18:19:32,402 [WARN] IntegrityCheckThread:84 - waiting for thirdparty lock release [integrity check]
2026-04-21 18:19:32,405 [INFO] IntegrityCheckThread:86 - entering critical section [integrity check]
2026-04-21 18:19:32,406 [INFO] ThirdPartyUpdaterWithRetryManager:70 - Updater plugin not ready yet. [1/15]
2026-04-21 18:19:32,611 [INFO] PluginManage:359 - Loaded plugin tutovideos (category:base,tabindex:-1)
2026-04-21 18:19:32,613 [INFO] PluginManage:310 - Check plugin updater
2026-04-21 18:19:32,666 [INFO] PluginManage:359 - Loaded plugin updater (category:base,tabindex:12)
2026-04-21 18:19:32,666 [INFO] PluginManage:310 - Check plugin userauth
2026-04-21 18:19:32,673 [INFO] UserAuth:118 - Init User Auth plugin
2026-04-21 18:19:32,675 [INFO] PluginManage:359 - Loaded plugin userauth (category:base,tabindex:14)
2026-04-21 18:19:32,677 [INFO] PluginManage:283 - PluginManage : Loaded plugins [18]
2026-04-21 18:19:32,942 [INFO] PinOutPanel:1589 - setPackage(No Configuration,No Configuration)
2026-04-21 18:19:33,025 [INFO] CADModel:165 - CPN selected for project level
2026-04-21 18:19:33,025 [INFO] CADModel:114 - Register for checkConnection events
2026-04-21 18:19:33,037 [INFO] IPUIPlugin:80 - create IPUIPlugin
2026-04-21 18:19:33,037 [INFO] PluginManager:220 - loadIPPluginJar : add mdma
2026-04-21 18:19:33,042 [INFO] IPUIPlugin:80 - create IPUIPlugin
2026-04-21 18:19:33,042 [INFO] PluginManager:220 - loadIPPluginJar : add freertos
2026-04-21 18:19:33,046 [INFO] IPUIPlugin:80 - create IPUIPlugin
2026-04-21 18:19:33,046 [INFO] PluginManager:220 - loadIPPluginJar : add gic
2026-04-21 18:19:33,053 [INFO] IPUIPlugin:80 - create IPUIPlugin
2026-04-21 18:19:33,053 [INFO] PluginManager:220 - loadIPPluginJar : add adc
2026-04-21 18:19:33,056 [INFO] IPUIPlugin:80 - create IPUIPlugin
2026-04-21 18:19:33,056 [INFO] PluginManager:220 - loadIPPluginJar : add gtzc
2026-04-21 18:19:33,058 [INFO] IPUIPlugin:80 - create IPUIPlugin
2026-04-21 18:19:33,059 [INFO] PluginManager:220 - loadIPPluginJar : add quadspi
2026-04-21 18:19:33,060 [INFO] IPUIPlugin:80 - create IPUIPlugin
2026-04-21 18:19:33,060 [INFO] PluginManager:220 - loadIPPluginJar : add aes
2026-04-21 18:19:33,062 [INFO] IPUIPlugin:80 - create IPUIPlugin
2026-04-21 18:19:33,062 [INFO] PluginManager:220 - loadIPPluginJar : add pdm2pcm
2026-04-21 18:19:33,063 [INFO] IPUIPlugin:80 - create IPUIPlugin
2026-04-21 18:19:33,063 [INFO] PluginManager:220 - loadIPPluginJar : add hash
2026-04-21 18:19:33,065 [INFO] IPUIPlugin:80 - create IPUIPlugin
2026-04-21 18:19:33,065 [INFO] PluginManager:220 - loadIPPluginJar : add tim
2026-04-21 18:19:33,067 [INFO] IPUIPlugin:80 - create IPUIPlugin
2026-04-21 18:19:33,067 [INFO] PluginManager:220 - loadIPPluginJar : add tsc
2026-04-21 18:19:33,069 [INFO] IPUIPlugin:80 - create IPUIPlugin
2026-04-21 18:19:33,069 [INFO] PluginManager:220 - loadIPPluginJar : add extmemmanager
2026-04-21 18:19:33,070 [INFO] IPUIPlugin:80 - create IPUIPlugin
2026-04-21 18:19:33,071 [INFO] PluginManager:220 - loadIPPluginJar : add ts
2026-04-21 18:19:33,072 [INFO] IPUIPlugin:80 - create IPUIPlugin
2026-04-21 18:19:33,072 [INFO] PluginManager:220 - loadIPPluginJar : add radio
2026-04-21 18:19:33,073 [INFO] IPUIPlugin:80 - create IPUIPlugin
2026-04-21 18:19:33,073 [INFO] PluginManager:220 - loadIPPluginJar : add can
2026-04-21 18:19:33,075 [INFO] IPUIPlugin:80 - create IPUIPlugin
2026-04-21 18:19:33,075 [INFO] PluginManager:220 - loadIPPluginJar : add dma3
2026-04-21 18:19:33,077 [INFO] IPUIPlugin:80 - create IPUIPlugin
2026-04-21 18:19:33,077 [INFO] PluginManager:220 - loadIPPluginJar : add dfsdm
2026-04-21 18:19:33,079 [INFO] IPUIPlugin:80 - create IPUIPlugin
2026-04-21 18:19:33,079 [INFO] PluginManager:220 - loadIPPluginJar : add spi
2026-04-21 18:19:33,081 [INFO] IPUIPlugin:80 - create IPUIPlugin
2026-04-21 18:19:33,081 [INFO] PluginManager:220 - loadIPPluginJar : add gfxmmu
2026-04-21 18:19:33,082 [INFO] IPUIPlugin:80 - create IPUIPlugin
2026-04-21 18:19:33,083 [INFO] PluginManager:220 - loadIPPluginJar : add genericplugin
2026-04-21 18:19:33,084 [INFO] IPUIPlugin:80 - create IPUIPlugin
2026-04-21 18:19:33,084 [INFO] PluginManager:220 - loadIPPluginJar : add cryp
2026-04-21 18:19:33,087 [INFO] IPUIPlugin:80 - create IPUIPlugin
2026-04-21 18:19:33,088 [INFO] PluginManager:220 - loadIPPluginJar : add gpio
2026-04-21 18:19:33,090 [INFO] IPUIPlugin:80 - create IPUIPlugin
2026-04-21 18:19:33,091 [INFO] PluginManager:220 - loadIPPluginJar : add ddr_ctrl_phy
2026-04-21 18:19:33,093 [INFO] IPUIPlugin:80 - create IPUIPlugin
2026-04-21 18:19:33,093 [INFO] PluginManager:220 - loadIPPluginJar : add comp
2026-04-21 18:19:33,095 [INFO] IPUIPlugin:80 - create IPUIPlugin
2026-04-21 18:19:33,095 [INFO] PluginManager:220 - loadIPPluginJar : add tracer_emb
2026-04-21 18:19:33,097 [INFO] IPUIPlugin:80 - create IPUIPlugin
2026-04-21 18:19:33,097 [INFO] PluginManager:220 - loadIPPluginJar : add openamp
2026-04-21 18:19:33,100 [INFO] IPUIPlugin:80 - create IPUIPlugin
2026-04-21 18:19:33,101 [INFO] PluginManager:220 - loadIPPluginJar : add stm32_wpan
2026-04-21 18:19:33,105 [INFO] IPUIPlugin:80 - create IPUIPlugin
2026-04-21 18:19:33,107 [INFO] PluginManager:220 - loadIPPluginJar : add plateformsettings
2026-04-21 18:19:33,109 [INFO] IPUIPlugin:80 - create IPUIPlugin
2026-04-21 18:19:33,109 [INFO] PluginManager:220 - loadIPPluginJar : add ipddr
2026-04-21 18:19:33,111 [INFO] IPUIPlugin:80 - create IPUIPlugin
2026-04-21 18:19:33,111 [INFO] PluginManager:220 - loadIPPluginJar : add usart
2026-04-21 18:19:33,112 [INFO] IPUIPlugin:80 - create IPUIPlugin
2026-04-21 18:19:33,113 [INFO] PluginManager:220 - loadIPPluginJar : add ltdc
2026-04-21 18:19:33,114 [INFO] IPUIPlugin:80 - create IPUIPlugin
2026-04-21 18:19:33,115 [INFO] PluginManager:220 - loadIPPluginJar : add nvic
2026-04-21 18:19:33,116 [INFO] IPUIPlugin:80 - create IPUIPlugin
2026-04-21 18:19:33,116 [INFO] PluginManager:220 - loadIPPluginJar : add fatfs
2026-04-21 18:19:33,120 [INFO] IPUIPlugin:80 - create IPUIPlugin
2026-04-21 18:19:33,120 [INFO] PluginManager:220 - loadIPPluginJar : add linkedlist
2026-04-21 18:19:33,124 [INFO] IPUIPlugin:80 - create IPUIPlugin
2026-04-21 18:19:33,124 [INFO] PluginManager:220 - loadIPPluginJar : add dma
2026-04-21 18:19:33,126 [INFO] IPUIPlugin:80 - create IPUIPlugin
2026-04-21 18:19:33,127 [INFO] PluginManager:220 - loadIPPluginJar : add fmc
2026-04-21 18:19:33,128 [INFO] IPUIPlugin:80 - create IPUIPlugin
2026-04-21 18:19:33,128 [INFO] PluginManager:220 - loadIPPluginJar : add i2s
2026-04-21 18:19:33,130 [INFO] IPUIPlugin:80 - create IPUIPlugin
2026-04-21 18:19:33,130 [INFO] PluginManager:220 - loadIPPluginJar : add ucpd
2026-04-21 18:19:33,133 [INFO] IPUIPlugin:80 - create IPUIPlugin
2026-04-21 18:19:33,133 [INFO] PluginManager:220 - loadIPPluginJar : add lorawan
2026-04-21 18:19:33,135 [INFO] IPUIPlugin:80 - create IPUIPlugin
2026-04-21 18:19:33,135 [INFO] PluginManager:220 - loadIPPluginJar : add opamp
2026-04-21 18:19:33,137 [INFO] IPUIPlugin:80 - create IPUIPlugin
2026-04-21 18:19:33,137 [INFO] PluginManager:220 - loadIPPluginJar : add i3c
2026-04-21 18:19:33,139 [INFO] IPUIPlugin:80 - create IPUIPlugin
2026-04-21 18:19:33,139 [INFO] PluginManager:220 - loadIPPluginJar : add touchsensing
2026-04-21 18:19:33,142 [INFO] IPUIPlugin:80 - create IPUIPlugin
2026-04-21 18:19:33,142 [INFO] PluginManager:220 - loadIPPluginJar : add i2c
2026-04-21 18:19:33,144 [INFO] IPUIPlugin:80 - create IPUIPlugin
2026-04-21 18:19:33,144 [INFO] PluginManager:220 - loadIPPluginJar : add resmgrutility
2026-04-21 18:19:33,147 [INFO] IPUIPlugin:80 - create IPUIPlugin
2026-04-21 18:19:33,147 [INFO] PluginManager:220 - loadIPPluginJar : add sai
2026-04-21 18:19:33,150 [INFO] IPUIPlugin:80 - create IPUIPlugin
2026-04-21 18:19:33,150 [INFO] PluginManager:220 - loadIPPluginJar : add usbx
2026-04-21 18:19:33,279 [FATAL] Updater:351 - Updater called before beeing initialized
2026-04-21 18:19:33,324 [INFO] RulesReader:64 - Compatibility file has been processed (317 Rules)
2026-04-21 18:19:33,339 [INFO] RulesReader:64 - Compatibility file has been processed (317 Rules)
2026-04-21 18:19:33,348 [INFO] CADModel:165 - CPN selected for project level
2026-04-21 18:19:33,348 [INFO] CADModel:114 - Register for checkConnection events
2026-04-21 18:19:33,348 [FATAL] Updater:351 - Updater called before beeing initialized
2026-04-21 18:19:33,348 [ERROR] CADModel:125 - Updater not yet initialized, retry later 
2026-04-21 18:19:33,580 [FATAL] Updater:351 - Updater called before beeing initialized
2026-04-21 18:19:33,581 [INFO] CADModel:165 - CPN selected for project level
2026-04-21 18:19:33,582 [INFO] CADModel:114 - Register for checkConnection events
2026-04-21 18:19:33,582 [FATAL] Updater:351 - Updater called before beeing initialized
2026-04-21 18:19:33,582 [ERROR] CADModel:125 - Updater not yet initialized, retry later 
2026-04-21 18:19:33,584 [FATAL] Updater:351 - Updater called before beeing initialized
2026-04-21 18:19:33,735 [FATAL] Updater:351 - Updater called before beeing initialized
2026-04-21 18:19:33,739 [INFO] DbMcusAds:53 - JSON generation date=Thu Sep 30 12:25:09 IST 2021 (1632984909247)
2026-04-21 18:19:33,739 [FATAL] Updater:351 - Updater called before beeing initialized
2026-04-21 18:19:33,793 [WARN] DetailPanel:346 - Failed to get advertising image, set to default
2026-04-21 18:19:33,864 [FATAL] Updater:351 - Updater called before beeing initialized
2026-04-21 18:19:33,865 [FATAL] Updater:351 - Updater called before beeing initialized
2026-04-21 18:19:33,865 [FATAL] Updater:351 - Updater called before beeing initialized
2026-04-21 18:19:33,866 [WARN] DetailPanel:346 - Failed to get advertising image, set to default
2026-04-21 18:19:33,869 [FATAL] Updater:351 - Updater called before beeing initialized
2026-04-21 18:19:33,921 [ERROR] Updater:1198 - MainUpdater not yet initialized. External WinMGr cannot be set.
2026-04-21 18:19:33,924 [INFO] Updater:1134 - Updater Version found : 6.15.0
2026-04-21 18:19:33,935 [INFO] ApplicationProperties:184 - Using Application install path: /Applications/STM32CubeIDE.app/Contents/Eclipse/plugins/com.st.stm32cube.common.mx_6.15.0.202507011659
2026-04-21 18:19:34,197 [INFO] MainUpdater:2872 - connection check result : 22
2026-04-21 18:19:34,197 [INFO] MainUpdater:289 - Updater Check For Update Now.
2026-04-21 18:19:34,198 [INFO] MicroXplorer:498 - Change Database Version : DB.6.0.150
2026-04-21 18:19:34,202 [INFO] McuFinderGlobals:63 - Set McuFinder mode to 2 (CubeIDE integrated)
2026-04-21 18:19:34,202 [INFO] UserAuth:171 - activating auth plugin
2026-04-21 18:19:34,209 [INFO] UserAuth:487 - Internet connection configuration mode: 2
2026-04-21 18:19:34,236 [INFO] UserAuth:487 - Internet connection configuration mode: 2
2026-04-21 18:19:34,514 [INFO] CheckServerUpdateThread:120 - End of CheckServer Thread
2026-04-21 18:19:35,506 [INFO] ThirdParty:978 - Integrity check success = true
2026-04-21 18:19:35,506 [INFO] IntegrityCheckThread:100 - exiting critical section [integrity check]
2026-04-21 18:19:35,507 [INFO] IntegrityCheckThread:103 - End integrity checks thread
2026-04-21 18:21:21,386 [INFO] McuFinderGlobals:63 - Set McuFinder mode to 2 (CubeIDE integrated)
2026-04-21 18:21:21,628 [INFO] MainUpdater:2872 - connection check result : 22
2026-04-21 18:21:22,231 [INFO] MicroXplorer:468 - Change Database Path : 
2026-04-21 18:21:22,232 [INFO] MicroXplorer:498 - Change Database Version : DB.6.0.150
2026-04-21 18:21:22,238 [WARN] ThirdParty:871 - waiting for thirdparty lock release [close project]
2026-04-21 18:21:22,238 [INFO] ThirdParty:873 - entering critical section [close project]
2026-04-21 18:21:22,243 [INFO] ThirdParty:883 - exiting critical section [close project]
2026-04-21 18:21:22,248 [INFO] PinOutPanel:1589 - setPackage(No Configuration,No Configuration)
2026-04-21 18:21:22,253 [INFO] UtilMem:75 - Begin LoadConfig() Used Memory: 235221672 Bytes (292552704)
2026-04-21 18:21:22,255 [INFO] MicroXplorer:468 - Change Database Path : 
2026-04-21 18:21:22,255 [INFO] MicroXplorer:498 - Change Database Version : DB.6.0.150
2026-04-21 18:21:22,256 [INFO] OpenFileManager:355 - Change cursor
2026-04-21 18:21:22,323 [INFO] Mcu:2029 - Initializing MCU STM32F446R(C-E)Tx STM32F446RETx STM32F446RET6
2026-04-21 18:21:24,221 [INFO] Context:786 - Trying to add GPIOservice into a context  which must be forbidden
2026-04-21 18:21:25,116 [INFO] ImportTextPane:234 - (OptionalMessage_ERROR) Pin12 (VP_RIF_VS_RIF1) cannot be retrieved for this MCU
2026-04-21 18:21:25,261 [INFO] RtosManager:558 - Registered RTOS mode: class=CMSIS, group=RTOS, mode=CMSIS_V1, owner=FREERTOS
2026-04-21 18:21:25,263 [INFO] RtosManager:558 - Registered RTOS mode: class=CMSIS, group=RTOS2, mode=CMSIS_V2, owner=FREERTOS
2026-04-21 18:21:25,263 [INFO] RtosManager:558 - Registered RTOS mode: class=RTOS, group=Core, mode=CMSIS_V1, owner=FREERTOS
2026-04-21 18:21:25,263 [INFO] RtosManager:558 - Registered RTOS mode: class=RTOS, group=Core, mode=CMSIS_V2, owner=FREERTOS
2026-04-21 18:21:25,263 [WARN] ModelIntegratedComponent:184 - Missing modes for component STMicroelectronics:FreeRTOS:0.0.1:STMicroelectronics:RTOS:FreeRTOS:Core:::10.2.0:
2026-04-21 18:21:25,265 [WARN] ModelIntegratedComponent:63 - No mode defined for component null
2026-04-21 18:21:25,265 [WARN] ModelIntegratedComponent:63 - No mode defined for component null
2026-04-21 18:21:25,265 [WARN] ModelIntegratedComponent:63 - No mode defined for component null
2026-04-21 18:21:25,265 [WARN] ModelIntegratedComponent:63 - No mode defined for component null
2026-04-21 18:21:25,266 [WARN] ModelIntegratedComponent:63 - No mode defined for component null
2026-04-21 18:21:25,266 [WARN] ModelIntegratedComponent:63 - No mode defined for component null
2026-04-21 18:21:25,266 [WARN] ModelIntegratedComponent:63 - No mode defined for component null
2026-04-21 18:21:25,266 [WARN] ModelIntegratedComponent:63 - No mode defined for component null
2026-04-21 18:21:25,266 [WARN] ModelIntegratedComponent:63 - No mode defined for component null
2026-04-21 18:21:25,267 [WARN] ModelIntegratedComponent:63 - No mode defined for component null
2026-04-21 18:21:25,267 [WARN] ModelIntegratedComponent:63 - No mode defined for component null
2026-04-21 18:21:25,267 [WARN] ModelIntegratedComponent:63 - No mode defined for component null
2026-04-21 18:21:25,267 [WARN] ModelIntegratedComponent:63 - No mode defined for component null
2026-04-21 18:21:25,267 [WARN] ModelIntegratedComponent:63 - No mode defined for component null
2026-04-21 18:21:25,268 [WARN] ModelIntegratedComponent:63 - No mode defined for component null
2026-04-21 18:21:25,268 [WARN] ModelIntegratedComponent:63 - No mode defined for component null
2026-04-21 18:21:25,268 [WARN] ModelIntegratedComponent:63 - No mode defined for component null
2026-04-21 18:21:25,268 [WARN] ModelIntegratedComponent:63 - No mode defined for component null
2026-04-21 18:21:25,269 [WARN] ModelIntegratedComponent:63 - No mode defined for component null
2026-04-21 18:21:25,269 [WARN] ModelIntegratedComponent:63 - No mode defined for component null
2026-04-21 18:21:25,269 [WARN] ModelIntegratedComponent:63 - No mode defined for component null
2026-04-21 18:21:25,269 [WARN] ModelIntegratedComponent:63 - No mode defined for component null
2026-04-21 18:21:25,269 [WARN] ModelIntegratedComponent:63 - No mode defined for component null
2026-04-21 18:21:25,269 [WARN] ModelIntegratedComponent:63 - No mode defined for component null
2026-04-21 18:21:25,269 [WARN] ModelIntegratedComponent:63 - No mode defined for component null
2026-04-21 18:21:25,269 [WARN] ModelIntegratedComponent:63 - No mode defined for component null
2026-04-21 18:21:25,270 [WARN] ModelIntegratedComponent:63 - No mode defined for component null
2026-04-21 18:21:25,270 [WARN] ModelIntegratedComponent:63 - No mode defined for component null
2026-04-21 18:21:25,271 [WARN] ModelIntegratedComponent:63 - No mode defined for component null
2026-04-21 18:21:25,272 [WARN] ModelIntegratedComponent:63 - No mode defined for component null
2026-04-21 18:21:25,272 [WARN] ModelIntegratedComponent:63 - No mode defined for component null
2026-04-21 18:21:25,272 [WARN] ModelIntegratedComponent:63 - No mode defined for component null
2026-04-21 18:21:25,272 [WARN] ModelIntegratedComponent:63 - No mode defined for component null
2026-04-21 18:21:25,272 [WARN] ModelIntegratedComponent:63 - No mode defined for component null
2026-04-21 18:21:25,272 [WARN] ModelIntegratedComponent:63 - No mode defined for component null
2026-04-21 18:21:25,272 [WARN] ModelPack:524 - Component already loaded: STMicroelectronics:HAL Drivers:0.0.0:STMicroelectronics:Device:STMicro_Driver:XSPI:HAL::0.0.1:HAL_XSPI
2026-04-21 18:21:25,283 [INFO] ThirdPartyModel:298 - Start build external matchings
2026-04-21 18:21:25,285 [INFO] ThirdPartyModel:316 - End build external matchings
2026-04-21 18:21:25,312 [INFO] ImportTextPane:234 - (OptionalMessage_ERROR) IP (DMA) : Parameter (Instance) has Id (USART2_RX) currently not set
2026-04-21 18:21:25,312 [INFO] ImportTextPane:234 - (OptionalMessage_ERROR) IP (DMA) : Parameter (Channel) has Id (USART2_RX) currently not set
2026-04-21 18:21:25,312 [INFO] ImportTextPane:234 - (OptionalMessage_ERROR) IP (DMA) : Parameter (Direction) has Id (USART2_RX) currently not set
2026-04-21 18:21:25,312 [INFO] ImportTextPane:234 - (OptionalMessage_ERROR) IP (DMA) : Parameter (PeriphInc) has Id (USART2_RX) currently not set
2026-04-21 18:21:25,312 [INFO] ImportTextPane:234 - (OptionalMessage_ERROR) IP (DMA) : Parameter (MemInc) has Id (USART2_RX) currently not set
2026-04-21 18:21:25,312 [INFO] ImportTextPane:234 - (OptionalMessage_ERROR) IP (DMA) : Parameter (PeriphDataAlignment) has Id (USART2_RX) currently not set
2026-04-21 18:21:25,313 [INFO] ImportTextPane:234 - (OptionalMessage_ERROR) IP (DMA) : Parameter (MemDataAlignment) has Id (USART2_RX) currently not set
2026-04-21 18:21:25,313 [INFO] ImportTextPane:234 - (OptionalMessage_ERROR) IP (DMA) : Parameter (Mode) has Id (USART2_RX) currently not set
2026-04-21 18:21:25,313 [INFO] ImportTextPane:234 - (OptionalMessage_ERROR) IP (DMA) : Parameter (Priority) has Id (USART2_RX) currently not set
2026-04-21 18:21:25,313 [INFO] ImportTextPane:234 - (OptionalMessage_ERROR) IP (DMA) : Parameter (FIFOMode) has Id (USART2_RX) currently not set
2026-04-21 18:21:26,926 [INFO] ApiDb:581 - Connected to CubeFinder SQLite database (/Users/ggpai/.stmcufinder/plugins/mcufinder/mcu/cube-finder-db.db)
2026-04-21 18:21:26,973 [INFO] ApiDb:668 - CubeFinder database Data Model version=2.1
2026-04-21 18:21:26,973 [INFO] ApiDb:669 - CubeFinder database Configuration version=3.0.42
2026-04-21 18:21:26,975 [INFO] ApiDb:670 - CubeFinder database generation date=2026-02-13 (1770995876)
2026-04-21 18:21:26,975 [INFO] ApiDb:671 - CubeFinder database FW Pack versions=[FP-ATR-ASTRA1_V2.0.0, FP-SNS-FLIGHT1_V5.1.0, FP-SNS-MOTENV1_V5.1.0, FP-SNS-MOTENVWB1_V1.4.0, FP-SNS-SMARTAG2_V1.2.0, FP-SNS-STBOX1_V2.1.0, STM32Cube_FW_C0_V1.4.0, STM32Cube_FW_F4_V1.28.3, STM32Cube_FW_F7_V1.17.4, STM32Cube_FW_G0_V1.6.2, STM32Cube_FW_G4_V1.6.1, STM32Cube_FW_H5_V1.6.0, STM32Cube_FW_H7RS_V1.3.0, STM32Cube_FW_H7_V1.13.0, STM32Cube_FW_L0_V1.12.2, STM32Cube_FW_L4_V1.18.2, STM32Cube_FW_L5_V1.6.0, STM32Cube_FW_N6_V1.3.0, STM32Cube_FW_U0_V1.3.0, STM32Cube_FW_U3_V1.3.0, STM32Cube_FW_U5_V1.8.0, STM32Cube_FW_WB0_V1.4.0, STM32Cube_FW_WBA_V1.9.0, STM32Cube_FW_WB_V1.24.0, STM32Cube_FW_WL3_V1.4.0, STM32Cube_FW_WL_V1.5.0, X-CUBE-ALGOBUILD_V1.4.0, X-CUBE-ALS_V1.0.2, X-CUBE-AZRTOS-F4_V1.1.0, X-CUBE-AZRTOS-F7_V1.1.0, X-CUBE-AZRTOS-G0_V1.1.0, X-CUBE-AZRTOS-G4_V2.0.0, X-CUBE-AZRTOS-H7RS_V1.1.0, X-CUBE-AZRTOS-H7_V3.4.0, X-CUBE-AZRTOS-L4_V2.0.0, X-CUBE-AZRTOS-L5_V2.0.0, X-CUBE-AZRTOS-WB_V2.0.0, X-CUBE-AZRTOS-WL_V2.0.0, X-CUBE-BLE1_V7.1.0, X-CUBE-BLE2_V3.3.0, X-CUBE-BLEMGR_V4.1.0, X-CUBE-EEPRMA1_V5.2.0, X-CUBE-FREERTOS_V1.3.1, X-CUBE-GNSS1_V6.0.0, X-CUBE-MEMS1_V12.0.0, X-CUBE-NFC4_V3.0.0, X-CUBE-NFC7_V2.0.0, X-CUBE-SFXS2LP1_V4.0.0, X-CUBE-ST67W61_V1.1.0, X-CUBE-SUBG2_V5.0.0, X-CUBE-TOF1_V3.4.3]
2026-04-21 18:21:27,064 [INFO] DbBoardsSqlite:226 - include board P-NUCLEO-WB55-NUCLEO as a kit item of type 'Nucleo-64'
2026-04-21 18:21:27,066 [INFO] DbBoardsSqlite:226 - include board P-NUCLEO-WB55-USBDONGLE as a kit item of type 'Nucleo USB Dongle'
2026-04-21 18:21:27,066 [INFO] DbBoardsSqlite:226 - include board STEVAL-IDP005V1 as a kit item of type 'Evaluation Board'
2026-04-21 18:21:27,067 [INFO] DbBoardsSqlite:226 - include board STEVAL-IDP005V2 as a kit item of type 'Evaluation Board'
2026-04-21 18:21:27,185 [INFO] ApiDb:240 - Found 880 in-development CPN: [B-G473E-ZEST1S, B-WB1M-WPAN1, B-WBA5M-WPAN, B-WL5M-SUBG1, NUCLEO-C031C6, NUCLEO-C051C8, NUCLEO-C071RB, NUCLEO-C092RC, NUCLEO-H503RB, NUCLEO-H533RE, NUCLEO-H563ZI, NUCLEO-H7S3L8, NUCLEO-N657X0-Q, NUCLEO-U031R8, NUCLEO-U083RC, NUCLEO-U385RG-Q, NUCLEO-U545RE-Q, NUCLEO-U5A5ZJ-Q, NUCLEO-WB05KZ, NUCLEO-WB07CC, NUCLEO-WB09KE, NUCLEO-WBA52CG, NUCLEO-WBA55CG, NUCLEO-WL33CC1, NUCLEO-WL33CC2, STEVAL-PROTEUS1, STEVAL-SMARTAG2, STEVAL-STWINBX1, STM320518-EVAL, STM32C0116-DK, STM32C011D6Y3TR, STM32C011D6Y6TR, STM32C011F4P3, STM32C011F4P6, STM32C011F4U3, STM32C011F4U6TR, STM32C011F6P3, STM32C011F6P6, STM32C011F6U3, STM32C011F6U6TR, STM32C011J4M3, STM32C011J4M6, STM32C011J6M3, STM32C011J6M6, STM32C0316-DK, STM32C031C4T3, STM32C031C4T6, STM32C031C4U3, STM32C031C4U6, STM32C031C6T3, STM32C031C6T6, STM32C031C6U3, STM32C031C6U6, STM32C031F4P3, STM32C031F4P6, STM32C031F6P3, STM32C031F6P6, STM32C031G4U3, STM32C031G4U6, STM32C031G6U3, STM32C031G6U6, STM32C031K4T3, STM32C031K4T6, STM32C031K4U3, STM32C031K4U6, STM32C031K6T3, STM32C031K6T6, STM32C031K6U3, STM32C031K6U6, STM32C051C6T6, STM32C051C6U6, STM32C051C8T6, STM32C051C8U6, STM32C051D8Y6TR, STM32C051F6P6, STM32C051F8P6, STM32C051G6U6, STM32C051G8U6, STM32C051K6T6, STM32C051K6U6, STM32C051K8T6, STM32C071C8T6, STM32C071C8T6N, STM32C071C8U6, STM32C071C8U6N, STM32C071CBT6, STM32C071CBT6N, STM32C071CBU6, STM32C071CBU6N, STM32C071F8P6, STM32C071F8P6N, STM32C071FBP6, STM32C071FBP6N, STM32C071FBY6TR, STM32C071G8U6, STM32C071G8U6N, STM32C071GBU6, STM32C071GBU6N, STM32C071K8T6, STM32C071K8T6N, STM32C071K8U6, STM32C071K8U6N, STM32C071KBT6, STM32C071KBT6N, STM32C071KBU6, STM32C071KBU6N, STM32C071R8T6, STM32C071R8T6N, STM32C071RBI6N, STM32C071RBT6, STM32C071RBT6N, STM32C091CBT6, STM32C091CBU6, STM32C091CCT6, STM32C091CCU6, STM32C091ECY6TR, STM32C091FBP6, STM32C091FCP6, STM32C091GBU6, STM32C091GCU6, STM32C091KBT6, STM32C091KBU6, STM32C091KCT6, STM32C091KCU6, STM32C091RBT6, STM32C091RCI6, STM32C091RCT6, STM32C092CBT6, STM32C092CBU6, STM32C092CCT6, STM32C092CCU6, STM32C092ECY6TR, STM32C092FBP6, STM32C092FCP6, STM32C092GBU6, STM32C092GCU6, STM32C092KBT6, STM32C092KBU6, STM32C092KCT6, STM32C092KCU6, STM32C092RBT6, STM32C092RCI6, STM32C092RCT6, STM32G071K8TXN, STM32G071K8UXN, STM32G081GBU6N, STM32G081KBT6N, STM32G081KBUXN, STM32G0B1CCT6N, STM32G0B1KCT6, STM32G0B1NEY6TR, STM32G0B1RCT6N, STM32G0C1CCT6, STM32G0C1CCT6N, STM32G0C1CCU6N, STM32G0C1CET6N, STM32G0C1CEU6N, STM32G0C1KCT6, STM32G0C1NEY6TR, STM32G0C1RCI6N, STM32G0C1RCT6N, STM32G0C1REI6N, STM32G0C1RET6N, STM32G0C1VCI6, STM32G0C1VEI6, STM32G411C6T3, STM32G411C6T6, STM32G411C6U3, STM32G411C6U6, STM32G411C8T3, STM32G411C8T6, STM32G411C8U3, STM32G411C8U6, STM32G411CBT3, STM32G411CBT6, STM32G411CBU3, STM32G411CBU6, STM32G411K6T3, STM32G411K6T6, STM32G411K6U3, STM32G411K6U6, STM32G411K8T3, STM32G411K8T6, STM32G411K8U3, STM32G411K8U6, STM32G411KBT3, STM32G411KBT6, STM32G411KBU3, STM32G411KBU6, STM32G411M6T3, STM32G411M6T6, STM32G411M8T3, STM32G411M8T6, STM32G411MBT3, STM32G411MBT6, STM32G411R6T3, STM32G411R6T6, STM32G411R8T3, STM32G411R8T6, STM32G411RBT3, STM32G411RBT6, STM32G414CBT3, STM32G414CBT6, STM32G414CBU3, STM32G414CBU6, STM32G414CCT3, STM32G414CCT6, STM32G414CCU3, STM32G414CCU6, STM32G414MBT3, STM32G414MBT6, STM32G414MCT3, STM32G414MCT6, STM32G414RBT3, STM32G414RBT6, STM32G414RCT3, STM32G414RCT6, STM32G414VBT3, STM32G414VBT6, STM32G414VCT3, STM32G414VCT6, STM32G431CBT3Z, STM32G431RBT3Z, STM32G471CCT6, STM32G471CCU6, STM32G471CET3, STM32G471CET6, STM32G471CEU3, STM32G471CEU6, STM32G471MCT6, STM32G471MET3, STM32G471MET6, STM32G471MEY6TR, STM32G471QCT6, STM32G471QET3, STM32G471RCT6, STM32G471RET3, STM32G471RET6, STM32G471VCH6, STM32G471VCI6, STM32G471VCT6, STM32G471VEH3, STM32G471VEH6, STM32G471VEI3, STM32G471VEI6, STM32G471VET3, STM32G471VET6, STM32G473QET3Z, STM32G473RET3Z, STM32G474CCT6, STM32G491RET3Z, STM32H503CBT6, STM32H503CBU6, STM32H503EBY6TR, STM32H503KBU6, STM32H503RBT6, STM32H523CCT6, STM32H523CCU6, STM32H523CET6, STM32H523CEU6, STM32H523HEY6TR, STM32H523RCT6, STM32H523RET6, STM32H523VCI6, STM32H523VCT6, STM32H523VEI6, STM32H523VET6, STM32H523ZCJ6, STM32H523ZCT6, STM32H523ZEJ6, STM32H523ZET6, STM32H533CET6, STM32H533CEU6, STM32H533HEY6TR, STM32H533RET6, STM32H533VEI6, STM32H533VET6, STM32H533ZEJ6, STM32H533ZET6, STM32H562AGI6, STM32H562AII6, STM32H562IGK6, STM32H562IGT6, STM32H562IIK6, STM32H562IIT6, STM32H562RGT6, STM32H562RGV6, STM32H562RIT6, STM32H562RIV6, STM32H562VGT6, STM32H562VIT6, STM32H562ZGT6, STM32H562ZIT6, STM32H563AGI6, STM32H563AII3Q, STM32H563AII6, STM32H563IGK6, STM32H563IGT6, STM32H563IIK3Q, STM32H563IIK6, STM32H563IIT3Q, STM32H563IIT6, STM32H563MIY3QTR, STM32H563RGT6, STM32H563RGV6, STM32H563RIT6, STM32H563RIV6, STM32H563VGT6, STM32H563VIT3Q, STM32H563VIT6, STM32H563ZGT6, STM32H563ZIT3Q, STM32H563ZIT6, STM32H573AII3Q, STM32H573AII6, STM32H573I-DK, STM32H573IIK3Q, STM32H573IIK6, STM32H573IIT3Q, STM32H573IIT6, STM32H573MIY3QTR, STM32H573RIT6, STM32H573RIV6, STM32H573VIT3Q, STM32H573VIT6, STM32H573ZIT3Q, STM32H573ZIT6, STM32H7R3A8I6, STM32H7R3I8K6, STM32H7R3I8T6, STM32H7R3L8H6, STM32H7R3L8H6H, STM32H7R3R8V6, STM32H7R3V8H6, STM32H7R3V8T6, STM32H7R3V8Y6TR, STM32H7R3Z8J6, STM32H7R3Z8T6, STM32H7R7A8I6, STM32H7R7I8K6, STM32H7R7I8T6, STM32H7R7L8H6, STM32H7R7L8H6H, STM32H7R7Z8J6, STM32H7S3A8I6, STM32H7S3I8K6, STM32H7S3I8T6, STM32H7S3L8H6, STM32H7S3L8H6H, STM32H7S3R8V6, STM32H7S3V8H6, STM32H7S3V8T6, STM32H7S3V8Y6TR, STM32H7S3Z8J6, STM32H7S3Z8T6, STM32H7S78-DK, STM32H7S7A8I6, STM32H7S7I8K6, STM32H7S7I8T6, STM32H7S7L8H6, STM32H7S7L8H6H, STM32H7S7Z8J6, STM32L4R5QGI6STR, STM32MP131AAE3, STM32MP131AAF3, STM32MP131AAG3, STM32MP131CAE3, STM32MP131CAF3, STM32MP131CAG3, STM32MP131DAE7, STM32MP131DAF7, STM32MP131DAG7, STM32MP131FAE7, STM32MP131FAF7, STM32MP131FAG7, STM32MP133AAE3, STM32MP133AAF3, STM32MP133AAG3, STM32MP133CAE3, STM32MP133CAF3, STM32MP133CAG3, STM32MP133DAE7, STM32MP133DAF7, STM32MP133DAG7, STM32MP133FAE7, STM32MP133FAF7, STM32MP133FAG7, STM32MP135AAE3, STM32MP135AAF3, STM32MP135AAG3, STM32MP135CAE3, STM32MP135CAF3, STM32MP135CAG3, STM32MP135DAE7, STM32MP135DAF7, STM32MP135DAG7, STM32MP135F-DK, STM32MP135FAE7, STM32MP135FAF7, STM32MP135FAF7T, STM32MP135FAF7U, STM32MP135FAG7, STM32MP211AAL3, STM32MP211AAM3, STM32MP211AAN3, STM32MP211AAO3, STM32MP211CAL3, STM32MP211CAM3, STM32MP211CAN3, STM32MP211CAO3, STM32MP211DAL3, STM32MP211DAM3, STM32MP211DAN3, STM32MP211DAO3, STM32MP211FAL3, STM32MP211FAM3, STM32MP211FAN3, STM32MP211FAO3, STM32MP213AAL3, STM32MP213AAM3, STM32MP213AAN3, STM32MP213AAO3, STM32MP213CAL3, STM32MP213CAM3, STM32MP213CAN3, STM32MP213CAO3, STM32MP213DAL3, STM32MP213DAM3, STM32MP213DAN3, STM32MP213DAO3, STM32MP213FAL3, STM32MP213FAM3, STM32MP213FAN3, STM32MP213FAO3, STM32MP215AAL3, STM32MP215AAM3, STM32MP215AAN3, STM32MP215AAO3, STM32MP215CAL3, STM32MP215CAM3, STM32MP215CAN3, STM32MP215CAO3, STM32MP215DAL3, STM32MP215DAM3, STM32MP215DAN3, STM32MP215DAO3, STM32MP215F-DK, STM32MP215FAL3, STM32MP215FAM3, STM32MP215FAN3, STM32MP215FAO3, STM32MP231AAJ3, STM32MP231AAK3, STM32MP231AAL3, STM32MP231CAJ3, STM32MP231CAK3, STM32MP231CAL3, STM32MP231DAJ3, STM32MP231DAK3, STM32MP231DAL3, STM32MP231FAJ3, STM32MP231FAK3, STM32MP231FAL3, STM32MP233AAJ3, STM32MP233AAK3, STM32MP233AAL3, STM32MP233CAJ3, STM32MP233CAK3, STM32MP233CAL3, STM32MP233DAJ3, STM32MP233DAK3, STM32MP233DAL3, STM32MP233FAJ3, STM32MP233FAK3, STM32MP233FAL3, STM32MP235AAJ3, STM32MP235AAK3, STM32MP235AAL3, STM32MP235CAJ3, STM32MP235CAK3, STM32MP235CAL3, STM32MP235DAJ3, STM32MP235DAK3, STM32MP235DAL3, STM32MP235FAJ3, STM32MP235FAK3, STM32MP235FAL3, STM32MP251AAI3, STM32MP251AAK3, STM32MP251AAL3, STM32MP251CAI3, STM32MP251CAK3, STM32MP251CAL3, STM32MP251DAI3, STM32MP251DAK3, STM32MP251DAL3, STM32MP251FAI3, STM32MP251FAK3, STM32MP251FAL3, STM32MP253AAI3, STM32MP253AAK3, STM32MP253AAL3, STM32MP253CAI3, STM32MP253CAK3, STM32MP253CAL3, STM32MP253DAI3, STM32MP253DAK3, STM32MP253DAL3, STM32MP253FAI3, STM32MP253FAK3, STM32MP253FAL3, STM32MP255AAI3, STM32MP255AAK3, STM32MP255AAL3, STM32MP255CAI3, STM32MP255CAK3, STM32MP255CAL3, STM32MP255DAI3, STM32MP255DAK3, STM32MP255DAL3, STM32MP255FAI3, STM32MP255FAK3, STM32MP255FAL3, STM32MP257AAI3, STM32MP257AAK3, STM32MP257AAL3, STM32MP257CAI3, STM32MP257CAK3, STM32MP257CAL3, STM32MP257DAI3, STM32MP257DAK3, STM32MP257DAL3, STM32MP257F-DK, STM32MP257F-EV1, STM32MP257FAI3, STM32MP257FAK3, STM32MP257FAL3, STM32N645A0H3Q, STM32N645B0H3Q, STM32N645I0H3Q, STM32N645L0H3Q, STM32N645X0H3Q, STM32N645Z0H3Q, STM32N647A0H3Q, STM32N647B0H3Q, STM32N647I0H3Q, STM32N647L0H3Q, STM32N647X0H3Q, STM32N647Z0H3Q, STM32N655A0H3Q, STM32N655B0H3Q, STM32N655I0H3Q, STM32N655L0H3Q, STM32N655X0H3Q, STM32N655Z0H3Q, STM32N6570-DK, STM32N657A0H3Q, STM32N657B0H3Q, STM32N657I0H3Q, STM32N657L0H3Q, STM32N657X0H3Q, STM32N657Z0H3Q, STM32U031C6T6, STM32U031C6U6, STM32U031C8T6, STM32U031C8U6, STM32U031F4P6, STM32U031F6P6, STM32U031F8P6, STM32U031G6Y6TR, STM32U031G8Y6TR, STM32U031K4U6, STM32U031K6U6, STM32U031K8U6, STM32U031R6I6, STM32U031R6T6, STM32U031R8I6, STM32U031R8T6, STM32U073C8T6, STM32U073C8U6, STM32U073CBT6, STM32U073CBU6, STM32U073CCT6, STM32U073CCU6, STM32U073H8Y6TR, STM32U073HBY6TR, STM32U073HCY6TR, STM32U073K8U6, STM32U073KBU6, STM32U073KCU6, STM32U073M8I6, STM32U073M8T6, STM32U073MBI6, STM32U073MBT6, STM32U073MCI6, STM32U073MCT6, STM32U073R8I6, STM32U073R8T6, STM32U073RBI6, STM32U073RBT6, STM32U073RCI6, STM32U073RCT6, STM32U083C-DK, STM32U083CCT6, STM32U083CCU6, STM32U083HCY6TR, STM32U083KCU6, STM32U083MCI6, STM32U083MCT6, STM32U083RCI6, STM32U083RCT6, STM32U375CET6, STM32U375CET6Q, STM32U375CEU6, STM32U375CEU6Q, STM32U375CEY6QTR, STM32U375CGT6, STM32U375CGT6Q, STM32U375CGU6, STM32U375CGU6Q, STM32U375CGY6QTR, STM32U375KEU6, STM32U375KGU6, STM32U375REI6, STM32U375REI6Q, STM32U375RET6, STM32U375RET6Q, STM32U375REY6GTR, STM32U375REY6QTR, STM32U375RGI6, STM32U375RGI6Q, STM32U375RGT6, STM32U375RGT6Q, STM32U375RGY6GTR, STM32U375RGY6QTR, STM32U375VEI6, STM32U375VEI6Q, STM32U375VET6, STM32U375VET6Q, STM32U375VGI6, STM32U375VGI6Q, STM32U375VGT6, STM32U375VGT6Q, STM32U385CGT6, STM32U385CGT6Q, STM32U385CGU6, STM32U385CGU6Q, STM32U385CGY6QTR, STM32U385KGU6, STM32U385RGI6, STM32U385RGI6Q, STM32U385RGT6, STM32U385RGT6Q, STM32U385RGY6GTR, STM32U385RGY6QTR, STM32U385VGI6, STM32U385VGI6Q, STM32U385VGT6, STM32U385VGT6Q, STM32U535CBT6, STM32U535CBT6Q, STM32U535CBU6, STM32U535CBU6Q, STM32U535CCT6, STM32U535CCT6Q, STM32U535CCU6, STM32U535CCU6Q, STM32U535CET6, STM32U535CET6Q, STM32U535CEU6, STM32U535CEU6Q, STM32U535JEY6QTR, STM32U535NCY6QTR, STM32U535NEY6QTR, STM32U535RBI6, STM32U535RBI6Q, STM32U535RBT6, STM32U535RBT6Q, STM32U535RCI6, STM32U535RCI6Q, STM32U535RCT6, STM32U535RCT6Q, STM32U535REI6, STM32U535REI6Q, STM32U535RET6, STM32U535RET6Q, STM32U535VCI6, STM32U535VCI6Q, STM32U535VCT6, STM32U535VCT6Q, STM32U535VEI6, STM32U535VEI6Q, STM32U535VET6, STM32U535VET6Q, STM32U545CET6, STM32U545CET6Q, STM32U545CEU6, STM32U545CEU6Q, STM32U545JEY6QTR, STM32U545NEY6QTR, STM32U545REI6, STM32U545REI6Q, STM32U545RET6, STM32U545RET6Q, STM32U545VEI6, STM32U545VEI6Q, STM32U545VET6, STM32U545VET6Q, STM32U595AIH6, STM32U595AIH6Q, STM32U595AJH6, STM32U595AJH6Q, STM32U595QII6, STM32U595QII6Q, STM32U595QJI6, STM32U595QJI6Q, STM32U595RIT6, STM32U595RIT6Q, STM32U595RJT6, STM32U595RJT6Q, STM32U595VIT6, STM32U595VIT6Q, STM32U595VJT6, STM32U595VJT6Q, STM32U595ZIT6, STM32U595ZIT6Q, STM32U595ZIY6QTR, STM32U595ZJT6, STM32U595ZJT6Q, STM32U595ZJY6QTR, STM32U599BJY6QTR, STM32U599NIH6Q, STM32U599NJH6Q, STM32U599VIT6Q, STM32U599VJT6, STM32U599VJT6Q, STM32U599ZIT6Q, STM32U599ZIY6QTR, STM32U599ZJT6Q, STM32U599ZJY6QTR, STM32U5A5AJH6, STM32U5A5AJH6Q, STM32U5A5QII3Q , STM32U5A5QJI6, STM32U5A5QJI6Q, STM32U5A5RJT6, STM32U5A5RJT6Q, STM32U5A5VJT6, STM32U5A5VJT6Q, STM32U5A5ZJT6, STM32U5A5ZJT6Q, STM32U5A5ZJY6QTR, STM32U5A9BJY6QTR, STM32U5A9J-DK, STM32U5A9NJH6Q, STM32U5A9VJT6Q, STM32U5A9ZJT6Q, STM32U5A9ZJY6QTR, STM32U5F7VIT6, STM32U5F7VIT6Q, STM32U5F7VJT6, STM32U5F7VJT6Q, STM32U5F9BJY6QTR, STM32U5F9NJH6Q, STM32U5F9VIT6Q, STM32U5F9VJT6Q, STM32U5F9ZIJ6QTR, STM32U5F9ZIT6Q, STM32U5F9ZJJ6QTR, STM32U5F9ZJT6Q, STM32U5G7VJT6, STM32U5G7VJT6Q, STM32U5G9BJY6QTR, STM32U5G9J-DK1, STM32U5G9J-DK2, STM32U5G9NJH6Q, STM32U5G9VJT6Q, STM32U5G9ZJJ6QTR, STM32U5G9ZJT6Q, STM32WB05KZV6TR, STM32WB05KZV7TR, STM32WB05TZF6TR, STM32WB05TZF7TR, STM32WB06CCF6TR, STM32WB06CCF7TR, STM32WB06CCV6TR, STM32WB06CCV7TR, STM32WB06KCV6TR, STM32WB06KCV7TR, STM32WB07CCF6TR, STM32WB07CCF7TR, STM32WB07CCV6TR, STM32WB07CCV7TR, STM32WB07KCV6TR, STM32WB07KCV7TR, STM32WB09KEV6TR, STM32WB09KEV7TR, STM32WB09TEF6TR, STM32WB09TEF7TR, STM32WB1MMCH6, STM32WBA50KGU6, STM32WBA50KGU6TR, STM32WBA52CEU6, STM32WBA52CEU6TR, STM32WBA52CEU7, STM32WBA52CEU7TR, STM32WBA52CGU6, STM32WBA52CGU6TR, STM32WBA52CGU6U, STM32WBA52CGU7, STM32WBA52CGU7TR, STM32WBA52KEU6, STM32WBA52KEU6TR, STM32WBA52KGU6, STM32WBA52KGU6TR, STM32WBA54CEU6, STM32WBA54CEU6TR, STM32WBA54CEU7, STM32WBA54CEU7TR, STM32WBA54CGU6, STM32WBA54CGU6TR, STM32WBA54CGU7, STM32WBA54CGU7TR, STM32WBA54KEU6, STM32WBA54KEU6TR, STM32WBA54KEU7, STM32WBA54KEU7TR, STM32WBA54KGU6, STM32WBA54KGU6TR, STM32WBA54KGU7, STM32WBA54KGU7TR, STM32WBA55CEU6, STM32WBA55CEU6TR, STM32WBA55CEU7, STM32WBA55CEU7TR, STM32WBA55CGU6, STM32WBA55CGU6TR, STM32WBA55CGU6U, STM32WBA55CGU7, STM32WBA55CGU7TR, STM32WBA55G-DK1, STM32WBA55HEF6, STM32WBA55HEF7, STM32WBA55HGF6, STM32WBA55HGF7, STM32WBA55UEI6, STM32WBA55UEI6TR, STM32WBA55UEI7, STM32WBA55UEI7TR, STM32WBA55UGI6, STM32WBA55UGI6TR, STM32WBA55UGI7, STM32WBA55UGI7TR, STM32WBA5MMGH6TR, STM32WBA62MGF6, STM32WBA62MIF6, STM32WBA65MGF7, STM32WBA65MIF6, STM32WBA65MIF7, STM32WL30K8V6, STM32WL30KBV6, STM32WL31C8V6, STM32WL31CBV6, STM32WL31K8V6, STM32WL31KBV6, STM32WL33C8V6, STM32WL33C8V6X, STM32WL33CBV6, STM32WL33CBV6X, STM32WL33CCV6, STM32WL33CCV6A, STM32WL33CCV6X, STM32WL33K8V7, STM32WL33K8V7X, STM32WL33KBV7 , STM32WL33KBV7X, STM32WL33KCV7, STM32WL33KCV7X, STM32WL5MOCH6, STM32WL5MOCH6TR]
2026-04-21 18:21:27,190 [INFO] ApiDb:668 - CubeFinder database Data Model version=2.1
2026-04-21 18:21:27,190 [INFO] ApiDb:669 - CubeFinder database Configuration version=3.0.42
2026-04-21 18:21:27,190 [INFO] ApiDb:670 - CubeFinder database generation date=2026-02-13 (1770995876)
2026-04-21 18:21:27,190 [INFO] ApiDb:671 - CubeFinder database FW Pack versions=[FP-ATR-ASTRA1_V2.0.0, FP-SNS-FLIGHT1_V5.1.0, FP-SNS-MOTENV1_V5.1.0, FP-SNS-MOTENVWB1_V1.4.0, FP-SNS-SMARTAG2_V1.2.0, FP-SNS-STBOX1_V2.1.0, STM32Cube_FW_C0_V1.4.0, STM32Cube_FW_F4_V1.28.3, STM32Cube_FW_F7_V1.17.4, STM32Cube_FW_G0_V1.6.2, STM32Cube_FW_G4_V1.6.1, STM32Cube_FW_H5_V1.6.0, STM32Cube_FW_H7RS_V1.3.0, STM32Cube_FW_H7_V1.13.0, STM32Cube_FW_L0_V1.12.2, STM32Cube_FW_L4_V1.18.2, STM32Cube_FW_L5_V1.6.0, STM32Cube_FW_N6_V1.3.0, STM32Cube_FW_U0_V1.3.0, STM32Cube_FW_U3_V1.3.0, STM32Cube_FW_U5_V1.8.0, STM32Cube_FW_WB0_V1.4.0, STM32Cube_FW_WBA_V1.9.0, STM32Cube_FW_WB_V1.24.0, STM32Cube_FW_WL3_V1.4.0, STM32Cube_FW_WL_V1.5.0, X-CUBE-ALGOBUILD_V1.4.0, X-CUBE-ALS_V1.0.2, X-CUBE-AZRTOS-F4_V1.1.0, X-CUBE-AZRTOS-F7_V1.1.0, X-CUBE-AZRTOS-G0_V1.1.0, X-CUBE-AZRTOS-G4_V2.0.0, X-CUBE-AZRTOS-H7RS_V1.1.0, X-CUBE-AZRTOS-H7_V3.4.0, X-CUBE-AZRTOS-L4_V2.0.0, X-CUBE-AZRTOS-L5_V2.0.0, X-CUBE-AZRTOS-WB_V2.0.0, X-CUBE-AZRTOS-WL_V2.0.0, X-CUBE-BLE1_V7.1.0, X-CUBE-BLE2_V3.3.0, X-CUBE-BLEMGR_V4.1.0, X-CUBE-EEPRMA1_V5.2.0, X-CUBE-FREERTOS_V1.3.1, X-CUBE-GNSS1_V6.0.0, X-CUBE-MEMS1_V12.0.0, X-CUBE-NFC4_V3.0.0, X-CUBE-NFC7_V2.0.0, X-CUBE-SFXS2LP1_V4.0.0, X-CUBE-ST67W61_V1.1.0, X-CUBE-SUBG2_V5.0.0, X-CUBE-TOF1_V3.4.3]
2026-04-21 18:21:28,806 [INFO] ApiDb:240 - Found 880 in-development CPN: [B-G473E-ZEST1S, B-WB1M-WPAN1, B-WBA5M-WPAN, B-WL5M-SUBG1, NUCLEO-C031C6, NUCLEO-C051C8, NUCLEO-C071RB, NUCLEO-C092RC, NUCLEO-H503RB, NUCLEO-H533RE, NUCLEO-H563ZI, NUCLEO-H7S3L8, NUCLEO-N657X0-Q, NUCLEO-U031R8, NUCLEO-U083RC, NUCLEO-U385RG-Q, NUCLEO-U545RE-Q, NUCLEO-U5A5ZJ-Q, NUCLEO-WB05KZ, NUCLEO-WB07CC, NUCLEO-WB09KE, NUCLEO-WBA52CG, NUCLEO-WBA55CG, NUCLEO-WL33CC1, NUCLEO-WL33CC2, STEVAL-PROTEUS1, STEVAL-SMARTAG2, STEVAL-STWINBX1, STM320518-EVAL, STM32C0116-DK, STM32C011D6Y3TR, STM32C011D6Y6TR, STM32C011F4P3, STM32C011F4P6, STM32C011F4U3, STM32C011F4U6TR, STM32C011F6P3, STM32C011F6P6, STM32C011F6U3, STM32C011F6U6TR, STM32C011J4M3, STM32C011J4M6, STM32C011J6M3, STM32C011J6M6, STM32C0316-DK, STM32C031C4T3, STM32C031C4T6, STM32C031C4U3, STM32C031C4U6, STM32C031C6T3, STM32C031C6T6, STM32C031C6U3, STM32C031C6U6, STM32C031F4P3, STM32C031F4P6, STM32C031F6P3, STM32C031F6P6, STM32C031G4U3, STM32C031G4U6, STM32C031G6U3, STM32C031G6U6, STM32C031K4T3, STM32C031K4T6, STM32C031K4U3, STM32C031K4U6, STM32C031K6T3, STM32C031K6T6, STM32C031K6U3, STM32C031K6U6, STM32C051C6T6, STM32C051C6U6, STM32C051C8T6, STM32C051C8U6, STM32C051D8Y6TR, STM32C051F6P6, STM32C051F8P6, STM32C051G6U6, STM32C051G8U6, STM32C051K6T6, STM32C051K6U6, STM32C051K8T6, STM32C071C8T6, STM32C071C8T6N, STM32C071C8U6, STM32C071C8U6N, STM32C071CBT6, STM32C071CBT6N, STM32C071CBU6, STM32C071CBU6N, STM32C071F8P6, STM32C071F8P6N, STM32C071FBP6, STM32C071FBP6N, STM32C071FBY6TR, STM32C071G8U6, STM32C071G8U6N, STM32C071GBU6, STM32C071GBU6N, STM32C071K8T6, STM32C071K8T6N, STM32C071K8U6, STM32C071K8U6N, STM32C071KBT6, STM32C071KBT6N, STM32C071KBU6, STM32C071KBU6N, STM32C071R8T6, STM32C071R8T6N, STM32C071RBI6N, STM32C071RBT6, STM32C071RBT6N, STM32C091CBT6, STM32C091CBU6, STM32C091CCT6, STM32C091CCU6, STM32C091ECY6TR, STM32C091FBP6, STM32C091FCP6, STM32C091GBU6, STM32C091GCU6, STM32C091KBT6, STM32C091KBU6, STM32C091KCT6, STM32C091KCU6, STM32C091RBT6, STM32C091RCI6, STM32C091RCT6, STM32C092CBT6, STM32C092CBU6, STM32C092CCT6, STM32C092CCU6, STM32C092ECY6TR, STM32C092FBP6, STM32C092FCP6, STM32C092GBU6, STM32C092GCU6, STM32C092KBT6, STM32C092KBU6, STM32C092KCT6, STM32C092KCU6, STM32C092RBT6, STM32C092RCI6, STM32C092RCT6, STM32G071K8TXN, STM32G071K8UXN, STM32G081GBU6N, STM32G081KBT6N, STM32G081KBUXN, STM32G0B1CCT6N, STM32G0B1KCT6, STM32G0B1NEY6TR, STM32G0B1RCT6N, STM32G0C1CCT6, STM32G0C1CCT6N, STM32G0C1CCU6N, STM32G0C1CET6N, STM32G0C1CEU6N, STM32G0C1KCT6, STM32G0C1NEY6TR, STM32G0C1RCI6N, STM32G0C1RCT6N, STM32G0C1REI6N, STM32G0C1RET6N, STM32G0C1VCI6, STM32G0C1VEI6, STM32G411C6T3, STM32G411C6T6, STM32G411C6U3, STM32G411C6U6, STM32G411C8T3, STM32G411C8T6, STM32G411C8U3, STM32G411C8U6, STM32G411CBT3, STM32G411CBT6, STM32G411CBU3, STM32G411CBU6, STM32G411K6T3, STM32G411K6T6, STM32G411K6U3, STM32G411K6U6, STM32G411K8T3, STM32G411K8T6, STM32G411K8U3, STM32G411K8U6, STM32G411KBT3, STM32G411KBT6, STM32G411KBU3, STM32G411KBU6, STM32G411M6T3, STM32G411M6T6, STM32G411M8T3, STM32G411M8T6, STM32G411MBT3, STM32G411MBT6, STM32G411R6T3, STM32G411R6T6, STM32G411R8T3, STM32G411R8T6, STM32G411RBT3, STM32G411RBT6, STM32G414CBT3, STM32G414CBT6, STM32G414CBU3, STM32G414CBU6, STM32G414CCT3, STM32G414CCT6, STM32G414CCU3, STM32G414CCU6, STM32G414MBT3, STM32G414MBT6, STM32G414MCT3, STM32G414MCT6, STM32G414RBT3, STM32G414RBT6, STM32G414RCT3, STM32G414RCT6, STM32G414VBT3, STM32G414VBT6, STM32G414VCT3, STM32G414VCT6, STM32G431CBT3Z, STM32G431RBT3Z, STM32G471CCT6, STM32G471CCU6, STM32G471CET3, STM32G471CET6, STM32G471CEU3, STM32G471CEU6, STM32G471MCT6, STM32G471MET3, STM32G471MET6, STM32G471MEY6TR, STM32G471QCT6, STM32G471QET3, STM32G471RCT6, STM32G471RET3, STM32G471RET6, STM32G471VCH6, STM32G471VCI6, STM32G471VCT6, STM32G471VEH3, STM32G471VEH6, STM32G471VEI3, STM32G471VEI6, STM32G471VET3, STM32G471VET6, STM32G473QET3Z, STM32G473RET3Z, STM32G474CCT6, STM32G491RET3Z, STM32H503CBT6, STM32H503CBU6, STM32H503EBY6TR, STM32H503KBU6, STM32H503RBT6, STM32H523CCT6, STM32H523CCU6, STM32H523CET6, STM32H523CEU6, STM32H523HEY6TR, STM32H523RCT6, STM32H523RET6, STM32H523VCI6, STM32H523VCT6, STM32H523VEI6, STM32H523VET6, STM32H523ZCJ6, STM32H523ZCT6, STM32H523ZEJ6, STM32H523ZET6, STM32H533CET6, STM32H533CEU6, STM32H533HEY6TR, STM32H533RET6, STM32H533VEI6, STM32H533VET6, STM32H533ZEJ6, STM32H533ZET6, STM32H562AGI6, STM32H562AII6, STM32H562IGK6, STM32H562IGT6, STM32H562IIK6, STM32H562IIT6, STM32H562RGT6, STM32H562RGV6, STM32H562RIT6, STM32H562RIV6, STM32H562VGT6, STM32H562VIT6, STM32H562ZGT6, STM32H562ZIT6, STM32H563AGI6, STM32H563AII3Q, STM32H563AII6, STM32H563IGK6, STM32H563IGT6, STM32H563IIK3Q, STM32H563IIK6, STM32H563IIT3Q, STM32H563IIT6, STM32H563MIY3QTR, STM32H563RGT6, STM32H563RGV6, STM32H563RIT6, STM32H563RIV6, STM32H563VGT6, STM32H563VIT3Q, STM32H563VIT6, STM32H563ZGT6, STM32H563ZIT3Q, STM32H563ZIT6, STM32H573AII3Q, STM32H573AII6, STM32H573I-DK, STM32H573IIK3Q, STM32H573IIK6, STM32H573IIT3Q, STM32H573IIT6, STM32H573MIY3QTR, STM32H573RIT6, STM32H573RIV6, STM32H573VIT3Q, STM32H573VIT6, STM32H573ZIT3Q, STM32H573ZIT6, STM32H7R3A8I6, STM32H7R3I8K6, STM32H7R3I8T6, STM32H7R3L8H6, STM32H7R3L8H6H, STM32H7R3R8V6, STM32H7R3V8H6, STM32H7R3V8T6, STM32H7R3V8Y6TR, STM32H7R3Z8J6, STM32H7R3Z8T6, STM32H7R7A8I6, STM32H7R7I8K6, STM32H7R7I8T6, STM32H7R7L8H6, STM32H7R7L8H6H, STM32H7R7Z8J6, STM32H7S3A8I6, STM32H7S3I8K6, STM32H7S3I8T6, STM32H7S3L8H6, STM32H7S3L8H6H, STM32H7S3R8V6, STM32H7S3V8H6, STM32H7S3V8T6, STM32H7S3V8Y6TR, STM32H7S3Z8J6, STM32H7S3Z8T6, STM32H7S78-DK, STM32H7S7A8I6, STM32H7S7I8K6, STM32H7S7I8T6, STM32H7S7L8H6, STM32H7S7L8H6H, STM32H7S7Z8J6, STM32L4R5QGI6STR, STM32MP131AAE3, STM32MP131AAF3, STM32MP131AAG3, STM32MP131CAE3, STM32MP131CAF3, STM32MP131CAG3, STM32MP131DAE7, STM32MP131DAF7, STM32MP131DAG7, STM32MP131FAE7, STM32MP131FAF7, STM32MP131FAG7, STM32MP133AAE3, STM32MP133AAF3, STM32MP133AAG3, STM32MP133CAE3, STM32MP133CAF3, STM32MP133CAG3, STM32MP133DAE7, STM32MP133DAF7, STM32MP133DAG7, STM32MP133FAE7, STM32MP133FAF7, STM32MP133FAG7, STM32MP135AAE3, STM32MP135AAF3, STM32MP135AAG3, STM32MP135CAE3, STM32MP135CAF3, STM32MP135CAG3, STM32MP135DAE7, STM32MP135DAF7, STM32MP135DAG7, STM32MP135F-DK, STM32MP135FAE7, STM32MP135FAF7, STM32MP135FAF7T, STM32MP135FAF7U, STM32MP135FAG7, STM32MP211AAL3, STM32MP211AAM3, STM32MP211AAN3, STM32MP211AAO3, STM32MP211CAL3, STM32MP211CAM3, STM32MP211CAN3, STM32MP211CAO3, STM32MP211DAL3, STM32MP211DAM3, STM32MP211DAN3, STM32MP211DAO3, STM32MP211FAL3, STM32MP211FAM3, STM32MP211FAN3, STM32MP211FAO3, STM32MP213AAL3, STM32MP213AAM3, STM32MP213AAN3, STM32MP213AAO3, STM32MP213CAL3, STM32MP213CAM3, STM32MP213CAN3, STM32MP213CAO3, STM32MP213DAL3, STM32MP213DAM3, STM32MP213DAN3, STM32MP213DAO3, STM32MP213FAL3, STM32MP213FAM3, STM32MP213FAN3, STM32MP213FAO3, STM32MP215AAL3, STM32MP215AAM3, STM32MP215AAN3, STM32MP215AAO3, STM32MP215CAL3, STM32MP215CAM3, STM32MP215CAN3, STM32MP215CAO3, STM32MP215DAL3, STM32MP215DAM3, STM32MP215DAN3, STM32MP215DAO3, STM32MP215F-DK, STM32MP215FAL3, STM32MP215FAM3, STM32MP215FAN3, STM32MP215FAO3, STM32MP231AAJ3, STM32MP231AAK3, STM32MP231AAL3, STM32MP231CAJ3, STM32MP231CAK3, STM32MP231CAL3, STM32MP231DAJ3, STM32MP231DAK3, STM32MP231DAL3, STM32MP231FAJ3, STM32MP231FAK3, STM32MP231FAL3, STM32MP233AAJ3, STM32MP233AAK3, STM32MP233AAL3, STM32MP233CAJ3, STM32MP233CAK3, STM32MP233CAL3, STM32MP233DAJ3, STM32MP233DAK3, STM32MP233DAL3, STM32MP233FAJ3, STM32MP233FAK3, STM32MP233FAL3, STM32MP235AAJ3, STM32MP235AAK3, STM32MP235AAL3, STM32MP235CAJ3, STM32MP235CAK3, STM32MP235CAL3, STM32MP235DAJ3, STM32MP235DAK3, STM32MP235DAL3, STM32MP235FAJ3, STM32MP235FAK3, STM32MP235FAL3, STM32MP251AAI3, STM32MP251AAK3, STM32MP251AAL3, STM32MP251CAI3, STM32MP251CAK3, STM32MP251CAL3, STM32MP251DAI3, STM32MP251DAK3, STM32MP251DAL3, STM32MP251FAI3, STM32MP251FAK3, STM32MP251FAL3, STM32MP253AAI3, STM32MP253AAK3, STM32MP253AAL3, STM32MP253CAI3, STM32MP253CAK3, STM32MP253CAL3, STM32MP253DAI3, STM32MP253DAK3, STM32MP253DAL3, STM32MP253FAI3, STM32MP253FAK3, STM32MP253FAL3, STM32MP255AAI3, STM32MP255AAK3, STM32MP255AAL3, STM32MP255CAI3, STM32MP255CAK3, STM32MP255CAL3, STM32MP255DAI3, STM32MP255DAK3, STM32MP255DAL3, STM32MP255FAI3, STM32MP255FAK3, STM32MP255FAL3, STM32MP257AAI3, STM32MP257AAK3, STM32MP257AAL3, STM32MP257CAI3, STM32MP257CAK3, STM32MP257CAL3, STM32MP257DAI3, STM32MP257DAK3, STM32MP257DAL3, STM32MP257F-DK, STM32MP257F-EV1, STM32MP257FAI3, STM32MP257FAK3, STM32MP257FAL3, STM32N645A0H3Q, STM32N645B0H3Q, STM32N645I0H3Q, STM32N645L0H3Q, STM32N645X0H3Q, STM32N645Z0H3Q, STM32N647A0H3Q, STM32N647B0H3Q, STM32N647I0H3Q, STM32N647L0H3Q, STM32N647X0H3Q, STM32N647Z0H3Q, STM32N655A0H3Q, STM32N655B0H3Q, STM32N655I0H3Q, STM32N655L0H3Q, STM32N655X0H3Q, STM32N655Z0H3Q, STM32N6570-DK, STM32N657A0H3Q, STM32N657B0H3Q, STM32N657I0H3Q, STM32N657L0H3Q, STM32N657X0H3Q, STM32N657Z0H3Q, STM32U031C6T6, STM32U031C6U6, STM32U031C8T6, STM32U031C8U6, STM32U031F4P6, STM32U031F6P6, STM32U031F8P6, STM32U031G6Y6TR, STM32U031G8Y6TR, STM32U031K4U6, STM32U031K6U6, STM32U031K8U6, STM32U031R6I6, STM32U031R6T6, STM32U031R8I6, STM32U031R8T6, STM32U073C8T6, STM32U073C8U6, STM32U073CBT6, STM32U073CBU6, STM32U073CCT6, STM32U073CCU6, STM32U073H8Y6TR, STM32U073HBY6TR, STM32U073HCY6TR, STM32U073K8U6, STM32U073KBU6, STM32U073KCU6, STM32U073M8I6, STM32U073M8T6, STM32U073MBI6, STM32U073MBT6, STM32U073MCI6, STM32U073MCT6, STM32U073R8I6, STM32U073R8T6, STM32U073RBI6, STM32U073RBT6, STM32U073RCI6, STM32U073RCT6, STM32U083C-DK, STM32U083CCT6, STM32U083CCU6, STM32U083HCY6TR, STM32U083KCU6, STM32U083MCI6, STM32U083MCT6, STM32U083RCI6, STM32U083RCT6, STM32U375CET6, STM32U375CET6Q, STM32U375CEU6, STM32U375CEU6Q, STM32U375CEY6QTR, STM32U375CGT6, STM32U375CGT6Q, STM32U375CGU6, STM32U375CGU6Q, STM32U375CGY6QTR, STM32U375KEU6, STM32U375KGU6, STM32U375REI6, STM32U375REI6Q, STM32U375RET6, STM32U375RET6Q, STM32U375REY6GTR, STM32U375REY6QTR, STM32U375RGI6, STM32U375RGI6Q, STM32U375RGT6, STM32U375RGT6Q, STM32U375RGY6GTR, STM32U375RGY6QTR, STM32U375VEI6, STM32U375VEI6Q, STM32U375VET6, STM32U375VET6Q, STM32U375VGI6, STM32U375VGI6Q, STM32U375VGT6, STM32U375VGT6Q, STM32U385CGT6, STM32U385CGT6Q, STM32U385CGU6, STM32U385CGU6Q, STM32U385CGY6QTR, STM32U385KGU6, STM32U385RGI6, STM32U385RGI6Q, STM32U385RGT6, STM32U385RGT6Q, STM32U385RGY6GTR, STM32U385RGY6QTR, STM32U385VGI6, STM32U385VGI6Q, STM32U385VGT6, STM32U385VGT6Q, STM32U535CBT6, STM32U535CBT6Q, STM32U535CBU6, STM32U535CBU6Q, STM32U535CCT6, STM32U535CCT6Q, STM32U535CCU6, STM32U535CCU6Q, STM32U535CET6, STM32U535CET6Q, STM32U535CEU6, STM32U535CEU6Q, STM32U535JEY6QTR, STM32U535NCY6QTR, STM32U535NEY6QTR, STM32U535RBI6, STM32U535RBI6Q, STM32U535RBT6, STM32U535RBT6Q, STM32U535RCI6, STM32U535RCI6Q, STM32U535RCT6, STM32U535RCT6Q, STM32U535REI6, STM32U535REI6Q, STM32U535RET6, STM32U535RET6Q, STM32U535VCI6, STM32U535VCI6Q, STM32U535VCT6, STM32U535VCT6Q, STM32U535VEI6, STM32U535VEI6Q, STM32U535VET6, STM32U535VET6Q, STM32U545CET6, STM32U545CET6Q, STM32U545CEU6, STM32U545CEU6Q, STM32U545JEY6QTR, STM32U545NEY6QTR, STM32U545REI6, STM32U545REI6Q, STM32U545RET6, STM32U545RET6Q, STM32U545VEI6, STM32U545VEI6Q, STM32U545VET6, STM32U545VET6Q, STM32U595AIH6, STM32U595AIH6Q, STM32U595AJH6, STM32U595AJH6Q, STM32U595QII6, STM32U595QII6Q, STM32U595QJI6, STM32U595QJI6Q, STM32U595RIT6, STM32U595RIT6Q, STM32U595RJT6, STM32U595RJT6Q, STM32U595VIT6, STM32U595VIT6Q, STM32U595VJT6, STM32U595VJT6Q, STM32U595ZIT6, STM32U595ZIT6Q, STM32U595ZIY6QTR, STM32U595ZJT6, STM32U595ZJT6Q, STM32U595ZJY6QTR, STM32U599BJY6QTR, STM32U599NIH6Q, STM32U599NJH6Q, STM32U599VIT6Q, STM32U599VJT6, STM32U599VJT6Q, STM32U599ZIT6Q, STM32U599ZIY6QTR, STM32U599ZJT6Q, STM32U599ZJY6QTR, STM32U5A5AJH6, STM32U5A5AJH6Q, STM32U5A5QII3Q , STM32U5A5QJI6, STM32U5A5QJI6Q, STM32U5A5RJT6, STM32U5A5RJT6Q, STM32U5A5VJT6, STM32U5A5VJT6Q, STM32U5A5ZJT6, STM32U5A5ZJT6Q, STM32U5A5ZJY6QTR, STM32U5A9BJY6QTR, STM32U5A9J-DK, STM32U5A9NJH6Q, STM32U5A9VJT6Q, STM32U5A9ZJT6Q, STM32U5A9ZJY6QTR, STM32U5F7VIT6, STM32U5F7VIT6Q, STM32U5F7VJT6, STM32U5F7VJT6Q, STM32U5F9BJY6QTR, STM32U5F9NJH6Q, STM32U5F9VIT6Q, STM32U5F9VJT6Q, STM32U5F9ZIJ6QTR, STM32U5F9ZIT6Q, STM32U5F9ZJJ6QTR, STM32U5F9ZJT6Q, STM32U5G7VJT6, STM32U5G7VJT6Q, STM32U5G9BJY6QTR, STM32U5G9J-DK1, STM32U5G9J-DK2, STM32U5G9NJH6Q, STM32U5G9VJT6Q, STM32U5G9ZJJ6QTR, STM32U5G9ZJT6Q, STM32WB05KZV6TR, STM32WB05KZV7TR, STM32WB05TZF6TR, STM32WB05TZF7TR, STM32WB06CCF6TR, STM32WB06CCF7TR, STM32WB06CCV6TR, STM32WB06CCV7TR, STM32WB06KCV6TR, STM32WB06KCV7TR, STM32WB07CCF6TR, STM32WB07CCF7TR, STM32WB07CCV6TR, STM32WB07CCV7TR, STM32WB07KCV6TR, STM32WB07KCV7TR, STM32WB09KEV6TR, STM32WB09KEV7TR, STM32WB09TEF6TR, STM32WB09TEF7TR, STM32WB1MMCH6, STM32WBA50KGU6, STM32WBA50KGU6TR, STM32WBA52CEU6, STM32WBA52CEU6TR, STM32WBA52CEU7, STM32WBA52CEU7TR, STM32WBA52CGU6, STM32WBA52CGU6TR, STM32WBA52CGU6U, STM32WBA52CGU7, STM32WBA52CGU7TR, STM32WBA52KEU6, STM32WBA52KEU6TR, STM32WBA52KGU6, STM32WBA52KGU6TR, STM32WBA54CEU6, STM32WBA54CEU6TR, STM32WBA54CEU7, STM32WBA54CEU7TR, STM32WBA54CGU6, STM32WBA54CGU6TR, STM32WBA54CGU7, STM32WBA54CGU7TR, STM32WBA54KEU6, STM32WBA54KEU6TR, STM32WBA54KEU7, STM32WBA54KEU7TR, STM32WBA54KGU6, STM32WBA54KGU6TR, STM32WBA54KGU7, STM32WBA54KGU7TR, STM32WBA55CEU6, STM32WBA55CEU6TR, STM32WBA55CEU7, STM32WBA55CEU7TR, STM32WBA55CGU6, STM32WBA55CGU6TR, STM32WBA55CGU6U, STM32WBA55CGU7, STM32WBA55CGU7TR, STM32WBA55G-DK1, STM32WBA55HEF6, STM32WBA55HEF7, STM32WBA55HGF6, STM32WBA55HGF7, STM32WBA55UEI6, STM32WBA55UEI6TR, STM32WBA55UEI7, STM32WBA55UEI7TR, STM32WBA55UGI6, STM32WBA55UGI6TR, STM32WBA55UGI7, STM32WBA55UGI7TR, STM32WBA5MMGH6TR, STM32WBA62MGF6, STM32WBA62MIF6, STM32WBA65MGF7, STM32WBA65MIF6, STM32WBA65MIF7, STM32WL30K8V6, STM32WL30KBV6, STM32WL31C8V6, STM32WL31CBV6, STM32WL31K8V6, STM32WL31KBV6, STM32WL33C8V6, STM32WL33C8V6X, STM32WL33CBV6, STM32WL33CBV6X, STM32WL33CCV6, STM32WL33CCV6A, STM32WL33CCV6X, STM32WL33K8V7, STM32WL33K8V7X, STM32WL33KBV7 , STM32WL33KBV7X, STM32WL33KCV7, STM32WL33KCV7X, STM32WL5MOCH6, STM32WL5MOCH6TR]
2026-04-21 18:21:28,812 [INFO] DbMcus:218 - Found 4922 MCUs, 4922 are supported
2026-04-21 18:21:28,814 [INFO] ApiDb:423 - Load user favorites file /Users/ggpai/.stm32cubeide/favorites.mcus.txt: 0 item(s)
2026-04-21 18:21:28,814 [INFO] ApiDb:427 - User favorites MCUs=[]
2026-04-21 18:21:28,814 [INFO] DbMcus:224 - Set 0 / 0 favorites MCUs
2026-04-21 18:21:29,356 [INFO] BoardInfo:889 - No configuration file found for board P-NUCLEO-WB55
2026-04-21 18:21:29,365 [INFO] DbBoards:161 - Kit is not supported: P-NUCLEO-WB55
2026-04-21 18:21:29,370 [INFO] BoardInfo:889 - No configuration file found for board STEVAL-BFA001V1B
2026-04-21 18:21:29,370 [INFO] DbBoards:161 - Kit is not supported: STEVAL-BFA001V1B
2026-04-21 18:21:29,371 [INFO] BoardInfo:889 - No configuration file found for board STEVAL-BFA001V2B
2026-04-21 18:21:29,371 [INFO] DbBoards:161 - Kit is not supported: STEVAL-BFA001V2B
2026-04-21 18:21:29,490 [INFO] DbBoards:168 - Found 212 boards, 209 are supported
2026-04-21 18:21:29,490 [INFO] DbBoards:169 - Found 212 boards, 43 of them is supported for  Bsp
2026-04-21 18:21:29,500 [INFO] ApiDb:423 - Load user favorites file /Users/ggpai/.stm32cubeide/favorites.boards.txt: 1 item(s)
2026-04-21 18:21:29,502 [INFO] ApiDb:427 - User favorites Boards=[STM32F407G-DISC1]
2026-04-21 18:21:29,502 [INFO] DbBoards:198 - Set 1 / 1 favorites Boards
2026-04-21 18:21:29,665 [INFO] UtilMem:75 - End LoadConfig() Used Memory: 204927080 Bytes (361758720)
2026-04-21 18:21:29,864 [WARN] ThirdParty:833 - waiting for thirdparty lock release [change project]
2026-04-21 18:21:29,874 [INFO] ThirdParty:835 - entering critical section [change project]
2026-04-21 18:21:29,875 [INFO] ThirdParty:1030 - CMSIS Pack Vendor :STMicroelectronics USBPD 4.1
2026-04-21 18:21:29,875 [INFO] ThirdParty:1030 - CMSIS Pack Vendor :STMicroelectronics ThreadX 1.0.0
2026-04-21 18:21:29,875 [INFO] ThirdParty:1030 - CMSIS Pack Vendor :STMicroelectronics USB_HOST 2.0.0
2026-04-21 18:21:29,875 [INFO] ThirdParty:1030 - CMSIS Pack Vendor :STMicroelectronics LIBJPEG 8.0.0
2026-04-21 18:21:29,875 [INFO] ThirdParty:1030 - CMSIS Pack Vendor :STMicroelectronics FreeRTOS 0.0.1
2026-04-21 18:21:29,875 [INFO] ThirdParty:1030 - CMSIS Pack Vendor :STMicroelectronics USB_DEVICE 1.0.0
2026-04-21 18:21:29,875 [INFO] ThirdParty:1030 - CMSIS Pack Vendor :STMicroelectronics STM32_WPAN 1.0.0
2026-04-21 18:21:29,875 [INFO] ThirdParty:1030 - CMSIS Pack Vendor :STMicroelectronics USB_DEVICE 3.0.0
2026-04-21 18:21:29,875 [INFO] ThirdParty:1030 - CMSIS Pack Vendor :STMicroelectronics HAL Drivers 0.0.0
2026-04-21 18:21:29,875 [INFO] ThirdParty:1030 - CMSIS Pack Vendor :STMicroelectronics MBEDTLS 2.16.2
2026-04-21 18:21:29,875 [INFO] ThirdParty:1030 - CMSIS Pack Vendor :STMicroelectronics ThreadX 0.0.2
2026-04-21 18:21:29,875 [INFO] ThirdParty:1030 - CMSIS Pack Vendor :STMicroelectronics lwIP 2.0.3
2026-04-21 18:21:29,875 [INFO] ThirdParty:1030 - CMSIS Pack Vendor :STMicroelectronics lwIP 2.1.2
2026-04-21 18:21:29,875 [INFO] ThirdParty:1030 - CMSIS Pack Vendor :STMicroelectronics MBEDTLS 2.14.1
2026-04-21 18:21:29,875 [INFO] ThirdParty:1030 - CMSIS Pack Vendor :STMicroelectronics USB_HOST 1.0.0
2026-04-21 18:21:29,875 [INFO] ThirdParty:1030 - CMSIS Pack Vendor :STMicroelectronics PDM2PCM 3.1.0
2026-04-21 18:21:29,875 [INFO] ThirdParty:1030 - CMSIS Pack Vendor :STMicroelectronics USB_DEVICE 2.0.0
2026-04-21 18:21:29,875 [INFO] ThirdParty:1030 - CMSIS Pack Vendor :STMicroelectronics PDM2PCM 3.2.0
2026-04-21 18:21:29,875 [INFO] ThirdParty:1030 - CMSIS Pack Vendor :STMicroelectronics PDM2PCM 3.3.0
2026-04-21 18:21:29,879 [INFO] ThirdParty:841 - exiting critical section [change project]
2026-04-21 18:21:30,725 [INFO] PinOutPanel:1589 - setPackage(No Configuration,No Configuration)
2026-04-21 18:21:30,732 [INFO] PinOutPanel:1589 - setPackage(STM32F446RETx,LQFP64)
2026-04-21 18:21:31,890 [INFO] UtilMem:75 - Before build in PCC Used Memory: 243882952 Bytes (363855872)
2026-04-21 18:21:33,452 [INFO] UtilMem:75 - After build in PCC Used Memory: 274145952 Bytes (369098752)
2026-04-21 18:21:33,536 [INFO] IPUIPlugin:80 - create IPUIPlugin
2026-04-21 18:21:33,539 [INFO] IPUIPlugin:80 - create IPUIPlugin
2026-04-21 18:21:33,539 [INFO] IPUIPlugin:80 - create IPUIPlugin
2026-04-21 18:21:33,540 [INFO] IPUIPlugin:80 - create IPUIPlugin
2026-04-21 18:21:33,541 [INFO] IPUIPlugin:80 - create IPUIPlugin
2026-04-21 18:21:33,541 [INFO] IPUIPlugin:80 - create IPUIPlugin
2026-04-21 18:21:33,541 [INFO] IPUIPlugin:80 - create IPUIPlugin
2026-04-21 18:21:33,542 [INFO] IPUIPlugin:80 - create IPUIPlugin
2026-04-21 18:21:33,542 [INFO] IPUIPlugin:80 - create IPUIPlugin
2026-04-21 18:21:33,543 [INFO] IPUIPlugin:80 - create IPUIPlugin
2026-04-21 18:21:33,543 [INFO] IPUIPlugin:80 - create IPUIPlugin
2026-04-21 18:21:33,543 [INFO] IPUIPlugin:80 - create IPUIPlugin
2026-04-21 18:21:33,543 [INFO] IPUIPlugin:80 - create IPUIPlugin
2026-04-21 18:21:33,543 [INFO] IPUIPlugin:80 - create IPUIPlugin
2026-04-21 18:21:33,543 [INFO] IPUIPlugin:80 - create IPUIPlugin
2026-04-21 18:21:33,544 [INFO] IPUIPlugin:80 - create IPUIPlugin
2026-04-21 18:21:33,544 [INFO] IPUIPlugin:80 - create IPUIPlugin
2026-04-21 18:21:33,546 [INFO] IPUIPlugin:80 - create IPUIPlugin
2026-04-21 18:21:33,547 [INFO] IPUIPlugin:80 - create IPUIPlugin
2026-04-21 18:21:33,547 [INFO] IPUIPlugin:80 - create IPUIPlugin
2026-04-21 18:21:33,547 [INFO] IPUIPlugin:80 - create IPUIPlugin
2026-04-21 18:21:33,548 [INFO] IPUIPlugin:80 - create IPUIPlugin
2026-04-21 18:21:33,548 [INFO] IPUIPlugin:80 - create IPUIPlugin
2026-04-21 18:21:33,548 [INFO] IPUIPlugin:80 - create IPUIPlugin
2026-04-21 18:21:33,548 [INFO] IPUIPlugin:80 - create IPUIPlugin
2026-04-21 18:21:33,548 [INFO] IPUIPlugin:80 - create IPUIPlugin
2026-04-21 18:21:33,548 [INFO] IPUIPlugin:80 - create IPUIPlugin
2026-04-21 18:21:33,548 [INFO] IPUIPlugin:80 - create IPUIPlugin
2026-04-21 18:21:33,548 [INFO] IPUIPlugin:80 - create IPUIPlugin
2026-04-21 18:21:33,548 [INFO] IPUIPlugin:80 - create IPUIPlugin
2026-04-21 18:21:33,549 [INFO] IPUIPlugin:80 - create IPUIPlugin
2026-04-21 18:21:33,549 [INFO] IPUIPlugin:80 - create IPUIPlugin
2026-04-21 18:21:33,549 [INFO] IPUIPlugin:80 - create IPUIPlugin
2026-04-21 18:21:33,549 [INFO] IPUIPlugin:80 - create IPUIPlugin
2026-04-21 18:21:33,549 [INFO] IPUIPlugin:80 - create IPUIPlugin
2026-04-21 18:21:33,549 [INFO] IPUIPlugin:80 - create IPUIPlugin
2026-04-21 18:21:33,550 [INFO] IPUIPlugin:80 - create IPUIPlugin
2026-04-21 18:21:33,550 [INFO] IPUIPlugin:80 - create IPUIPlugin
2026-04-21 18:21:33,550 [INFO] IPUIPlugin:80 - create IPUIPlugin
2026-04-21 18:21:33,550 [INFO] IPUIPlugin:80 - create IPUIPlugin
2026-04-21 18:21:33,550 [INFO] IPUIPlugin:80 - create IPUIPlugin
2026-04-21 18:21:33,551 [INFO] IPUIPlugin:80 - create IPUIPlugin
2026-04-21 18:21:33,551 [INFO] IPUIPlugin:80 - create IPUIPlugin
2026-04-21 18:21:33,551 [INFO] IPUIPlugin:80 - create IPUIPlugin
2026-04-21 18:21:33,551 [INFO] IPUIPlugin:80 - create IPUIPlugin
2026-04-21 18:21:33,551 [INFO] IPUIPlugin:80 - create IPUIPlugin
2026-04-21 18:21:33,551 [INFO] IPUIPlugin:80 - create IPUIPlugin
2026-04-21 18:21:33,551 [INFO] IPUIPlugin:80 - create IPUIPlugin
2026-04-21 18:21:33,551 [INFO] IPUIPlugin:80 - create IPUIPlugin
2026-04-21 18:21:33,552 [INFO] IPUIPlugin:80 - create IPUIPlugin
2026-04-21 18:21:33,552 [INFO] IPUIPlugin:80 - create IPUIPlugin
2026-04-21 18:21:33,553 [INFO] IPUIPlugin:80 - create IPUIPlugin
2026-04-21 18:21:33,553 [INFO] IPUIPlugin:80 - create IPUIPlugin
2026-04-21 18:21:33,554 [INFO] IPUIPlugin:80 - create IPUIPlugin
2026-04-21 18:21:33,554 [INFO] IPUIPlugin:80 - create IPUIPlugin
2026-04-21 18:21:33,555 [INFO] IPUIPlugin:80 - create IPUIPlugin
2026-04-21 18:21:33,555 [INFO] IPUIPlugin:80 - create IPUIPlugin
2026-04-21 18:21:33,555 [INFO] IPUIPlugin:80 - create IPUIPlugin
2026-04-21 18:21:33,555 [INFO] IPUIPlugin:80 - create IPUIPlugin
2026-04-21 18:21:33,556 [INFO] IPUIPlugin:80 - create IPUIPlugin
2026-04-21 18:21:33,596 [INFO] ApiDbMcu:532 - Load IP Config File for PDM2PCM
2026-04-21 18:21:34,477 [INFO] CADModel:165 - CPN selected for project levelSTM32F446RET6
2026-04-21 18:21:34,483 [INFO] CADModel:114 - Register for checkConnection events
2026-04-21 18:21:34,531 [INFO] OpenFileManager:386 - Restore cursor
2026-04-21 20:16:52,032 [ERROR] ConfigurationRetriever:142 - IOException on connection: PKIX path building failed: sun.security.provider.certpath.SunCertPathBuilderException: unable to find valid certification path to requested target
2026-04-21 20:16:52,150 [ERROR] ConfigurationRetriever:142 - IOException on connection: PKIX path building failed: sun.security.provider.certpath.SunCertPathBuilderException: unable to find valid certification path to requested target
2026-04-21 20:16:52,317 [ERROR] ConfigurationRetriever:142 - IOException on connection: PKIX path building failed: sun.security.provider.certpath.SunCertPathBuilderException: unable to find valid certification path to requested target
2026-04-21 20:26:19,096 [ERROR] ConfigurationRetriever:142 - IOException on connection: PKIX path building failed: sun.security.provider.certpath.SunCertPathBuilderException: unable to find valid certification path to requested target
2026-04-21 20:26:19,145 [ERROR] ConfigurationRetriever:142 - IOException on connection: PKIX path building failed: sun.security.provider.certpath.SunCertPathBuilderException: unable to find valid certification path to requested target
2026-04-21 20:26:19,180 [ERROR] ConfigurationRetriever:142 - IOException on connection: PKIX path building failed: sun.security.provider.certpath.SunCertPathBuilderException: unable to find valid certification path to requested target
2026-04-21 20:26:35,971 [ERROR] ConfigurationRetriever:142 - IOException on connection: PKIX path building failed: sun.security.provider.certpath.SunCertPathBuilderException: unable to find valid certification path to requested target
2026-04-21 20:26:36,077 [ERROR] ConfigurationRetriever:142 - IOException on connection: PKIX path building failed: sun.security.provider.certpath.SunCertPathBuilderException: unable to find valid certification path to requested target
2026-04-21 20:26:36,112 [ERROR] ConfigurationRetriever:142 - IOException on connection: PKIX path building failed: sun.security.provider.certpath.SunCertPathBuilderException: unable to find valid certification path to requested target
2026-04-21 20:31:25,102 [ERROR] ConfigurationRetriever:142 - IOException on connection: PKIX path building failed: sun.security.provider.certpath.SunCertPathBuilderException: unable to find valid certification path to requested target
2026-04-21 20:31:25,144 [ERROR] ConfigurationRetriever:142 - IOException on connection: PKIX path building failed: sun.security.provider.certpath.SunCertPathBuilderException: unable to find valid certification path to requested target
2026-04-21 20:31:25,184 [ERROR] ConfigurationRetriever:142 - IOException on connection: PKIX path building failed: sun.security.provider.certpath.SunCertPathBuilderException: unable to find valid certification path to requested target
2026-04-21 20:31:31,917 [ERROR] ConfigurationRetriever:142 - IOException on connection: PKIX path building failed: sun.security.provider.certpath.SunCertPathBuilderException: unable to find valid certification path to requested target
2026-04-21 20:31:32,303 [ERROR] ConfigurationRetriever:142 - IOException on connection: PKIX path building failed: sun.security.provider.certpath.SunCertPathBuilderException: unable to find valid certification path to requested target
2026-04-21 20:31:32,454 [ERROR] ConfigurationRetriever:142 - IOException on connection: PKIX path building failed: sun.security.provider.certpath.SunCertPathBuilderException: unable to find valid certification path to requested target
2026-04-21 20:41:37,168 [ERROR] ConfigurationRetriever:142 - IOException on connection: PKIX path building failed: sun.security.provider.certpath.SunCertPathBuilderException: unable to find valid certification path to requested target
2026-04-21 20:41:37,215 [ERROR] ConfigurationRetriever:142 - IOException on connection: PKIX path building failed: sun.security.provider.certpath.SunCertPathBuilderException: unable to find valid certification path to requested target
2026-04-21 20:41:37,258 [ERROR] ConfigurationRetriever:142 - IOException on connection: PKIX path building failed: sun.security.provider.certpath.SunCertPathBuilderException: unable to find valid certification path to requested target
2026-04-21 20:41:38,476 [INFO] LogOutputStream:77 - [STDOUT_REDIRECT] ***WARNING: Display must be created on main thread due to Cocoa restrictions. Use vmarg -XstartOnFirstThread
2026-04-21 20:41:38,599 [INFO] LogOutputStream:77 - [STDOUT_REDIRECT] ***WARNING: Display must be created on main thread due to Cocoa restrictions. Use vmarg -XstartOnFirstThread
2026-04-21 22:00:30,475 [INFO] Activator:176 - 


2026-04-21 22:00:30,476 [INFO] Activator:177 - !SESSION log4j initialized
2026-04-21 22:00:35,177 [INFO] LogOutputStream:77 - [STDOUT_REDIRECT] 
2026-04-21 22:00:35,542 [ERROR] LogOutputStream:75 - [STDERR_REDIRECT] 
2026-04-21 22:00:40,767 [INFO] LogOutputStream:77 - [STDOUT_REDIRECT] 
2026-04-21 22:00:42,006 [ERROR] ConfigurationRetriever:142 - IOException on connection: PKIX path building failed: sun.security.provider.certpath.SunCertPathBuilderException: unable to find valid certification path to requested target
2026-04-21 22:00:42,059 [ERROR] ConfigurationRetriever:142 - IOException on connection: PKIX path building failed: sun.security.provider.certpath.SunCertPathBuilderException: unable to find valid certification path to requested target
2026-04-21 22:00:42,111 [ERROR] ConfigurationRetriever:142 - IOException on connection: PKIX path building failed: sun.security.provider.certpath.SunCertPathBuilderException: unable to find valid certification path to requested target
2026-04-21 22:00:42,862 [INFO] ApplicationProperties:184 - Using Application install path: /Applications/STM32CubeIDE.app/Contents/Eclipse/plugins/com.st.stm32cube.common.mx_6.15.0.202507011659
2026-04-21 22:00:42,875 [INFO] DbMcusXml:78 - Set database path to: /Applications/STM32CubeIDE.app/Contents/Eclipse/plugins/com.st.stm32cube.common.mx_6.15.0.202507011659//db//mcu/
2026-04-21 22:00:42,875 [INFO] ApiDb:274 - Set plugin database path to: /Applications/STM32CubeIDE.app/Contents/Eclipse/plugins/com.st.stm32cube.common.mx_6.15.0.202507011659//db//plugins/boardmanager/
2026-04-21 22:00:42,875 [WARN] ApiDb:259 - Overriding images path with different value:  => /Applications/STM32CubeIDE.app/Contents/Eclipse/plugins/com.st.stm32cube.common.mx_6.15.0.202507011659//db//plugins/mcufinder/images/
2026-04-21 22:00:42,883 [INFO] ApiDb:250 - Set database path to: /Users/ggpai/.stmcufinder/plugins/mcufinder//mcu/
2026-04-21 22:00:42,883 [INFO] DbMcusAds:125 - Set database path to: /Users/ggpai/.stmcufinder/plugins/mcufinder//mcu/
2026-04-21 22:00:42,884 [INFO] CrossReferenceDbSqlite:203 - Set database path to: /Users/ggpai/.stmcufinder/plugins/mcufinder//mcu/cs/
2026-04-21 22:00:42,999 [INFO] RulesReader:64 - Compatibility file has been processed (317 Rules)
2026-04-21 22:00:43,045 [INFO] DbMcusXml:78 - Set database path to: /Applications/STM32CubeIDE.app/Contents/Eclipse/plugins/com.st.stm32cube.common.mx_6.15.0.202507011659//db//mcu/
2026-04-21 22:00:43,045 [INFO] ApiDb:274 - Set plugin database path to: /Applications/STM32CubeIDE.app/Contents/Eclipse/plugins/com.st.stm32cube.common.mx_6.15.0.202507011659//db//plugins/boardmanager/
2026-04-21 22:00:43,045 [INFO] ApiDb:261 - Set plugin images path to: /Applications/STM32CubeIDE.app/Contents/Eclipse/plugins/com.st.stm32cube.common.mx_6.15.0.202507011659//db//plugins/mcufinder/images/
2026-04-21 22:00:43,046 [WARN] DbFile:41 - Overriding database path with different value: /Users/ggpai/.stmcufinder/plugins/mcufinder/ => /Users/ggpai/.stmcufinder/plugins/mcufinder
2026-04-21 22:00:43,046 [INFO] ApiDb:250 - Set database path to: /Users/ggpai/.stmcufinder/plugins/mcufinder//mcu/
2026-04-21 22:00:43,046 [WARN] DbFile:41 - Overriding database path with different value: /Users/ggpai/.stmcufinder/plugins/mcufinder/ => /Users/ggpai/.stmcufinder/plugins/mcufinder
2026-04-21 22:00:43,046 [INFO] DbMcusAds:125 - Set database path to: /Users/ggpai/.stmcufinder/plugins/mcufinder//mcu/
2026-04-21 22:00:43,046 [WARN] DbFile:41 - Overriding database path with different value: /Users/ggpai/.stmcufinder/plugins/mcufinder/ => /Users/ggpai/.stmcufinder/plugins/mcufinder
2026-04-21 22:00:43,046 [WARN] DbFile:41 - Overriding database path with different value: /Users/ggpai/.stmcufinder/plugins/mcufinder/ => /Users/ggpai/.stmcufinder/plugins/mcufinder
2026-04-21 22:00:43,046 [INFO] CrossReferenceDbSqlite:203 - Set database path to: /Users/ggpai/.stmcufinder/plugins/mcufinder//mcu/cs/
2026-04-21 22:00:43,101 [INFO] MainPanel:274 - HeapMemory: 268435456
2026-04-21 22:00:43,562 [INFO] DbMcusXml:78 - Set database path to: /Applications/STM32CubeIDE.app/Contents/Eclipse/plugins/com.st.stm32cube.common.mx_6.15.0.202507011659//db//mcu/
2026-04-21 22:00:43,562 [INFO] ApiDb:274 - Set plugin database path to: /Applications/STM32CubeIDE.app/Contents/Eclipse/plugins/com.st.stm32cube.common.mx_6.15.0.202507011659//db//plugins/boardmanager/
2026-04-21 22:00:43,562 [INFO] ApiDb:261 - Set plugin images path to: /Applications/STM32CubeIDE.app/Contents/Eclipse/plugins/com.st.stm32cube.common.mx_6.15.0.202507011659//db//plugins/mcufinder/images/
2026-04-21 22:00:43,562 [WARN] DbFile:41 - Overriding database path with different value: /Users/ggpai/.stmcufinder/plugins/mcufinder/ => /Users/ggpai/.stmcufinder/plugins/mcufinder
2026-04-21 22:00:43,562 [INFO] ApiDb:250 - Set database path to: /Users/ggpai/.stmcufinder/plugins/mcufinder//mcu/
2026-04-21 22:00:43,562 [WARN] DbFile:41 - Overriding database path with different value: /Users/ggpai/.stmcufinder/plugins/mcufinder/ => /Users/ggpai/.stmcufinder/plugins/mcufinder
2026-04-21 22:00:43,562 [INFO] DbMcusAds:125 - Set database path to: /Users/ggpai/.stmcufinder/plugins/mcufinder//mcu/
2026-04-21 22:00:43,562 [WARN] DbFile:41 - Overriding database path with different value: /Users/ggpai/.stmcufinder/plugins/mcufinder/ => /Users/ggpai/.stmcufinder/plugins/mcufinder
2026-04-21 22:00:43,562 [WARN] DbFile:41 - Overriding database path with different value: /Users/ggpai/.stmcufinder/plugins/mcufinder/ => /Users/ggpai/.stmcufinder/plugins/mcufinder
2026-04-21 22:00:43,563 [INFO] CrossReferenceDbSqlite:203 - Set database path to: /Users/ggpai/.stmcufinder/plugins/mcufinder//mcu/cs/
2026-04-21 22:00:43,577 [INFO] ApplicationProperties:184 - Using Application install path: /Applications/STM32CubeIDE.app/Contents/Eclipse/plugins/com.st.stm32cube.common.mx_6.15.0.202507011659
2026-04-21 22:00:43,578 [INFO] PluginManage:196 - Search for loadable plugins [exclusion list=, ]
2026-04-21 22:00:43,580 [INFO] PluginManage:310 - Check plugin analytics
2026-04-21 22:00:43,734 [INFO] AnalyticsPlugin:253 - Accepted Software Licenses: STM32CubeMX.6.17.0
2026-04-21 22:00:43,735 [INFO] AnalyticsPlugin:255 - Accepted CMSIS Pack Licenses: 
2026-04-21 22:00:43,735 [INFO] AnalyticsPlugin:257 - Accepted Firmware Licenses: 
2026-04-21 22:00:43,740 [INFO] PluginManage:359 - Loaded plugin analytics (category:tool,tabindex:-1)
2026-04-21 22:00:43,741 [INFO] PluginManage:310 - Check plugin cadmodel
2026-04-21 22:00:43,753 [INFO] CADModel:105 - Init CAD model plugin
2026-04-21 22:00:43,753 [INFO] PluginManage:359 - Loaded plugin cadmodel (category:power,tabindex:5)
2026-04-21 22:00:43,753 [INFO] PluginManage:310 - Check plugin clock
2026-04-21 22:00:43,762 [INFO] PluginManage:359 - Loaded plugin clock (category:base,tabindex:2)
2026-04-21 22:00:43,762 [INFO] PluginManage:310 - Check plugin ddr
2026-04-21 22:00:43,765 [INFO] PluginManage:359 - Loaded plugin ddr (category:tool,tabindex:6)
2026-04-21 22:00:43,765 [INFO] PluginManage:310 - Check plugin filemanager
2026-04-21 22:00:43,795 [ERROR] ConfigurationRetriever:142 - IOException on connection: PKIX path building failed: sun.security.provider.certpath.SunCertPathBuilderException: unable to find valid certification path to requested target
2026-04-21 22:00:43,842 [ERROR] ConfigurationRetriever:142 - IOException on connection: PKIX path building failed: sun.security.provider.certpath.SunCertPathBuilderException: unable to find valid certification path to requested target
2026-04-21 22:00:43,887 [ERROR] ConfigurationRetriever:142 - IOException on connection: PKIX path building failed: sun.security.provider.certpath.SunCertPathBuilderException: unable to find valid certification path to requested target
2026-04-21 22:00:43,890 [INFO] PluginManage:359 - Loaded plugin filemanager (category:base,tabindex:10)
2026-04-21 22:00:43,890 [INFO] PluginManage:310 - Check plugin ipmanager
2026-04-21 22:00:43,897 [INFO] PluginManage:359 - Loaded plugin ipmanager (category:base,tabindex:5)
2026-04-21 22:00:43,897 [INFO] PluginManage:310 - Check plugin lpbam
2026-04-21 22:00:43,905 [INFO] PluginManage:359 - Loaded plugin lpbam (category:base,tabindex:0)
2026-04-21 22:00:43,905 [INFO] PluginManage:310 - Check plugin memorymap
2026-04-21 22:00:43,914 [INFO] PluginManage:359 - Loaded plugin memorymap (category:base,tabindex:4)
2026-04-21 22:00:43,914 [INFO] PluginManage:310 - Check plugin pinoutandconfiguration
2026-04-21 22:00:43,920 [INFO] PluginManage:359 - Loaded plugin pinoutandconfiguration (category:base,tabindex:1)
2026-04-21 22:00:43,920 [INFO] PluginManage:310 - Check plugin pinoutconfig
2026-04-21 22:00:43,989 [WARN] SupportedApi:132 - Cannot load RTOS API schema: s4s-elt-must-match.1: The content of 'definitions' must match (annotation?, (simpleType | complexType)?, (unique | key | keyref)*)). A problem was found starting at: attribute.
2026-04-21 22:00:44,102 [INFO] PluginManage:359 - Loaded plugin pinoutconfig (category:base,tabindex:0)
2026-04-21 22:00:44,102 [INFO] PluginManage:310 - Check plugin power
2026-04-21 22:00:44,113 [INFO] PluginManage:359 - Loaded plugin power (category:power,tabindex:4)
2026-04-21 22:00:44,113 [INFO] PluginManage:310 - Check plugin projectmanager
2026-04-21 22:00:44,135 [INFO] PluginManage:359 - Loaded plugin projectmanager (category:projectmanager,tabindex:4)
2026-04-21 22:00:44,136 [INFO] PluginManage:310 - Check plugin rif
2026-04-21 22:00:44,145 [INFO] PluginManage:359 - Loaded plugin rif (category:base,tabindex:3)
2026-04-21 22:00:44,145 [INFO] PluginManage:310 - Check plugin thirdparty
2026-04-21 22:00:44,311 [INFO] PluginManage:359 - Loaded plugin thirdparty (category:base,tabindex:-1)
2026-04-21 22:00:44,312 [INFO] PluginManage:310 - Check plugin tools
2026-04-21 22:00:44,315 [INFO] PluginManage:359 - Loaded plugin tools (category:base,tabindex:7)
2026-04-21 22:00:44,315 [INFO] PluginManage:310 - Check plugin tutovideos
2026-04-21 22:00:44,311 [WARN] IntegrityCheckThread:84 - waiting for thirdparty lock release [integrity check]
2026-04-21 22:00:44,315 [INFO] IntegrityCheckThread:86 - entering critical section [integrity check]
2026-04-21 22:00:44,315 [INFO] ThirdPartyUpdaterWithRetryManager:70 - Updater plugin not ready yet. [1/15]
2026-04-21 22:00:44,462 [INFO] PluginManage:359 - Loaded plugin tutovideos (category:base,tabindex:-1)
2026-04-21 22:00:44,463 [INFO] PluginManage:310 - Check plugin updater
2026-04-21 22:00:44,489 [INFO] PluginManage:359 - Loaded plugin updater (category:base,tabindex:12)
2026-04-21 22:00:44,489 [INFO] PluginManage:310 - Check plugin userauth
2026-04-21 22:00:44,492 [INFO] UserAuth:118 - Init User Auth plugin
2026-04-21 22:00:44,493 [INFO] PluginManage:359 - Loaded plugin userauth (category:base,tabindex:14)
2026-04-21 22:00:44,494 [INFO] PluginManage:283 - PluginManage : Loaded plugins [18]
2026-04-21 22:00:44,678 [INFO] PinOutPanel:1589 - setPackage(No Configuration,No Configuration)
2026-04-21 22:00:44,747 [INFO] CADModel:165 - CPN selected for project level
2026-04-21 22:00:44,747 [INFO] CADModel:114 - Register for checkConnection events
2026-04-21 22:00:44,755 [INFO] IPUIPlugin:80 - create IPUIPlugin
2026-04-21 22:00:44,755 [INFO] PluginManager:220 - loadIPPluginJar : add mdma
2026-04-21 22:00:44,759 [INFO] IPUIPlugin:80 - create IPUIPlugin
2026-04-21 22:00:44,759 [INFO] PluginManager:220 - loadIPPluginJar : add freertos
2026-04-21 22:00:44,761 [INFO] IPUIPlugin:80 - create IPUIPlugin
2026-04-21 22:00:44,762 [INFO] PluginManager:220 - loadIPPluginJar : add gic
2026-04-21 22:00:44,767 [INFO] IPUIPlugin:80 - create IPUIPlugin
2026-04-21 22:00:44,767 [INFO] PluginManager:220 - loadIPPluginJar : add adc
2026-04-21 22:00:44,768 [INFO] IPUIPlugin:80 - create IPUIPlugin
2026-04-21 22:00:44,768 [INFO] PluginManager:220 - loadIPPluginJar : add gtzc
2026-04-21 22:00:44,769 [INFO] IPUIPlugin:80 - create IPUIPlugin
2026-04-21 22:00:44,769 [INFO] PluginManager:220 - loadIPPluginJar : add quadspi
2026-04-21 22:00:44,770 [INFO] IPUIPlugin:80 - create IPUIPlugin
2026-04-21 22:00:44,770 [INFO] PluginManager:220 - loadIPPluginJar : add aes
2026-04-21 22:00:44,771 [INFO] IPUIPlugin:80 - create IPUIPlugin
2026-04-21 22:00:44,771 [INFO] PluginManager:220 - loadIPPluginJar : add pdm2pcm
2026-04-21 22:00:44,772 [INFO] IPUIPlugin:80 - create IPUIPlugin
2026-04-21 22:00:44,772 [INFO] PluginManager:220 - loadIPPluginJar : add hash
2026-04-21 22:00:44,773 [INFO] IPUIPlugin:80 - create IPUIPlugin
2026-04-21 22:00:44,773 [INFO] PluginManager:220 - loadIPPluginJar : add tim
2026-04-21 22:00:44,774 [INFO] IPUIPlugin:80 - create IPUIPlugin
2026-04-21 22:00:44,774 [INFO] PluginManager:220 - loadIPPluginJar : add tsc
2026-04-21 22:00:44,776 [INFO] IPUIPlugin:80 - create IPUIPlugin
2026-04-21 22:00:44,776 [INFO] PluginManager:220 - loadIPPluginJar : add extmemmanager
2026-04-21 22:00:44,777 [INFO] IPUIPlugin:80 - create IPUIPlugin
2026-04-21 22:00:44,777 [INFO] PluginManager:220 - loadIPPluginJar : add ts
2026-04-21 22:00:44,777 [INFO] IPUIPlugin:80 - create IPUIPlugin
2026-04-21 22:00:44,777 [INFO] PluginManager:220 - loadIPPluginJar : add radio
2026-04-21 22:00:44,778 [INFO] IPUIPlugin:80 - create IPUIPlugin
2026-04-21 22:00:44,778 [INFO] PluginManager:220 - loadIPPluginJar : add can
2026-04-21 22:00:44,779 [INFO] IPUIPlugin:80 - create IPUIPlugin
2026-04-21 22:00:44,779 [INFO] PluginManager:220 - loadIPPluginJar : add dma3
2026-04-21 22:00:44,781 [INFO] IPUIPlugin:80 - create IPUIPlugin
2026-04-21 22:00:44,781 [INFO] PluginManager:220 - loadIPPluginJar : add dfsdm
2026-04-21 22:00:44,782 [INFO] IPUIPlugin:80 - create IPUIPlugin
2026-04-21 22:00:44,782 [INFO] PluginManager:220 - loadIPPluginJar : add spi
2026-04-21 22:00:44,783 [INFO] IPUIPlugin:80 - create IPUIPlugin
2026-04-21 22:00:44,784 [INFO] PluginManager:220 - loadIPPluginJar : add gfxmmu
2026-04-21 22:00:44,784 [INFO] IPUIPlugin:80 - create IPUIPlugin
2026-04-21 22:00:44,784 [INFO] PluginManager:220 - loadIPPluginJar : add genericplugin
2026-04-21 22:00:44,785 [INFO] IPUIPlugin:80 - create IPUIPlugin
2026-04-21 22:00:44,785 [INFO] PluginManager:220 - loadIPPluginJar : add cryp
2026-04-21 22:00:44,787 [INFO] IPUIPlugin:80 - create IPUIPlugin
2026-04-21 22:00:44,788 [INFO] PluginManager:220 - loadIPPluginJar : add gpio
2026-04-21 22:00:44,789 [INFO] IPUIPlugin:80 - create IPUIPlugin
2026-04-21 22:00:44,790 [INFO] PluginManager:220 - loadIPPluginJar : add ddr_ctrl_phy
2026-04-21 22:00:44,791 [INFO] IPUIPlugin:80 - create IPUIPlugin
2026-04-21 22:00:44,791 [INFO] PluginManager:220 - loadIPPluginJar : add comp
2026-04-21 22:00:44,792 [INFO] IPUIPlugin:80 - create IPUIPlugin
2026-04-21 22:00:44,792 [INFO] PluginManager:220 - loadIPPluginJar : add tracer_emb
2026-04-21 22:00:44,793 [INFO] IPUIPlugin:80 - create IPUIPlugin
2026-04-21 22:00:44,793 [INFO] PluginManager:220 - loadIPPluginJar : add openamp
2026-04-21 22:00:44,796 [INFO] IPUIPlugin:80 - create IPUIPlugin
2026-04-21 22:00:44,796 [INFO] PluginManager:220 - loadIPPluginJar : add stm32_wpan
2026-04-21 22:00:44,799 [INFO] IPUIPlugin:80 - create IPUIPlugin
2026-04-21 22:00:44,800 [INFO] PluginManager:220 - loadIPPluginJar : add plateformsettings
2026-04-21 22:00:44,801 [INFO] IPUIPlugin:80 - create IPUIPlugin
2026-04-21 22:00:44,802 [INFO] PluginManager:220 - loadIPPluginJar : add ipddr
2026-04-21 22:00:44,803 [INFO] IPUIPlugin:80 - create IPUIPlugin
2026-04-21 22:00:44,803 [INFO] PluginManager:220 - loadIPPluginJar : add usart
2026-04-21 22:00:44,803 [INFO] IPUIPlugin:80 - create IPUIPlugin
2026-04-21 22:00:44,803 [INFO] PluginManager:220 - loadIPPluginJar : add ltdc
2026-04-21 22:00:44,805 [INFO] IPUIPlugin:80 - create IPUIPlugin
2026-04-21 22:00:44,805 [INFO] PluginManager:220 - loadIPPluginJar : add nvic
2026-04-21 22:00:44,807 [INFO] IPUIPlugin:80 - create IPUIPlugin
2026-04-21 22:00:44,807 [INFO] PluginManager:220 - loadIPPluginJar : add fatfs
2026-04-21 22:00:44,810 [INFO] IPUIPlugin:80 - create IPUIPlugin
2026-04-21 22:00:44,810 [INFO] PluginManager:220 - loadIPPluginJar : add linkedlist
2026-04-21 22:00:44,813 [INFO] IPUIPlugin:80 - create IPUIPlugin
2026-04-21 22:00:44,813 [INFO] PluginManager:220 - loadIPPluginJar : add dma
2026-04-21 22:00:44,814 [INFO] IPUIPlugin:80 - create IPUIPlugin
2026-04-21 22:00:44,814 [INFO] PluginManager:220 - loadIPPluginJar : add fmc
2026-04-21 22:00:44,815 [INFO] IPUIPlugin:80 - create IPUIPlugin
2026-04-21 22:00:44,815 [INFO] PluginManager:220 - loadIPPluginJar : add i2s
2026-04-21 22:00:44,816 [INFO] IPUIPlugin:80 - create IPUIPlugin
2026-04-21 22:00:44,816 [INFO] PluginManager:220 - loadIPPluginJar : add ucpd
2026-04-21 22:00:44,817 [INFO] IPUIPlugin:80 - create IPUIPlugin
2026-04-21 22:00:44,817 [INFO] PluginManager:220 - loadIPPluginJar : add lorawan
2026-04-21 22:00:44,818 [INFO] IPUIPlugin:80 - create IPUIPlugin
2026-04-21 22:00:44,818 [INFO] PluginManager:220 - loadIPPluginJar : add opamp
2026-04-21 22:00:44,820 [INFO] IPUIPlugin:80 - create IPUIPlugin
2026-04-21 22:00:44,820 [INFO] PluginManager:220 - loadIPPluginJar : add i3c
2026-04-21 22:00:44,821 [INFO] IPUIPlugin:80 - create IPUIPlugin
2026-04-21 22:00:44,821 [INFO] PluginManager:220 - loadIPPluginJar : add touchsensing
2026-04-21 22:00:44,823 [INFO] IPUIPlugin:80 - create IPUIPlugin
2026-04-21 22:00:44,823 [INFO] PluginManager:220 - loadIPPluginJar : add i2c
2026-04-21 22:00:44,825 [INFO] IPUIPlugin:80 - create IPUIPlugin
2026-04-21 22:00:44,825 [INFO] PluginManager:220 - loadIPPluginJar : add resmgrutility
2026-04-21 22:00:44,826 [INFO] IPUIPlugin:80 - create IPUIPlugin
2026-04-21 22:00:44,826 [INFO] PluginManager:220 - loadIPPluginJar : add sai
2026-04-21 22:00:44,827 [INFO] IPUIPlugin:80 - create IPUIPlugin
2026-04-21 22:00:44,828 [INFO] PluginManager:220 - loadIPPluginJar : add usbx
2026-04-21 22:00:44,938 [FATAL] Updater:351 - Updater called before beeing initialized
2026-04-21 22:00:44,981 [INFO] RulesReader:64 - Compatibility file has been processed (317 Rules)
2026-04-21 22:00:44,992 [INFO] RulesReader:64 - Compatibility file has been processed (317 Rules)
2026-04-21 22:00:44,998 [INFO] CADModel:165 - CPN selected for project level
2026-04-21 22:00:44,998 [INFO] CADModel:114 - Register for checkConnection events
2026-04-21 22:00:44,998 [FATAL] Updater:351 - Updater called before beeing initialized
2026-04-21 22:00:44,998 [ERROR] CADModel:125 - Updater not yet initialized, retry later 
2026-04-21 22:00:45,181 [FATAL] Updater:351 - Updater called before beeing initialized
2026-04-21 22:00:45,182 [INFO] CADModel:165 - CPN selected for project level
2026-04-21 22:00:45,182 [INFO] CADModel:114 - Register for checkConnection events
2026-04-21 22:00:45,182 [FATAL] Updater:351 - Updater called before beeing initialized
2026-04-21 22:00:45,182 [ERROR] CADModel:125 - Updater not yet initialized, retry later 
2026-04-21 22:00:45,184 [FATAL] Updater:351 - Updater called before beeing initialized
2026-04-21 22:00:45,332 [FATAL] Updater:351 - Updater called before beeing initialized
2026-04-21 22:00:45,336 [INFO] DbMcusAds:53 - JSON generation date=Thu Sep 30 12:25:09 IST 2021 (1632984909247)
2026-04-21 22:00:45,336 [FATAL] Updater:351 - Updater called before beeing initialized
2026-04-21 22:00:45,387 [WARN] DetailPanel:346 - Failed to get advertising image, set to default
2026-04-21 22:00:45,455 [FATAL] Updater:351 - Updater called before beeing initialized
2026-04-21 22:00:45,456 [FATAL] Updater:351 - Updater called before beeing initialized
2026-04-21 22:00:45,456 [FATAL] Updater:351 - Updater called before beeing initialized
2026-04-21 22:00:45,456 [WARN] DetailPanel:346 - Failed to get advertising image, set to default
2026-04-21 22:00:45,459 [FATAL] Updater:351 - Updater called before beeing initialized
2026-04-21 22:00:45,499 [ERROR] Updater:1198 - MainUpdater not yet initialized. External WinMGr cannot be set.
2026-04-21 22:00:45,501 [INFO] Updater:1134 - Updater Version found : 6.15.0
2026-04-21 22:00:45,511 [INFO] ApplicationProperties:184 - Using Application install path: /Applications/STM32CubeIDE.app/Contents/Eclipse/plugins/com.st.stm32cube.common.mx_6.15.0.202507011659
2026-04-21 22:00:45,778 [INFO] MainUpdater:2872 - connection check result : 22
2026-04-21 22:00:45,778 [INFO] MainUpdater:289 - Updater Check For Update Now.
2026-04-21 22:00:45,778 [INFO] MicroXplorer:498 - Change Database Version : DB.6.0.150
2026-04-21 22:00:45,783 [INFO] McuFinderGlobals:63 - Set McuFinder mode to 2 (CubeIDE integrated)
2026-04-21 22:00:45,784 [INFO] UserAuth:171 - activating auth plugin
2026-04-21 22:00:45,796 [INFO] UserAuth:487 - Internet connection configuration mode: 2
2026-04-21 22:00:45,821 [INFO] UserAuth:487 - Internet connection configuration mode: 2
2026-04-21 22:00:46,049 [INFO] CheckServerUpdateThread:120 - End of CheckServer Thread
2026-04-21 22:00:47,429 [INFO] ThirdParty:978 - Integrity check success = true
2026-04-21 22:00:47,429 [INFO] IntegrityCheckThread:100 - exiting critical section [integrity check]
2026-04-21 22:00:47,429 [INFO] IntegrityCheckThread:103 - End integrity checks thread
2026-04-21 23:12:11,692 [ERROR] ConfigurationRetriever:142 - IOException on connection: PKIX path building failed: sun.security.provider.certpath.SunCertPathBuilderException: unable to find valid certification path to requested target
2026-04-21 23:12:11,750 [ERROR] ConfigurationRetriever:142 - IOException on connection: PKIX path building failed: sun.security.provider.certpath.SunCertPathBuilderException: unable to find valid certification path to requested target
2026-04-21 23:12:11,800 [ERROR] ConfigurationRetriever:142 - IOException on connection: PKIX path building failed: sun.security.provider.certpath.SunCertPathBuilderException: unable to find valid certification path to requested target
2026-04-21 23:38:43,042 [ERROR] ConfigurationRetriever:142 - IOException on connection: PKIX path building failed: sun.security.provider.certpath.SunCertPathBuilderException: unable to find valid certification path to requested target
2026-04-21 23:38:43,092 [ERROR] ConfigurationRetriever:142 - IOException on connection: PKIX path building failed: sun.security.provider.certpath.SunCertPathBuilderException: unable to find valid certification path to requested target
2026-04-21 23:38:43,141 [ERROR] ConfigurationRetriever:142 - IOException on connection: PKIX path building failed: sun.security.provider.certpath.SunCertPathBuilderException: unable to find valid certification path to requested target
2026-04-21 23:47:42,479 [ERROR] ConfigurationRetriever:142 - IOException on connection: PKIX path building failed: sun.security.provider.certpath.SunCertPathBuilderException: unable to find valid certification path to requested target
2026-04-21 23:47:42,533 [ERROR] ConfigurationRetriever:142 - IOException on connection: PKIX path building failed: sun.security.provider.certpath.SunCertPathBuilderException: unable to find valid certification path to requested target
2026-04-21 23:47:42,585 [ERROR] ConfigurationRetriever:142 - IOException on connection: PKIX path building failed: sun.security.provider.certpath.SunCertPathBuilderException: unable to find valid certification path to requested target
